Well_ID,Date,Oil_Rate,Gas_Rate,GOR,Water_Cut,Pressure,Temperature,Choke_Position,Vibration,Motor_Current,Pump_Status
WELL-01,2026-06-27T01:00,330.7,334.52,1011.56,20.85,2154.74,82.47,52.1,1.24,45.53,0
WELL-01,2026-06-27T02:00,331.76,325.18,980.17,22.02,2167.79,82.42,55.1,1.27,47.29,0
WELL-01,2026-06-27T03:00,307.91,324.22,1052.98,21.63,2218.22,86.13,57.6,1.35,48.65,0
WELL-01,2026-06-27T04:00,338.35,334.88,989.75,21.08,2122.94,84.77,54.3,1.37,46.73,0
WELL-01,2026-06-27T05:00,319.03,322.17,1009.84,22.31,2151.48,84.89,53.1,1.11,46.05,0
WELL-01,2026-06-27T06:00,315.81,329.64,1043.79,21.02,2218.94,82.47,56.2,1.31,46.75,0
WELL-01,2026-06-27T07:00,317.78,324.41,1020.87,22.11,2159.71,87.18,53.3,1.24,45.71,0
WELL-01,2026-06-27T08:00,317.89,341.66,1074.8,22.37,2114.56,84.97,54.9,1.24,48.47,0
WELL-01,2026-06-27T09:00,320.61,315.49,984.03,22.52,2251.35,83.16,58.2,1.09,47.97,0
WELL-01,2026-06-27T10:00,311.07,300.91,967.34,20.68,2178.83,85.51,56.9,1.1,49.78,0
WELL-01,2026-06-27T11:00,312.09,318.16,1019.45,21.71,2271.75,86.9,56.2,1.3,46.79,0
WELL-01,2026-06-27T12:00,323.71,324.42,1002.2,20.72,2232.17,82.98,51.3,1.15,47.33,0
WELL-01,2026-06-27T13:00,323.21,347.67,1075.67,21.11,2172.16,85.18,54.4,1.21,47.34,0
WELL-01,2026-06-27T14:00,314.39,327.8,1042.64,22.29,2147.37,87.14,57.1,1.13,45.72,0
WELL-01,2026-06-27T15:00,335.13,339.47,1012.95,22.09,2163.19,84.31,59.8,1.22,48.52,0
WELL-01,2026-06-27T16:00,316.06,315.09,996.95,21.76,2251.46,84.58,57.9,1.11,46.88,0
WELL-01,2026-06-27T17:00,331.58,319.61,963.92,21.5,2238.33,86.83,52.2,1.16,50.46,0
WELL-01,2026-06-27T18:00,323.5,329.65,1019.01,21.61,2131.33,83.06,54.4,1.18,49.97,0
WELL-01,2026-06-27T19:00,322.73,313.3,970.77,22.38,2275.47,83.3,51.5,1.19,47.8,0
WELL-01,2026-06-27T20:00,324.83,346.33,1066.2,20.88,2111.38,83.18,57.6,1.29,46.55,0
WELL-01,2026-06-27T21:00,330.32,353.18,1069.19,21.59,2216.75,84.62,56.9,1.14,46.3,0
WELL-01,2026-06-27T22:00,328.36,352.9,1074.76,22.11,2234.85,83.9,53.0,1.14,47.59,0
WELL-01,2026-06-27T23:00,330.97,317.67,959.82,21.59,2182.21,84.58,54.6,1.22,45.1,0
WELL-01,2026-06-28T00:00,327.31,323.5,988.38,21.09,2231.34,85.32,57.3,1.1,45.24,0
WELL-01,2026-06-28T01:00,332.89,324.1,973.58,22.07,2194.09,85.53,56.7,1.21,47.66,0
WELL-01,2026-06-28T02:00,335.08,324.16,967.41,20.67,2232.35,85.22,59.6,1.26,47.53,0
WELL-01,2026-06-28T03:00,308.01,303.8,986.31,21.55,2168.31,85.05,56.7,1.22,45.23,0
WELL-01,2026-06-28T04:00,337.89,364.94,1080.06,22.59,2149.34,83.13,57.3,1.18,48.06,0
WELL-01,2026-06-28T05:00,309.73,328.44,1060.4,20.99,2258.02,83.48,56.9,1.09,47.36,0
WELL-01,2026-06-28T06:00,321.48,331.84,1032.24,22.58,2203.26,86.98,59.0,1.17,47.31,0
WELL-01,2026-06-28T07:00,317.56,332.04,1045.57,21.88,2224.61,85.45,58.8,1.31,47.27,0
WELL-01,2026-06-28T08:00,315.1,331.01,1050.5,21.06,2223.97,82.45,56.6,1.17,50.54,0
WELL-01,2026-06-28T09:00,335.63,322.31,960.31,22.29,2240.58,82.92,59.2,1.33,47.07,0
WELL-01,2026-06-28T10:00,329.79,343.06,1040.23,21.89,2180.2,83.43,53.3,1.14,46.81,0
WELL-01,2026-06-28T11:00,328.83,321.25,976.96,22.5,2201.25,83.53,55.8,1.25,47.5,0
WELL-01,2026-06-28T12:00,325.95,344.8,1057.84,21.13,2189.65,86.82,52.9,1.29,47.06,0
WELL-01,2026-06-28T13:00,317.78,314.39,989.35,21.62,2177.59,85.81,58.8,1.34,45.67,0
WELL-01,2026-06-28T14:00,334.43,358.49,1071.95,20.63,2114.24,84.64,53.6,1.21,48.78,0
WELL-01,2026-06-28T15:00,313.57,303.51,967.91,22.47,2198.8,86.26,51.8,1.21,45.66,0
WELL-01,2026-06-28T16:00,309.17,321.29,1039.18,21.94,2151.97,83.52,53.7,1.29,46.91,0
WELL-01,2026-06-28T17:00,310.31,324.23,1044.87,22.45,2264.93,86.49,51.9,1.27,50.25,0
WELL-01,2026-06-28T18:00,329.46,335.03,1016.91,20.71,2126.04,84.29,55.8,1.22,45.15,0
WELL-01,2026-06-28T19:00,315.62,308.27,976.71,22.27,2227.51,86.65,57.6,1.34,49.71,0
WELL-01,2026-06-28T20:00,322.78,311.07,963.7,21.44,2139.21,83.71,55.7,1.18,47.4,0
WELL-01,2026-06-28T21:00,309.13,325.01,1051.38,21.85,2120.79,85.5,56.0,1.26,46.15,0
WELL-01,2026-06-28T22:00,319.02,317.93,996.58,21.2,2223.98,85.26,57.9,1.19,47.18,0
WELL-01,2026-06-28T23:00,317.0,328.75,1037.07,22.15,2263.4,83.59,59.2,1.13,49.62,0
WELL-01,2026-06-29T00:00,330.32,349.5,1058.07,21.36,2188.91,85.2,58.6,1.24,46.87,0
WELL-01,2026-06-29T01:00,307.19,297.95,969.91,21.6,2147.64,83.95,59.8,1.08,46.34,0
WELL-01,2026-06-29T02:00,311.09,335.26,1077.7,21.4,2155.65,85.98,58.5,1.2,49.1,0
WELL-01,2026-06-29T03:00,311.17,325.82,1047.07,21.44,2261.75,86.41,59.5,1.21,49.29,0
WELL-01,2026-06-29T04:00,328.97,340.44,1034.86,21.78,2136.75,82.78,59.7,1.23,49.56,0
WELL-01,2026-06-29T05:00,315.53,314.43,996.51,21.68,2262.09,84.47,55.0,1.09,47.15,0
WELL-01,2026-06-29T06:00,313.07,304.74,973.38,21.92,2269.04,86.94,54.3,1.09,47.16,0
WELL-01,2026-06-29T07:00,332.44,339.28,1020.56,21.32,2254.81,84.82,55.0,1.19,50.42,0
WELL-01,2026-06-29T08:00,316.23,340.33,1076.22,21.13,2111.24,85.33,54.9,1.11,45.65,0
WELL-01,2026-06-29T09:00,310.91,307.03,987.52,22.24,2232.66,84.9,55.2,1.36,49.2,0
WELL-01,2026-06-29T10:00,320.92,317.28,988.67,22.34,2264.4,86.06,52.1,1.27,50.21,0
WELL-01,2026-06-29T11:00,338.98,333.31,983.26,22.17,2237.52,85.72,51.9,1.3,46.79,0
WELL-01,2026-06-29T12:00,326.42,340.65,1043.59,21.04,2163.27,87.01,56.7,1.27,46.18,0
WELL-01,2026-06-29T13:00,326.09,325.86,999.3,20.62,2265.71,85.35,57.7,1.37,48.44,0
WELL-01,2026-06-29T14:00,317.54,327.04,1029.91,21.15,2123.77,82.82,54.6,1.12,47.44,0
WELL-01,2026-06-29T15:00,333.39,338.51,1015.38,21.07,2165.29,84.73,56.2,1.15,48.18,0
WELL-01,2026-06-29T16:00,336.68,359.49,1067.73,22.5,2138.27,85.44,56.7,1.37,45.14,0
WELL-01,2026-06-29T17:00,328.49,353.07,1074.82,22.51,2108.42,82.61,56.9,1.3,45.16,0
WELL-01,2026-06-29T18:00,323.61,341.56,1055.48,21.66,2112.96,85.94,53.2,1.23,45.85,0
WELL-01,2026-06-29T19:00,307.96,313.71,1018.68,20.63,2262.75,84.96,57.0,1.24,49.69,0
WELL-01,2026-06-29T20:00,323.94,349.9,1080.14,21.52,2249.97,85.98,56.2,1.26,47.4,0
WELL-01,2026-06-29T21:00,336.21,337.27,1003.17,21.87,2133.11,85.58,53.6,1.13,45.2,0
WELL-01,2026-06-29T22:00,312.25,324.74,1039.98,21.65,2178.86,85.01,52.4,1.27,49.59,0
WELL-01,2026-06-29T23:00,313.22,302.71,966.45,21.09,2229.34,85.47,54.7,1.27,46.33,0
WELL-01,2026-06-30T00:00,328.01,337.69,1029.52,22.33,2142.69,86.7,51.8,1.14,46.15,0
WELL-01,2026-06-30T01:00,323.29,339.07,1048.81,21.24,2195.43,83.74,52.6,1.26,49.2,0
WELL-01,2026-06-30T02:00,312.27,328.65,1052.45,20.73,2190.53,87.23,54.2,1.15,46.75,0
WELL-01,2026-06-30T03:00,338.64,325.9,962.37,22.35,2173.71,84.95,59.4,1.26,44.97,0
WELL-01,2026-06-30T04:00,338.06,354.87,1049.72,20.77,2158.46,82.8,57.2,1.16,48.84,0
WELL-01,2026-06-30T05:00,317.28,323.2,1018.65,22.1,2181.62,87.06,53.4,1.19,46.25,0
WELL-01,2026-06-30T06:00,316.91,326.02,1028.76,22.26,2200.97,82.51,55.2,1.28,45.81,0
WELL-01,2026-06-30T07:00,324.02,329.43,1016.68,21.48,2245.18,83.32,57.2,1.18,48.43,0
WELL-01,2026-06-30T08:00,332.09,330.06,993.89,22.26,2215.68,84.69,58.7,1.09,50.09,0
WELL-01,2026-06-30T09:00,329.04,331.13,1006.35,21.44,2189.41,86.14,54.7,1.11,45.45,0
WELL-01,2026-06-30T10:00,319.75,326.44,1020.92,21.31,2140.44,84.33,59.8,1.26,49.19,0
WELL-01,2026-06-30T11:00,326.16,346.94,1063.69,20.85,2121.38,86.91,55.0,1.22,47.98,0
WELL-01,2026-06-30T12:00,319.25,319.86,1001.93,21.77,2118.91,87.12,54.5,1.2,50.4,0
WELL-01,2026-06-30T13:00,317.15,306.19,965.46,22.62,2148.59,84.54,58.1,1.26,46.79,0
WELL-01,2026-06-30T14:00,322.93,328.99,1018.78,20.91,2117.74,84.5,51.9,1.26,47.6,0
WELL-01,2026-06-30T15:00,330.47,336.54,1018.36,21.39,2256.41,82.55,59.6,1.32,46.85,0
WELL-01,2026-06-30T16:00,325.13,335.23,1031.05,21.72,2201.8,83.6,58.7,1.32,45.6,0
WELL-01,2026-06-30T17:00,317.93,340.39,1070.63,20.72,2253.46,84.7,56.6,1.31,46.75,0
WELL-01,2026-06-30T18:00,316.98,340.94,1075.58,20.96,2160.44,84.45,52.6,1.25,47.85,0
WELL-01,2026-06-30T19:00,333.98,358.81,1074.34,21.5,2204.91,84.1,58.7,1.36,50.65,0
WELL-01,2026-06-30T20:00,320.97,345.22,1075.56,21.14,2208.25,82.38,57.4,1.12,47.55,0
WELL-01,2026-06-30T21:00,328.14,353.04,1075.86,22.2,2242.45,83.18,51.8,1.21,49.98,0
WELL-01,2026-06-30T22:00,338.75,361.59,1067.42,21.81,2218.92,86.15,59.3,1.15,49.69,0
WELL-01,2026-06-30T23:00,319.18,309.6,969.98,21.06,2225.97,83.2,51.7,1.37,48.75,0
WELL-01,2026-07-01T00:00,330.12,356.7,1080.52,22.54,2175.67,83.41,52.4,1.27,48.13,0
WELL-01,2026-07-01T01:00,314.15,303.9,967.39,21.89,2143.22,83.49,58.1,1.11,46.98,0
WELL-01,2026-07-01T02:00,317.13,311.35,981.77,21.33,2263.26,85.76,59.2,1.24,46.97,0
WELL-01,2026-07-01T03:00,324.39,334.22,1030.3,21.21,2131.19,82.53,55.2,1.24,49.24,0
WELL-01,2026-07-01T04:00,313.6,317.52,1012.48,21.18,2110.08,82.89,55.2,1.2,45.58,0
WELL-01,2026-07-01T05:00,335.01,335.71,1002.1,22.06,2157.18,86.13,58.5,1.14,46.41,0
WELL-01,2026-07-01T06:00,335.53,324.13,966.03,22.12,2242.75,86.0,57.3,1.22,48.44,0
WELL-01,2026-07-01T07:00,329.63,336.2,1019.94,21.34,2145.39,85.34,57.1,1.29,46.18,0
WELL-01,2026-07-01T08:00,328.51,350.84,1067.97,21.8,2124.52,82.29,53.2,1.24,46.62,0
WELL-01,2026-07-01T09:00,335.6,353.84,1054.34,22.12,2245.62,84.73,53.4,1.15,47.71,0
WELL-01,2026-07-01T10:00,312.38,302.84,969.47,21.89,2206.53,82.79,54.9,1.15,47.87,0
WELL-01,2026-07-01T11:00,333.88,340.58,1020.06,22.22,2105.78,82.86,56.2,1.15,48.25,0
WELL-01,2026-07-01T12:00,319.3,325.36,1018.97,21.29,2153.05,83.77,55.6,1.09,46.14,0
WELL-01,2026-07-01T13:00,338.17,338.84,1001.98,21.38,2198.39,84.88,51.3,1.33,49.72,0
WELL-01,2026-07-01T14:00,313.55,311.03,991.95,21.04,2121.05,86.34,55.7,1.13,46.08,0
WELL-01,2026-07-01T15:00,314.52,331.07,1052.62,20.97,2159.05,84.27,53.0,1.34,50.2,0
WELL-01,2026-07-01T16:00,335.59,356.3,1061.73,20.93,2224.93,85.16,57.9,1.36,50.18,0
WELL-01,2026-07-01T17:00,319.35,312.39,978.21,21.01,2251.04,85.35,55.4,1.17,48.1,0
WELL-01,2026-07-01T18:00,334.34,340.42,1018.18,20.79,2148.66,83.56,53.9,1.1,46.79,0
WELL-01,2026-07-01T19:00,315.32,306.83,973.09,22.11,2162.53,84.99,59.1,1.32,46.27,0
WELL-01,2026-07-01T20:00,309.55,315.6,1019.53,22.6,2123.46,84.14,56.5,1.28,49.76,0
WELL-01,2026-07-01T21:00,308.87,329.94,1068.23,21.22,2136.8,87.14,55.9,1.35,48.04,0
WELL-01,2026-07-01T22:00,324.91,340.6,1048.29,21.63,2119.69,85.34,59.7,1.32,47.26,0
WELL-01,2026-07-01T23:00,321.29,339.02,1055.21,22.0,2240.49,83.37,51.7,1.11,49.96,0
WELL-01,2026-07-02T00:00,337.58,332.45,984.8,22.14,2115.42,84.61,51.5,1.2,45.72,0
WELL-01,2026-07-02T01:00,331.28,331.85,1001.72,22.34,2213.31,86.47,56.5,1.33,50.56,0
WELL-01,2026-07-02T02:00,313.88,312.13,994.41,20.97,2176.52,83.92,52.3,1.15,45.16,0
WELL-01,2026-07-02T03:00,332.86,342.89,1030.15,20.87,2151.81,83.29,52.1,1.15,47.67,0
WELL-01,2026-07-02T04:00,317.19,311.9,983.32,21.03,2227.6,86.12,52.3,1.23,48.25,0
WELL-01,2026-07-02T05:00,324.19,323.25,997.08,21.47,2175.33,86.36,54.8,1.33,48.27,0
WELL-01,2026-07-02T06:00,311.46,302.77,972.1,21.31,2193.25,86.56,53.5,1.18,44.94,0
WELL-01,2026-07-02T07:00,335.08,322.51,962.5,22.02,2124.89,85.61,51.1,1.15,47.29,0
WELL-01,2026-07-02T08:00,311.11,325.97,1047.76,21.98,2254.49,85.37,53.4,1.14,46.82,0
WELL-01,2026-07-02T09:00,318.91,311.43,976.56,20.97,2127.93,85.27,59.1,1.25,48.51,0
WELL-01,2026-07-02T10:00,312.92,306.57,979.72,22.56,2119.21,86.21,53.6,1.22,46.09,0
WELL-01,2026-07-02T11:00,317.49,330.83,1042.01,22.27,2250.74,82.4,58.8,1.29,46.3,0
WELL-01,2026-07-02T12:00,324.32,333.59,1028.58,20.6,2196.81,82.33,55.5,1.12,45.06,0
WELL-01,2026-07-02T13:00,329.3,342.6,1040.38,20.53,2247.62,86.03,58.1,1.09,46.09,0
WELL-01,2026-07-02T14:00,320.63,336.96,1050.94,21.51,2205.07,84.4,55.3,1.08,47.54,0
WELL-01,2026-07-02T15:00,325.37,345.08,1060.59,22.39,2167.78,82.73,59.8,1.27,49.52,0
WELL-01,2026-07-02T16:00,333.86,338.92,1015.18,20.59,2185.31,83.32,58.1,1.29,49.89,0
WELL-01,2026-07-02T17:00,336.32,327.76,974.53,20.67,2122.2,85.54,51.3,1.2,45.64,0
WELL-01,2026-07-02T18:00,323.96,344.03,1061.95,22.49,2229.46,86.42,57.2,1.12,45.38,0
WELL-01,2026-07-02T19:00,314.73,331.75,1054.08,20.69,2224.41,82.68,55.5,1.1,47.02,0
WELL-01,2026-07-02T20:00,308.79,312.47,1011.91,21.3,2127.64,84.03,56.8,1.27,46.23,0
WELL-01,2026-07-02T21:00,315.16,302.55,959.97,21.75,2159.64,84.89,56.4,1.36,48.82,0
WELL-01,2026-07-02T22:00,331.11,341.31,1030.82,21.75,2103.48,85.57,59.0,1.33,48.46,0
WELL-01,2026-07-02T23:00,311.3,317.33,1019.38,21.14,2267.02,84.01,55.4,1.34,49.68,0
WELL-01,2026-07-03T00:00,315.41,337.75,1070.82,22.04,2128.57,84.63,57.8,1.19,45.16,0
WELL-01,2026-07-03T01:00,312.17,336.48,1077.86,21.96,2147.05,85.7,56.0,1.29,47.98,0
WELL-01,2026-07-03T02:00,328.96,352.01,1070.06,22.41,2198.44,86.69,55.3,1.14,45.46,0
WELL-01,2026-07-03T03:00,330.83,349.03,1055.01,22.48,2189.75,84.03,53.4,1.37,49.66,0
WELL-01,2026-07-03T04:00,333.33,345.95,1037.85,20.93,2263.15,82.79,58.2,1.09,49.15,0
WELL-01,2026-07-03T05:00,339.22,356.56,1051.09,21.11,2151.51,82.28,59.5,1.26,48.22,0
WELL-01,2026-07-03T06:00,312.28,333.59,1068.22,21.47,2147.23,87.11,53.7,1.23,45.18,0
WELL-01,2026-07-03T07:00,326.54,340.9,1043.97,22.12,2189.75,84.09,53.8,1.16,47.21,0
WELL-01,2026-07-03T08:00,327.29,340.31,1039.78,21.91,2190.04,84.5,53.7,1.18,45.71,0
WELL-01,2026-07-03T09:00,315.79,321.54,1018.2,21.2,2233.34,86.99,51.2,1.2,48.48,0
WELL-01,2026-07-03T10:00,307.61,295.52,960.68,21.26,2115.51,86.38,56.1,1.25,45.33,0
WELL-01,2026-07-03T11:00,329.53,344.79,1046.31,21.58,2160.82,84.92,58.7,1.28,45.95,0
WELL-01,2026-07-03T12:00,316.83,337.84,1066.31,21.62,2105.39,82.38,51.7,1.18,45.3,0
WELL-01,2026-07-03T13:00,326.8,330.52,1011.37,20.51,2266.33,84.38,52.6,1.21,49.37,0
WELL-01,2026-07-03T14:00,315.78,303.94,962.49,22.41,2137.4,82.73,59.2,1.34,46.31,0
WELL-01,2026-07-03T15:00,333.43,331.46,994.09,22.23,2253.32,86.36,52.0,1.17,46.39,0
WELL-01,2026-07-03T16:00,337.96,335.2,991.83,21.65,2219.87,82.91,53.3,1.36,49.23,0
WELL-01,2026-07-03T17:00,320.9,329.31,1026.2,21.51,2243.74,84.08,57.1,1.12,49.56,0
WELL-01,2026-07-03T18:00,333.92,357.83,1071.59,21.51,2115.19,86.31,57.7,1.26,47.16,0
WELL-01,2026-07-03T19:00,336.15,335.77,998.88,21.37,2218.83,83.37,57.3,1.3,45.74,0
WELL-01,2026-07-03T20:00,336.21,340.61,1013.1,21.11,2136.08,85.69,51.0,1.24,46.3,0
WELL-01,2026-07-03T21:00,336.22,363.62,1081.48,22.44,2161.29,82.36,53.6,1.26,46.66,0
WELL-01,2026-07-03T22:00,312.02,315.02,1009.62,22.05,2208.53,82.4,57.8,1.26,49.64,0
WELL-01,2026-07-03T23:00,323.5,338.41,1046.09,21.09,2212.56,86.33,55.7,1.31,45.98,0
WELL-01,2026-07-04T00:00,338.62,349.23,1031.34,21.1,2185.04,86.81,52.8,1.19,48.16,0
WELL-01,2026-07-04T01:00,308.31,322.19,1045.04,20.58,2162.98,83.14,53.3,1.15,49.7,0
WELL-01,2026-07-04T02:00,307.82,321.12,1043.24,21.86,2212.68,83.01,56.9,1.32,45.98,0
WELL-01,2026-07-04T03:00,331.14,357.02,1078.14,21.74,2214.34,84.55,58.3,1.15,47.45,0
WELL-01,2026-07-04T04:00,327.06,318.96,975.25,20.91,2121.15,87.14,56.8,1.28,47.32,0
WELL-01,2026-07-04T05:00,333.97,333.22,997.76,20.73,2187.55,83.82,54.9,1.17,50.57,0
WELL-01,2026-07-04T06:00,326.04,350.6,1075.35,22.25,2255.89,83.62,55.3,1.13,45.73,0
WELL-01,2026-07-04T07:00,319.29,315.8,989.07,22.64,2196.04,85.97,52.2,1.27,49.27,0
WELL-01,2026-07-04T08:00,324.68,326.14,1004.48,21.41,2145.65,86.72,55.6,1.29,49.32,0
WELL-01,2026-07-04T09:00,335.3,324.33,967.28,22.43,2258.11,83.06,57.7,1.08,49.15,0
WELL-01,2026-07-04T10:00,328.19,348.89,1063.08,21.21,2198.06,84.38,53.8,1.22,49.7,0
WELL-01,2026-07-04T11:00,316.98,308.82,974.26,20.7,2195.71,84.32,54.6,1.1,47.13,0
WELL-01,2026-07-04T12:00,322.47,320.1,992.66,20.93,2223.05,86.83,53.1,1.18,48.67,0
WELL-01,2026-07-04T13:00,325.8,338.92,1040.26,21.66,2254.17,84.52,53.2,1.13,49.59,0
WELL-01,2026-07-04T14:00,319.49,334.14,1045.85,20.51,2197.82,85.25,54.4,1.2,48.75,0
WELL-01,2026-07-04T15:00,319.58,344.01,1076.44,22.62,2147.33,86.66,53.1,1.16,47.27,0
WELL-01,2026-07-04T16:00,310.75,303.96,978.17,22.36,2257.84,83.08,51.5,1.36,46.8,0
WELL-01,2026-07-04T17:00,314.32,314.48,1000.52,20.75,2205.62,82.38,51.9,1.31,48.58,0
WELL-01,2026-07-04T18:00,331.02,346.39,1046.44,21.54,2239.83,86.38,52.6,1.37,49.5,0
WELL-01,2026-07-04T19:00,317.06,314.77,992.75,22.54,2240.0,82.35,57.6,1.23,47.96,0
WELL-01,2026-07-04T20:00,338.54,349.48,1032.32,21.28,2245.74,86.17,53.6,1.36,47.28,0
WELL-01,2026-07-04T21:00,326.0,326.62,1001.89,20.99,2159.11,84.41,53.5,1.32,50.55,0
WELL-01,2026-07-04T22:00,312.74,331.1,1058.7,21.7,2119.54,83.7,52.2,1.21,50.56,0
WELL-01,2026-07-04T23:00,308.27,302.57,981.49,21.72,2148.54,82.37,56.3,1.16,47.3,0
WELL-01,2026-07-05T00:00,313.89,331.8,1057.07,21.87,2270.36,83.36,52.8,1.27,50.07,0
WELL-01,2026-07-05T01:00,334.12,347.66,1040.53,21.12,2120.06,83.14,55.3,1.12,45.82,0
WELL-01,2026-07-05T02:00,320.27,335.57,1047.77,22.61,2109.82,86.74,58.8,1.1,46.54,0
WELL-01,2026-07-05T03:00,318.43,342.38,1075.23,22.2,2210.15,87.13,51.3,1.29,47.73,0
WELL-01,2026-07-05T04:00,319.67,331.0,1035.44,21.42,2114.13,86.45,55.0,1.37,49.99,0
WELL-01,2026-07-05T05:00,327.92,344.17,1049.57,21.11,2168.91,83.1,59.6,1.36,50.11,0
WELL-01,2026-07-05T06:00,333.19,349.11,1047.78,22.58,2198.49,83.09,51.1,1.14,48.98,0
WELL-01,2026-07-05T07:00,329.1,355.03,1078.78,22.37,2120.1,86.2,54.9,1.11,47.07,0
WELL-01,2026-07-05T08:00,310.06,316.56,1020.94,21.06,2273.01,86.65,54.5,1.24,48.46,0
WELL-01,2026-07-05T09:00,316.7,332.27,1049.17,22.16,2261.43,86.13,59.8,1.21,46.64,0
WELL-01,2026-07-05T10:00,309.46,330.76,1068.86,20.82,2251.1,83.15,58.1,1.26,47.48,0
WELL-01,2026-07-05T11:00,326.02,329.83,1011.69,22.03,2221.33,85.63,53.0,1.13,49.51,0
WELL-01,2026-07-05T12:00,314.99,329.2,1045.11,20.59,2243.26,84.6,53.3,1.2,50.5,0
WELL-01,2026-07-05T13:00,331.95,334.22,1006.85,20.88,2126.19,85.39,54.9,1.12,50.32,0
WELL-01,2026-07-05T14:00,315.08,334.38,1061.27,21.38,2233.74,82.93,51.7,1.26,46.02,0
WELL-01,2026-07-05T15:00,311.34,307.01,986.1,21.33,2272.4,83.94,53.3,1.32,49.43,0
WELL-01,2026-07-05T16:00,319.29,317.01,992.86,20.81,2168.14,86.29,51.4,1.13,49.18,0
WELL-01,2026-07-05T17:00,323.4,321.76,994.91,22.42,2226.86,82.61,55.1,1.19,45.38,0
WELL-01,2026-07-05T18:00,329.13,336.72,1023.08,22.04,2163.75,84.31,52.9,1.25,49.15,0
WELL-01,2026-07-05T19:00,307.69,298.36,969.71,21.63,2190.01,82.38,55.0,1.34,48.94,0
WELL-01,2026-07-05T20:00,322.63,328.79,1019.09,22.19,2194.44,82.72,53.8,1.3,47.87,0
WELL-01,2026-07-05T21:00,317.99,328.61,1033.41,21.36,2173.31,83.62,56.7,1.19,45.47,0
WELL-01,2026-07-05T22:00,323.99,340.58,1051.2,22.45,2222.24,83.83,57.8,1.15,45.14,0
WELL-01,2026-07-05T23:00,331.88,326.89,984.98,22.44,2113.5,82.56,53.3,1.3,49.26,0
WELL-01,2026-07-06T00:00,337.93,349.78,1035.09,21.33,2191.6,86.67,56.1,1.09,45.7,0
WELL-01,2026-07-06T01:00,312.95,323.1,1032.42,21.28,2168.33,82.53,55.6,1.28,45.83,0
WELL-01,2026-07-06T02:00,313.01,302.25,965.62,21.59,2264.47,82.93,59.5,1.21,46.02,0
WELL-01,2026-07-06T03:00,317.54,311.43,980.76,21.2,2139.5,86.46,52.0,1.1,45.75,0
WELL-01,2026-07-06T04:00,315.86,337.92,1069.85,20.62,2176.7,83.16,54.1,1.21,45.48,0
WELL-01,2026-07-06T05:00,326.66,324.89,994.57,21.23,2256.55,87.07,56.7,1.34,48.89,0
WELL-01,2026-07-06T06:00,314.06,323.1,1028.78,20.9,2137.59,84.47,53.8,1.3,44.99,0
WELL-01,2026-07-06T07:00,337.8,349.62,1034.99,20.73,2225.71,83.01,55.3,1.11,47.69,0
WELL-01,2026-07-06T08:00,338.85,347.54,1025.65,22.14,2115.24,85.31,57.5,1.17,47.58,0
WELL-01,2026-07-06T09:00,324.58,313.94,967.22,22.42,2214.83,86.05,52.8,1.26,49.74,0
WELL-01,2026-07-06T10:00,336.46,360.45,1071.31,21.74,2234.64,86.19,55.3,1.31,50.11,0
WELL-01,2026-07-06T11:00,309.94,323.86,1044.89,21.36,2256.74,85.91,55.4,1.13,46.63,0
WELL-01,2026-07-06T12:00,329.5,327.87,995.03,22.25,2265.6,86.78,58.8,1.11,46.34,0
WELL-01,2026-07-06T13:00,314.43,324.36,1031.59,21.84,2202.17,84.18,56.7,1.23,46.05,0
WELL-01,2026-07-06T14:00,323.86,336.46,1038.89,22.21,2148.2,84.45,54.6,1.28,50.3,0
WELL-01,2026-07-06T15:00,327.33,329.23,1005.82,22.13,2119.72,85.54,56.1,1.21,45.92,0
WELL-01,2026-07-06T16:00,317.78,320.75,1009.35,21.74,2110.68,86.17,57.8,1.28,50.09,0
WELL-01,2026-07-06T17:00,310.43,316.24,1018.7,20.53,2105.77,86.72,53.4,1.27,46.72,0
WELL-01,2026-07-06T18:00,334.37,354.75,1060.96,20.71,2127.2,84.33,52.3,1.36,48.47,0
WELL-01,2026-07-06T19:00,338.27,350.46,1036.01,20.86,2194.17,85.06,54.1,1.09,46.91,0
WELL-01,2026-07-06T20:00,313.41,301.63,962.41,21.43,2148.11,85.28,53.3,1.18,50.29,0
WELL-01,2026-07-06T21:00,317.51,305.68,962.75,21.36,2259.95,85.27,52.9,1.08,48.27,0
WELL-01,2026-07-06T22:00,309.32,324.38,1048.69,21.64,2137.25,84.09,58.4,1.24,50.24,0
WELL-01,2026-07-06T23:00,328.1,318.96,972.15,21.22,2196.18,84.53,58.8,1.21,48.18,0
WELL-01,2026-07-07T00:00,329.32,327.71,995.1,21.93,2105.44,82.95,55.5,1.18,45.42,0
WELL-01,2026-07-07T01:00,324.22,328.06,1011.84,21.11,2242.75,84.33,54.8,1.08,46.33,0
WELL-01,2026-07-07T02:00,323.95,332.76,1027.19,22.29,2133.72,85.72,53.7,1.29,47.6,0
WELL-01,2026-07-07T03:00,311.05,319.49,1027.13,21.01,2108.64,85.44,58.7,1.35,47.54,0
WELL-01,2026-07-07T04:00,301.44,326.29,1082.45,21.63,2089.76,85.68,56.5,1.3,50.79,0
WELL-01,2026-07-07T05:00,304.3,295.16,969.96,21.64,2096.15,83.15,58.4,1.17,52.06,0
WELL-01,2026-07-07T06:00,306.09,318.89,1041.83,21.94,2086.09,85.2,52.8,1.42,51.88,0
WELL-01,2026-07-07T07:00,309.01,310.08,1003.46,21.33,2084.51,85.66,56.0,1.38,50.58,0
WELL-01,2026-07-07T08:00,319.95,341.36,1066.94,21.73,2050.1,84.23,51.8,1.49,51.77,0
WELL-01,2026-07-07T09:00,294.35,304.71,1035.19,22.1,2048.28,86.28,55.1,1.42,50.77,0
WELL-01,2026-07-07T10:00,304.94,322.65,1058.07,23.45,2092.74,87.29,57.9,1.69,53.76,0
WELL-01,2026-07-07T11:00,293.85,318.07,1082.43,22.75,2106.09,86.66,52.0,1.53,55.4,0
WELL-01,2026-07-07T12:00,293.48,311.84,1062.54,21.72,2036.81,84.8,56.4,1.66,53.42,0
WELL-01,2026-07-07T13:00,293.99,303.36,1031.86,22.45,2052.47,85.98,56.2,1.58,53.03,0
WELL-01,2026-07-07T14:00,281.64,299.7,1064.12,22.29,2008.15,85.08,55.8,1.9,57.56,0
WELL-01,2026-07-07T15:00,282.69,285.2,1008.89,23.82,2062.29,88.0,55.4,1.56,56.81,0
WELL-01,2026-07-07T16:00,276.0,307.25,1113.22,23.56,2033.78,88.47,56.7,1.98,53.16,0
WELL-01,2026-07-07T17:00,272.54,288.89,1059.98,22.39,2070.63,89.6,52.0,1.66,58.01,0
WELL-01,2026-07-07T18:00,270.99,281.42,1038.49,22.68,1989.66,87.65,55.5,2.12,58.53,0
WELL-01,2026-07-07T19:00,278.99,292.78,1049.4,24.1,1971.57,90.2,51.2,1.88,57.56,0
WELL-01,2026-07-07T20:00,269.22,296.24,1100.36,22.86,2077.88,89.3,50.3,2.15,55.19,0
WELL-01,2026-07-07T21:00,264.14,283.51,1073.32,22.84,2032.81,88.06,54.0,2.26,60.86,0
WELL-01,2026-07-07T22:00,266.7,275.5,1032.99,23.73,2077.78,91.05,50.3,2.2,60.17,0
WELL-01,2026-07-07T23:00,265.87,272.38,1024.51,25.01,1945.3,88.86,55.0,2.25,57.06,0
WELL-01,2026-07-08T00:00,255.45,286.92,1123.2,23.65,2041.48,89.23,55.4,2.08,61.24,0
WELL-01,2026-07-08T01:00,252.45,264.08,1046.08,23.62,1982.01,92.38,51.5,2.09,60.96,0
WELL-01,2026-07-08T02:00,264.38,299.05,1131.16,24.36,2037.55,92.55,54.3,2.32,65.66,0
WELL-01,2026-07-08T03:00,272.28,300.48,1103.55,24.39,1965.1,91.88,54.8,2.5,66.52,0
WELL-01,2026-07-08T04:00,254.74,289.46,1136.28,25.24,1959.87,88.6,48.4,2.35,62.0,0
WELL-01,2026-07-08T05:00,260.49,273.71,1050.75,24.24,1987.54,89.36,48.8,2.32,66.36,0
WELL-01,2026-07-08T06:00,254.38,280.47,1102.55,25.79,1955.19,90.4,50.2,2.5,63.44,0
WELL-01,2026-07-08T07:00,249.36,274.72,1101.69,24.4,1892.58,91.06,48.2,2.75,64.62,0
WELL-01,2026-07-08T08:00,235.77,261.43,1108.83,25.56,1982.86,94.32,50.8,2.94,63.79,0
WELL-01,2026-07-08T09:00,254.78,269.64,1058.31,26.31,1881.67,91.03,48.7,2.74,66.72,0
WELL-01,2026-07-08T10:00,254.92,297.37,1166.52,24.46,1934.85,89.52,48.3,2.51,69.65,0
WELL-01,2026-07-08T11:00,247.32,277.82,1123.32,25.78,1828.37,93.57,48.8,2.74,65.76,0
WELL-01,2026-07-08T12:00,237.79,271.53,1141.89,25.62,1832.07,94.65,46.2,2.73,70.23,0
WELL-01,2026-07-08T13:00,236.58,255.44,1079.73,26.66,1861.12,91.8,47.8,2.91,72.31,0
WELL-01,2026-07-08T14:00,228.75,248.17,1084.93,25.14,1870.11,93.63,50.2,3.17,73.24,0
WELL-01,2026-07-08T15:00,242.06,264.05,1090.86,25.21,1857.37,95.79,45.9,2.79,69.48,0
WELL-01,2026-07-08T16:00,234.42,264.79,1129.55,26.74,1854.64,92.42,45.5,3.45,76.41,0
WELL-01,2026-07-08T17:00,232.02,258.49,1114.06,26.79,1835.38,92.35,45.5,3.14,77.5,0
WELL-01,2026-07-08T18:00,215.11,238.01,1106.44,24.9,1768.23,94.09,50.5,3.5,70.38,0
WELL-01,2026-07-08T19:00,216.97,241.38,1112.5,25.25,1853.96,93.16,44.8,3.39,73.5,0
WELL-01,2026-07-08T20:00,209.96,234.48,1116.83,26.13,1851.42,94.1,47.0,3.93,79.47,0
WELL-01,2026-07-08T21:00,219.59,236.51,1077.08,26.38,1800.06,92.86,47.4,3.38,78.99,0
WELL-01,2026-07-08T22:00,219.6,242.46,1104.12,25.92,1751.05,93.05,49.7,3.98,82.21,0
WELL-01,2026-07-08T23:00,206.4,222.97,1080.26,26.42,1724.42,97.91,45.3,4.1,75.01,0
WELL-01,2026-07-09T00:00,206.62,233.0,1127.65,27.51,1813.53,97.49,49.0,4.17,84.0,0
WELL-01,2026-07-09T01:00,212.31,231.26,1089.26,26.47,1782.77,93.14,46.2,3.93,84.41,0
WELL-01,2026-07-09T02:00,204.41,228.01,1115.46,26.91,1756.06,98.07,48.8,4.21,78.7,0
WELL-01,2026-07-09T03:00,207.42,245.42,1183.21,26.98,1812.01,97.92,47.2,4.22,79.58,0
WELL-01,2026-07-09T04:00,204.48,233.82,1143.48,27.06,1788.57,98.59,49.0,3.76,81.44,0
WELL-01,2026-07-09T05:00,204.92,250.75,1223.66,26.13,1800.17,97.52,47.5,4.49,88.18,0
WELL-01,2026-07-09T06:00,189.51,215.85,1138.96,26.38,1775.29,97.75,44.2,4.63,80.52,0
WELL-01,2026-07-09T07:00,191.96,222.73,1160.25,27.51,1754.54,98.59,44.9,4.67,87.42,0
WELL-01,2026-07-09T08:00,188.03,223.19,1186.99,27.3,1744.64,95.66,43.7,4.65,84.2,0
WELL-01,2026-07-09T09:00,194.9,233.88,1200.0,29.06,1647.48,96.92,42.5,4.94,91.33,0
WELL-01,2026-07-09T10:00,178.43,219.35,1229.35,26.72,1724.4,99.1,48.5,4.07,88.3,0
WELL-01,2026-07-09T11:00,188.17,229.06,1217.29,28.79,1731.9,96.79,48.4,4.75,84.3,0
WELL-01,2026-07-09T12:00,185.35,219.71,1185.34,28.22,1660.58,96.71,43.3,5.07,93.8,0
WELL-01,2026-07-09T13:00,177.86,200.48,1127.2,28.06,1716.29,98.95,43.6,5.0,93.27,0
WELL-01,2026-07-09T14:00,169.78,212.51,1251.65,29.72,1666.72,101.02,42.3,4.81,94.19,1
WELL-01,2026-07-09T15:00,181.36,213.14,1175.21,29.58,1672.21,101.21,43.0,4.56,94.32,0
WELL-01,2026-07-09T16:00,172.36,215.99,1253.14,29.54,1681.06,98.68,43.1,5.01,92.35,0
WELL-01,2026-07-09T17:00,171.39,191.79,1118.99,29.17,1607.43,100.12,44.5,5.36,90.35,1
WELL-01,2026-07-09T18:00,168.05,201.53,1199.21,27.75,1604.2,97.23,43.7,4.93,98.02,0
WELL-01,2026-07-09T19:00,158.39,190.12,1200.31,28.09,1680.47,102.39,43.6,5.63,98.18,0
WELL-01,2026-07-09T20:00,155.79,185.48,1190.59,29.76,1672.16,98.73,44.4,5.03,90.84,0
WELL-01,2026-07-09T21:00,163.71,188.34,1150.44,27.89,1661.72,98.22,43.9,5.29,102.46,1
WELL-01,2026-07-09T22:00,154.89,182.3,1176.93,29.51,1594.81,102.6,45.3,5.23,93.37,0
WELL-01,2026-07-09T23:00,147.11,171.03,1162.59,30.55,1585.47,102.58,43.9,5.62,99.02,1
WELL-01,2026-07-10T00:00,157.01,191.1,1217.08,28.71,1562.71,103.88,42.2,5.4,102.26,0
WELL-01,2026-07-10T01:00,146.84,183.56,1250.09,29.88,1548.75,100.1,42.4,6.29,102.2,1
WELL-01,2026-07-10T02:00,141.5,162.84,1150.81,28.62,1535.51,103.32,43.4,5.09,101.75,1
WELL-01,2026-07-10T03:00,143.11,171.09,1195.53,28.69,1561.0,102.93,43.8,6.14,103.37,0
WELL-01,2026-07-10T04:00,142.13,164.45,1157.06,30.66,1555.86,99.91,44.4,5.41,103.22,1
WELL-01,2026-07-10T05:00,140.64,175.85,1250.36,30.53,1555.03,99.57,40.7,5.45,102.0,1
WELL-01,2026-07-10T06:00,137.69,164.38,1193.83,29.42,1489.41,103.58,42.2,6.1,103.2,0
WELL-01,2026-07-10T07:00,133.32,157.02,1177.8,29.22,1564.96,102.24,42.0,6.66,106.99,1
WELL-01,2026-07-10T08:00,132.19,158.42,1198.43,30.42,1540.04,103.27,44.9,5.87,108.22,1
WELL-01,2026-07-10T09:00,130.02,156.52,1203.85,31.89,1555.67,103.0,39.7,6.45,111.26,1
WELL-01,2026-07-10T10:00,131.03,156.47,1194.15,31.9,1474.16,101.77,42.9,6.01,109.5,1
WELL-01,2026-07-10T11:00,124.33,162.43,1306.4,32.24,1490.23,101.29,41.8,6.25,110.39,1
WELL-01,2026-07-10T12:00,123.69,160.98,1301.47,29.48,1461.39,104.55,38.8,6.04,107.22,1
WELL-01,2026-07-10T13:00,114.34,148.62,1299.78,32.43,1460.09,101.77,42.7,7.04,115.06,1
WELL-01,2026-07-10T14:00,115.3,146.46,1270.24,30.98,1413.53,105.15,40.6,6.2,117.39,1
WELL-01,2026-07-10T15:00,109.52,138.35,1263.26,32.41,1419.0,103.05,40.2,6.93,112.55,1
WELL-01,2026-07-10T16:00,112.27,135.65,1208.24,30.25,1423.68,105.28,41.1,7.25,117.41,1
WELL-01,2026-07-10T17:00,105.92,133.46,1259.92,30.65,1479.12,106.38,40.7,7.58,110.19,1
WELL-01,2026-07-10T18:00,112.02,145.7,1300.64,32.58,1447.83,102.95,43.0,7.95,119.1,1
WELL-01,2026-07-10T19:00,105.56,130.33,1234.6,30.56,1415.75,104.19,40.3,7.92,111.01,1
WELL-01,2026-07-10T20:00,106.82,139.18,1302.94,30.66,1392.34,107.03,41.6,7.95,122.84,1
WELL-01,2026-07-10T21:00,104.46,130.93,1253.39,31.72,1420.73,105.79,38.1,6.84,122.89,1
WELL-01,2026-07-10T22:00,95.88,124.65,1299.97,30.76,1350.65,108.77,36.7,7.06,125.58,1
WELL-01,2026-07-10T23:00,91.56,113.49,1239.47,30.67,1335.38,106.77,42.0,7.19,124.91,1
WELL-01,2026-07-11T00:00,94.33,113.62,1204.46,33.36,1317.35,105.77,38.6,6.9,124.13,1
WELL-01,2026-07-11T01:00,89.87,119.56,1330.44,33.43,1362.1,108.74,39.1,8.28,115.51,1
WELL-01,2026-07-11T02:00,92.15,117.67,1276.96,32.09,1399.17,107.5,41.9,7.86,128.91,1
WELL-01,2026-07-11T03:00,94.66,114.31,1207.63,31.82,1313.56,104.73,36.8,7.93,128.79,1
WELL-01,2026-07-11T04:00,91.37,120.03,1313.71,31.94,1304.39,108.07,36.1,8.33,122.47,1
WELL-01,2026-07-11T05:00,87.49,106.03,1211.99,31.56,1382.34,109.63,39.5,7.63,116.46,1
WELL-01,2026-07-11T06:00,89.28,111.4,1247.72,33.31,1392.35,104.79,40.1,8.25,128.22,1
WELL-01,2026-07-11T07:00,94.64,120.02,1268.15,31.45,1380.87,107.19,36.1,8.31,126.86,1
WELL-01,2026-07-11T08:00,94.66,123.1,1300.4,33.63,1381.87,106.13,36.6,8.55,119.17,1
WELL-01,2026-07-11T09:00,94.18,124.86,1325.73,32.52,1353.22,104.65,37.2,8.52,125.39,1
WELL-01,2026-07-11T10:00,94.63,123.24,1302.27,32.3,1376.14,105.59,38.7,7.44,118.3,1
WELL-01,2026-07-11T11:00,89.94,112.44,1250.15,32.45,1397.47,108.49,41.3,7.97,124.48,1
WELL-01,2026-07-11T12:00,94.31,120.24,1275.0,31.65,1349.22,107.91,40.6,8.51,124.23,1
WELL-01,2026-07-11T13:00,91.93,114.28,1243.18,32.99,1332.99,105.56,41.5,7.39,125.48,1
WELL-01,2026-07-11T14:00,86.44,106.61,1233.36,31.06,1393.83,104.33,37.2,8.52,123.91,1
WELL-01,2026-07-11T15:00,90.47,118.12,1305.62,33.74,1386.51,104.01,40.2,8.14,122.05,1
WELL-01,2026-07-11T16:00,94.47,120.1,1271.37,32.14,1304.56,104.57,36.5,8.61,127.95,1
WELL-01,2026-07-11T17:00,87.77,109.23,1244.57,32.91,1367.03,107.16,36.0,7.15,117.06,1
WELL-01,2026-07-11T18:00,88.79,114.29,1287.19,31.69,1359.69,106.15,38.1,8.28,125.79,1
WELL-01,2026-07-11T19:00,93.83,119.27,1271.15,33.42,1311.29,107.6,38.9,8.19,125.15,1
WELL-01,2026-07-11T20:00,86.24,107.3,1244.18,32.49,1365.6,104.52,35.8,8.11,122.96,1
WELL-01,2026-07-11T21:00,92.49,112.57,1217.04,33.24,1356.31,108.52,41.3,7.58,116.51,1
WELL-01,2026-07-11T22:00,87.33,105.36,1206.45,31.35,1399.05,103.52,37.8,8.35,128.26,1
WELL-01,2026-07-11T23:00,93.78,124.98,1332.75,31.67,1365.0,109.16,39.3,7.55,121.37,1
WELL-01,2026-07-12T00:00,93.07,121.55,1306.07,33.81,1328.11,107.66,37.0,7.75,115.8,1
WELL-01,2026-07-12T01:00,86.9,113.38,1304.7,33.69,1383.54,109.31,36.7,8.02,123.0,1
WELL-01,2026-07-12T02:00,92.6,111.65,1205.83,33.1,1341.94,105.26,39.6,7.83,129.05,1
WELL-01,2026-07-12T03:00,87.37,109.34,1251.41,31.2,1327.39,108.61,37.6,8.51,123.95,1
WELL-01,2026-07-12T04:00,87.82,108.03,1230.11,32.32,1361.41,108.15,41.0,7.27,116.96,1
WELL-01,2026-07-12T05:00,90.88,116.68,1283.9,31.86,1384.87,106.94,37.7,7.83,130.01,1
WELL-01,2026-07-12T06:00,90.55,109.63,1210.71,33.5,1317.4,105.97,37.5,8.07,119.63,1
WELL-01,2026-07-12T07:00,93.96,122.27,1301.22,32.34,1344.11,109.03,40.7,6.91,128.9,1
WELL-01,2026-07-12T08:00,91.19,109.43,1200.09,33.5,1305.29,106.87,41.8,8.41,118.56,1
WELL-01,2026-07-12T09:00,93.28,113.92,1221.29,32.2,1306.59,106.51,41.7,7.22,115.87,1
WELL-01,2026-07-12T10:00,93.93,125.05,1331.33,31.15,1334.55,106.36,37.1,7.24,123.07,1
WELL-01,2026-07-12T11:00,92.68,123.62,1333.82,31.41,1376.56,104.48,41.6,7.78,128.82,1
WELL-01,2026-07-12T12:00,88.32,110.52,1251.47,33.02,1356.79,108.3,41.1,7.38,122.2,1
WELL-01,2026-07-12T13:00,91.65,112.03,1222.33,30.96,1341.99,108.99,39.5,7.68,126.0,1
WELL-01,2026-07-12T14:00,94.4,113.95,1207.12,32.22,1354.8,107.78,38.8,7.83,116.44,1
WELL-01,2026-07-12T15:00,86.94,108.45,1247.39,32.15,1303.92,105.09,39.7,8.64,129.74,1
WELL-01,2026-07-12T16:00,91.02,109.54,1203.49,32.56,1310.35,107.99,39.4,8.01,125.04,1
WELL-01,2026-07-12T17:00,88.23,119.21,1351.15,32.19,1315.29,107.53,36.0,7.46,129.5,1
WELL-01,2026-07-12T18:00,88.52,118.79,1342.04,32.01,1333.13,104.32,36.1,8.48,120.23,1
WELL-01,2026-07-12T19:00,88.89,117.63,1323.27,32.09,1340.49,107.31,36.1,7.14,119.23,1
WELL-01,2026-07-12T20:00,90.13,112.69,1250.26,32.18,1362.59,109.75,38.6,6.96,119.15,1
WELL-01,2026-07-12T21:00,88.92,118.38,1331.29,31.48,1356.43,109.88,40.5,7.78,127.38,1
WELL-01,2026-07-12T22:00,91.46,116.61,1274.91,33.41,1316.09,106.34,38.5,8.31,123.91,1
WELL-01,2026-07-12T23:00,92.65,117.55,1268.86,31.11,1383.08,105.83,36.2,7.52,119.85,1
WELL-01,2026-07-13T00:00,87.02,105.33,1210.47,33.55,1388.75,107.43,38.0,8.45,119.85,1
WELL-01,2026-07-13T01:00,319.43,307.61,962.98,22.29,2159.56,86.96,57.5,1.1,49.75,0
WELL-01,2026-07-13T02:00,312.75,319.29,1020.9,22.09,2124.87,83.02,54.6,1.12,46.64,0
WELL-01,2026-07-13T03:00,309.94,312.18,1007.22,22.55,2206.4,87.03,58.3,1.15,45.0,0
WELL-01,2026-07-13T04:00,331.37,329.69,994.93,21.29,2134.65,83.09,53.6,1.12,48.55,0
WELL-01,2026-07-13T05:00,328.74,329.6,1002.6,20.62,2238.89,87.1,57.6,1.33,48.8,0
WELL-01,2026-07-13T06:00,329.69,327.62,993.72,20.58,2244.49,86.16,56.6,1.18,49.81,0
WELL-01,2026-07-13T07:00,312.38,335.22,1073.11,21.73,2157.18,86.39,55.8,1.32,47.49,0
WELL-01,2026-07-13T08:00,310.88,313.26,1007.63,21.96,2276.03,85.9,53.3,1.29,44.98,0
WELL-01,2026-07-13T09:00,321.28,324.16,1008.95,20.96,2183.62,85.35,53.2,1.24,48.4,0
WELL-01,2026-07-13T10:00,311.04,333.7,1072.87,22.28,2137.95,83.42,53.9,1.2,47.04,0
WELL-01,2026-07-13T11:00,336.38,358.01,1064.31,21.82,2232.51,84.78,56.6,1.11,45.72,0
WELL-01,2026-07-13T12:00,313.57,325.02,1036.51,21.83,2124.76,85.29,51.2,1.36,48.83,0
WELL-01,2026-07-13T13:00,322.45,328.55,1018.93,21.51,2171.45,85.32,53.1,1.37,48.0,0
WELL-01,2026-07-13T14:00,310.59,303.92,978.51,22.56,2119.77,86.09,59.5,1.31,47.67,0
WELL-01,2026-07-13T15:00,332.05,355.02,1069.18,21.66,2158.05,87.11,54.2,1.22,48.54,0
WELL-01,2026-07-13T16:00,322.57,335.44,1039.89,22.29,2114.81,83.16,57.6,1.23,49.66,0
WELL-01,2026-07-13T17:00,309.83,319.68,1031.79,22.33,2155.09,86.8,52.3,1.16,46.27,0
WELL-01,2026-07-13T18:00,311.5,303.73,975.06,22.11,2237.08,82.38,59.3,1.11,49.54,0
WELL-01,2026-07-13T19:00,329.74,344.94,1046.11,20.61,2128.91,84.77,54.6,1.32,46.05,0
WELL-01,2026-07-13T20:00,320.28,337.67,1054.31,20.97,2252.06,84.62,52.3,1.36,45.16,0
WELL-01,2026-07-13T21:00,321.14,332.19,1034.43,22.19,2215.67,84.24,59.6,1.3,47.03,0
WELL-01,2026-07-13T22:00,322.4,329.97,1023.48,20.81,2139.84,82.27,57.3,1.24,48.68,0
WELL-01,2026-07-13T23:00,325.86,350.32,1075.04,22.24,2231.74,83.16,55.6,1.13,46.21,0
WELL-01,2026-07-14T00:00,320.5,319.26,996.13,21.01,2268.25,86.07,58.0,1.34,46.7,0
WELL-01,2026-07-14T01:00,315.72,308.8,978.08,22.2,2276.35,84.96,51.2,1.34,47.41,0
WELL-01,2026-07-14T02:00,333.53,340.78,1021.76,20.72,2220.31,82.18,51.3,1.21,45.72,0
WELL-01,2026-07-14T03:00,323.12,317.88,983.76,21.72,2240.04,86.8,51.4,1.29,50.52,0
WELL-01,2026-07-14T04:00,308.75,302.9,981.04,21.11,2235.57,85.38,55.2,1.34,49.37,0
WELL-01,2026-07-14T05:00,326.85,344.34,1053.52,22.41,2227.8,86.8,52.1,1.11,46.28,0
WELL-01,2026-07-14T06:00,312.99,301.17,962.23,21.83,2169.36,83.53,55.8,1.21,50.32,0
WELL-01,2026-07-14T07:00,325.3,343.85,1057.04,22.3,2245.57,84.3,53.8,1.17,45.54,0
WELL-01,2026-07-14T08:00,331.1,357.47,1079.65,20.86,2159.03,84.87,59.4,1.16,45.88,0
WELL-01,2026-07-14T09:00,337.43,340.36,1008.7,21.72,2132.55,86.94,53.9,1.24,50.31,0
WELL-01,2026-07-14T10:00,318.27,340.35,1069.38,21.94,2103.95,85.49,52.1,1.24,45.47,0
WELL-01,2026-07-14T11:00,321.57,345.19,1073.46,22.39,2247.21,82.2,54.8,1.09,46.67,0
WELL-01,2026-07-14T12:00,324.89,317.2,976.33,21.38,2132.98,83.9,57.4,1.23,50.23,0
WELL-01,2026-07-14T13:00,328.26,329.81,1004.73,21.73,2163.29,84.71,56.1,1.11,49.14,0
WELL-01,2026-07-14T14:00,317.6,343.02,1080.03,21.36,2153.27,83.48,57.6,1.35,45.36,0
WELL-01,2026-07-14T15:00,334.36,335.21,1002.57,21.26,2254.01,83.73,54.3,1.34,48.55,0
WELL-01,2026-07-14T16:00,319.21,324.32,1015.98,20.85,2157.55,82.91,55.6,1.32,48.75,0
WELL-01,2026-07-14T17:00,327.31,327.38,1000.21,21.83,2131.6,85.99,53.5,1.29,47.93,0
WELL-01,2026-07-14T18:00,326.13,317.27,972.85,20.93,2272.92,82.83,56.6,1.31,48.06,0
WELL-01,2026-07-14T19:00,332.97,358.71,1077.3,20.89,2234.55,85.91,57.3,1.22,45.73,0
WELL-01,2026-07-14T20:00,322.55,310.07,961.31,22.1,2119.07,82.69,55.3,1.12,48.17,0
WELL-01,2026-07-14T21:00,325.26,316.27,972.35,22.34,2267.18,84.34,58.7,1.08,49.99,0
WELL-01,2026-07-14T22:00,326.04,331.47,1016.65,20.94,2252.29,82.88,54.8,1.19,48.15,0
WELL-01,2026-07-14T23:00,309.12,324.14,1048.59,22.24,2152.89,86.95,55.2,1.2,46.88,0
WELL-01,2026-07-15T00:00,318.09,340.2,1069.52,21.53,2105.04,86.85,56.4,1.26,47.06,0
WELL-01,2026-07-15T01:00,328.95,329.81,1002.6,22.45,2154.45,87.03,54.8,1.27,50.26,0
WELL-01,2026-07-15T02:00,332.63,336.56,1011.79,20.81,2167.75,84.91,57.0,1.22,45.75,0
WELL-01,2026-07-15T03:00,337.34,344.41,1020.98,22.26,2147.29,86.92,57.1,1.35,48.21,0
WELL-01,2026-07-15T04:00,338.21,356.19,1053.18,22.27,2168.17,85.39,57.2,1.2,47.48,0
WELL-01,2026-07-15T05:00,326.09,317.58,973.91,21.2,2205.69,85.21,56.5,1.27,50.1,0
WELL-01,2026-07-15T06:00,333.07,320.98,963.71,22.25,2127.67,82.77,53.1,1.19,47.53,0
WELL-01,2026-07-15T07:00,332.83,342.6,1029.36,22.19,2145.68,82.73,52.1,1.25,48.8,0
WELL-01,2026-07-15T08:00,336.22,328.14,975.97,20.99,2103.91,83.76,54.7,1.16,45.64,0
WELL-01,2026-07-15T09:00,339.02,335.79,990.48,21.81,2223.87,87.07,55.3,1.16,48.04,0
WELL-01,2026-07-15T10:00,326.97,323.11,988.2,21.93,2262.71,87.04,59.8,1.13,50.65,0
WELL-01,2026-07-15T11:00,321.44,347.21,1080.15,21.73,2207.28,84.14,55.0,1.13,49.66,0
WELL-01,2026-07-15T12:00,319.35,325.32,1018.69,20.5,2237.5,84.9,59.5,1.22,49.26,0
WELL-01,2026-07-15T13:00,330.17,337.71,1022.84,20.67,2188.18,82.99,57.5,1.1,47.1,0
WELL-01,2026-07-15T14:00,333.92,324.38,971.43,21.47,2247.04,83.41,55.5,1.37,46.59,0
WELL-01,2026-07-15T15:00,311.66,313.53,1006.0,21.32,2121.08,85.35,56.3,1.29,45.06,0
WELL-01,2026-07-15T16:00,329.76,345.11,1046.55,22.25,2109.15,86.97,55.2,1.35,48.82,0
WELL-01,2026-07-15T17:00,307.78,305.39,992.26,20.97,2131.36,82.85,56.3,1.17,50.29,0
WELL-01,2026-07-15T18:00,310.3,302.09,973.53,20.61,2173.89,86.5,51.1,1.13,45.74,0
WELL-01,2026-07-15T19:00,313.18,329.84,1053.18,20.84,2260.95,84.58,56.3,1.17,46.94,0
WELL-01,2026-07-15T20:00,326.69,315.78,966.62,22.14,2186.51,85.06,55.5,1.09,48.53,0
WELL-01,2026-07-15T21:00,323.45,332.06,1026.63,21.61,2182.81,85.98,59.5,1.11,45.91,0
WELL-01,2026-07-15T22:00,309.6,330.0,1065.89,22.55,2157.77,83.18,57.7,1.35,47.56,0
WELL-01,2026-07-15T23:00,307.37,304.24,989.8,21.17,2240.82,82.28,59.1,1.18,47.05,0
WELL-01,2026-07-16T00:00,316.97,324.56,1023.96,21.84,2161.04,87.13,58.1,1.19,46.79,0
WELL-01,2026-07-16T01:00,329.93,351.36,1064.97,20.68,2123.53,86.34,51.8,1.24,48.6,0
WELL-01,2026-07-16T02:00,314.28,330.56,1051.82,22.57,2117.29,85.32,54.6,1.34,45.19,0
WELL-01,2026-07-16T03:00,337.62,336.34,996.19,21.31,2187.05,85.67,53.6,1.29,49.75,0
WELL-01,2026-07-16T04:00,329.49,334.63,1015.61,22.37,2125.8,84.0,54.7,1.16,48.08,0
WELL-01,2026-07-16T05:00,309.96,318.78,1028.45,21.99,2263.57,85.2,56.7,1.16,46.77,0
WELL-01,2026-07-16T06:00,330.65,347.01,1049.46,20.78,2232.84,82.36,55.9,1.09,45.21,0
WELL-01,2026-07-16T07:00,308.74,317.19,1027.39,20.58,2204.47,83.53,57.5,1.2,48.72,0
WELL-01,2026-07-16T08:00,318.0,338.03,1063.0,22.17,2160.03,84.38,58.7,1.16,46.69,0
WELL-01,2026-07-16T09:00,309.55,302.16,976.11,20.59,2116.63,84.36,55.0,1.16,46.77,0
WELL-01,2026-07-16T10:00,327.53,320.81,979.47,22.27,2135.0,82.4,51.8,1.11,45.14,0
WELL-01,2026-07-16T11:00,318.8,319.46,1002.08,20.94,2118.44,84.49,55.9,1.22,46.81,0
WELL-01,2026-07-16T12:00,330.61,336.99,1019.31,22.36,2141.09,82.22,58.2,1.26,45.16,0
WELL-01,2026-07-16T13:00,309.37,334.53,1081.29,21.72,2276.07,84.43,51.3,1.15,49.08,0
WELL-01,2026-07-16T14:00,325.47,323.62,994.32,21.27,2167.5,82.18,52.1,1.15,45.96,0
WELL-01,2026-07-16T15:00,315.9,332.85,1053.65,21.53,2209.94,84.67,56.2,1.16,45.14,0
WELL-01,2026-07-16T16:00,321.79,329.98,1025.46,22.12,2198.58,82.86,57.5,1.27,46.42,0
WELL-01,2026-07-16T17:00,309.74,324.8,1048.61,21.47,2168.05,84.92,55.8,1.23,48.12,0
WELL-01,2026-07-16T18:00,316.44,314.92,995.18,22.0,2258.21,87.04,57.5,1.24,46.76,0
WELL-01,2026-07-16T19:00,311.3,327.46,1051.92,22.26,2121.77,84.71,59.1,1.37,45.43,0
WELL-01,2026-07-16T20:00,317.58,329.36,1037.09,22.51,2202.64,82.96,54.8,1.17,49.17,0
WELL-01,2026-07-16T21:00,307.87,305.28,991.61,22.35,2131.51,86.95,51.9,1.32,48.9,0
WELL-01,2026-07-16T22:00,321.06,344.47,1072.91,20.88,2189.05,82.97,57.4,1.17,49.95,0
WELL-01,2026-07-16T23:00,317.37,341.15,1074.93,22.47,2122.84,82.54,51.9,1.1,48.81,0
WELL-01,2026-07-17T00:00,338.41,340.86,1007.23,21.74,2182.69,87.08,59.8,1.09,48.72,0
WELL-01,2026-07-17T01:00,329.71,343.28,1041.15,22.04,2107.8,83.09,56.6,1.22,46.02,0
WELL-01,2026-07-17T02:00,328.32,351.2,1069.68,22.59,2193.22,86.72,52.0,1.16,50.02,0
WELL-01,2026-07-17T03:00,331.5,343.07,1034.88,22.35,2183.94,82.36,55.2,1.2,50.41,0
WELL-01,2026-07-17T04:00,332.62,327.66,985.09,22.6,2225.87,84.14,55.3,1.16,48.6,0
WELL-01,2026-07-17T05:00,323.63,343.55,1061.55,22.6,2220.64,86.01,57.2,1.21,47.9,0
WELL-01,2026-07-17T06:00,315.46,322.1,1021.04,21.0,2267.4,86.29,53.2,1.36,49.18,0
WELL-01,2026-07-17T07:00,307.29,301.12,979.92,21.52,2193.91,85.47,52.6,1.35,46.73,0
WELL-01,2026-07-17T08:00,322.76,338.52,1048.84,21.67,2164.59,85.02,55.6,1.18,45.63,0
WELL-01,2026-07-17T09:00,324.01,332.5,1026.22,20.72,2159.27,86.48,52.9,1.13,45.0,0
WELL-01,2026-07-17T10:00,307.9,298.39,969.1,21.53,2126.75,86.99,57.6,1.12,46.01,0
WELL-01,2026-07-17T11:00,307.38,326.62,1062.58,21.05,2241.28,83.33,51.2,1.13,48.97,0
WELL-01,2026-07-17T12:00,324.49,339.66,1046.75,22.48,2131.05,85.11,52.2,1.24,49.47,0
WELL-01,2026-07-17T13:00,338.33,326.74,965.75,21.43,2137.38,83.99,56.1,1.2,45.46,0
WELL-01,2026-07-17T14:00,318.08,325.37,1022.92,21.03,2192.11,85.54,52.4,1.28,46.51,0
WELL-01,2026-07-17T15:00,315.72,333.98,1057.82,20.82,2254.75,86.67,59.4,1.27,49.62,0
WELL-01,2026-07-17T16:00,318.97,322.12,1009.88,21.36,2181.48,85.59,59.1,1.15,46.85,0
WELL-01,2026-07-17T17:00,323.36,331.07,1023.83,20.73,2218.58,82.45,51.4,1.12,49.32,0
WELL-01,2026-07-17T18:00,333.31,335.4,1006.25,22.43,2208.15,82.17,53.1,1.37,47.22,0
WELL-01,2026-07-17T19:00,324.77,339.33,1044.83,22.31,2261.08,85.16,52.1,1.15,49.33,0
WELL-01,2026-07-17T20:00,315.73,318.72,1009.47,21.81,2179.42,86.31,52.5,1.24,46.98,0
WELL-01,2026-07-17T21:00,331.46,345.27,1041.68,22.23,2144.98,87.23,54.2,1.3,46.49,0
WELL-01,2026-07-17T22:00,307.97,323.63,1050.85,20.67,2170.49,83.16,56.1,1.14,49.72,0
WELL-01,2026-07-17T23:00,311.62,305.29,979.68,22.12,2254.51,82.67,56.7,1.24,46.71,0
WELL-01,2026-07-18T00:00,316.41,305.73,966.26,22.47,2255.02,86.98,55.2,1.2,45.09,0
WELL-01,2026-07-18T01:00,321.58,315.51,981.11,21.49,2229.57,86.89,59.1,1.08,45.11,0
WELL-01,2026-07-18T02:00,337.58,350.57,1038.48,21.26,2114.26,83.65,51.8,1.26,47.11,0
WELL-01,2026-07-18T03:00,313.04,315.7,1008.52,20.72,2168.87,82.71,56.2,1.34,47.87,0
WELL-01,2026-07-18T04:00,329.16,347.99,1057.22,21.88,2231.1,82.67,54.2,1.31,47.4,0
WELL-01,2026-07-18T05:00,324.53,336.2,1035.96,22.1,2127.19,85.12,59.1,1.25,49.25,0
WELL-01,2026-07-18T06:00,315.36,324.95,1030.39,20.89,2254.97,85.61,56.6,1.37,48.34,0
WELL-01,2026-07-18T07:00,310.15,334.02,1076.97,22.08,2237.68,84.11,56.7,1.22,46.51,0
WELL-01,2026-07-18T08:00,331.07,333.26,1006.62,21.75,2115.45,84.18,58.3,1.29,49.57,0
WELL-01,2026-07-18T09:00,316.93,316.09,997.33,22.29,2185.57,85.32,55.8,1.08,46.69,0
WELL-01,2026-07-18T10:00,328.1,342.6,1044.2,21.24,2112.2,87.02,57.8,1.16,48.27,0
WELL-01,2026-07-18T11:00,317.71,319.01,1004.1,21.49,2242.93,86.41,54.6,1.26,45.65,0
WELL-01,2026-07-18T12:00,317.8,333.04,1047.96,20.58,2174.92,84.47,54.6,1.2,50.64,0
WELL-01,2026-07-18T13:00,321.16,344.9,1073.91,21.96,2164.26,84.1,55.7,1.36,50.64,0
WELL-01,2026-07-18T14:00,336.45,327.68,973.93,22.25,2239.16,84.1,54.6,1.29,48.67,0
WELL-01,2026-07-18T15:00,336.9,330.91,982.23,22.08,2200.66,84.94,57.8,1.16,47.85,0
WELL-01,2026-07-18T16:00,332.93,346.6,1041.07,22.15,2183.32,84.11,52.2,1.2,44.98,0
WELL-01,2026-07-18T17:00,308.86,321.84,1042.04,21.5,2224.36,87.13,54.6,1.22,46.31,0
WELL-01,2026-07-18T18:00,315.79,324.64,1028.0,22.34,2203.64,82.3,52.3,1.16,45.2,0
WELL-01,2026-07-18T19:00,328.08,338.16,1030.75,21.09,2231.59,84.33,58.3,1.13,47.58,0
WELL-01,2026-07-18T20:00,324.56,342.17,1054.26,21.85,2117.27,82.33,59.7,1.11,47.11,0
WELL-01,2026-07-18T21:00,337.83,327.78,970.25,21.62,2121.99,85.01,59.2,1.12,47.1,0
WELL-01,2026-07-18T22:00,336.9,352.59,1046.56,21.87,2202.89,83.47,52.8,1.27,49.05,0
WELL-01,2026-07-18T23:00,315.76,314.71,996.67,22.23,2102.15,84.07,52.9,1.19,47.55,0
WELL-01,2026-07-19T00:00,314.55,321.37,1021.66,22.59,2274.33,82.2,53.7,1.25,47.64,0
WELL-01,2026-07-19T01:00,324.93,350.01,1077.18,21.86,2215.05,85.11,52.9,1.13,49.0,0
WELL-01,2026-07-19T02:00,336.78,324.92,964.78,21.98,2166.71,82.51,56.9,1.28,46.0,0
WELL-01,2026-07-19T03:00,318.81,329.43,1033.31,21.4,2243.61,85.07,52.6,1.18,45.91,0
WELL-01,2026-07-19T04:00,307.98,308.78,1002.59,22.19,2136.57,86.2,55.3,1.2,48.2,0
WELL-01,2026-07-19T05:00,333.5,349.39,1047.65,22.26,2274.69,85.47,59.5,1.11,49.04,0
WELL-01,2026-07-19T06:00,333.4,354.91,1064.49,21.36,2220.06,85.46,54.5,1.13,46.28,0
WELL-01,2026-07-19T07:00,320.36,344.52,1075.42,21.0,2242.99,83.36,57.3,1.17,47.98,0
WELL-01,2026-07-19T08:00,313.78,317.58,1012.09,21.98,2209.19,84.05,53.5,1.23,46.25,0
WELL-01,2026-07-19T09:00,315.27,308.33,977.99,21.55,2171.22,83.27,53.6,1.1,49.54,0
WELL-01,2026-07-19T10:00,325.66,312.74,960.31,20.61,2270.3,87.19,57.1,1.36,45.02,0
WELL-01,2026-07-19T11:00,324.68,312.79,963.38,21.24,2139.86,83.67,53.8,1.23,50.38,0
WELL-01,2026-07-19T12:00,312.85,332.12,1061.59,20.82,2143.49,82.42,57.1,1.13,46.11,0
WELL-01,2026-07-19T13:00,337.57,357.63,1059.43,22.14,2224.33,86.67,59.5,1.31,45.94,0
WELL-01,2026-07-19T14:00,322.66,326.86,1013.04,20.75,2115.5,85.96,51.6,1.21,48.45,0
WELL-01,2026-07-19T15:00,324.84,338.78,1042.91,21.99,2244.64,83.05,53.8,1.36,49.01,0
WELL-01,2026-07-19T16:00,325.73,332.39,1020.44,21.69,2202.02,86.85,56.4,1.13,48.92,0
WELL-01,2026-07-19T17:00,334.55,359.65,1075.02,21.75,2175.48,83.38,51.1,1.08,45.43,0
WELL-01,2026-07-19T18:00,321.43,309.42,962.65,21.52,2242.79,84.82,55.8,1.25,49.15,0
WELL-01,2026-07-19T19:00,326.73,327.56,1002.54,22.5,2164.85,86.51,53.5,1.2,49.13,0
WELL-01,2026-07-19T20:00,309.43,299.93,969.3,20.96,2189.69,82.26,51.6,1.13,46.16,0
WELL-01,2026-07-19T21:00,331.02,354.51,1070.96,22.33,2261.33,85.96,54.1,1.12,46.28,0
WELL-01,2026-07-19T22:00,313.06,316.94,1012.4,22.13,2123.95,84.1,54.4,1.16,46.47,0
WELL-01,2026-07-19T23:00,314.61,337.21,1071.86,22.36,2155.44,82.37,52.0,1.16,49.09,0
WELL-01,2026-07-20T00:00,310.94,328.25,1055.67,21.48,2239.69,87.13,57.6,1.32,49.11,0
WELL-01,2026-07-20T01:00,327.87,319.53,974.57,20.79,2276.66,82.34,51.7,1.24,49.95,0
WELL-01,2026-07-20T02:00,333.73,334.32,1001.76,21.78,2231.82,86.18,53.3,1.3,46.84,0
WELL-01,2026-07-20T03:00,314.1,328.83,1046.9,22.12,2213.95,82.34,51.1,1.13,49.32,0
WELL-01,2026-07-20T04:00,323.89,347.07,1071.58,22.15,2158.62,86.66,57.8,1.28,48.15,0
WELL-01,2026-07-20T05:00,333.52,351.84,1054.94,22.45,2212.73,82.94,58.2,1.3,50.04,0
WELL-01,2026-07-20T06:00,331.65,346.33,1044.26,20.65,2242.91,86.79,53.1,1.17,49.49,0
WELL-01,2026-07-20T07:00,311.55,299.11,960.05,21.48,2268.67,84.27,54.4,1.34,46.03,0
WELL-01,2026-07-20T08:00,337.51,348.14,1031.5,20.81,2124.67,85.69,53.9,1.25,46.84,0
WELL-01,2026-07-20T09:00,339.31,356.22,1049.82,21.89,2212.05,85.61,57.3,1.09,45.12,0
WELL-01,2026-07-20T10:00,316.64,312.98,988.42,20.91,2266.89,82.22,55.7,1.22,49.05,0
WELL-01,2026-07-20T11:00,331.4,325.68,982.75,21.22,2136.48,83.77,55.3,1.08,45.18,0
WELL-01,2026-07-20T12:00,319.49,327.43,1024.86,20.64,2123.32,83.89,55.2,1.24,47.88,0
WELL-01,2026-07-20T13:00,310.26,304.14,980.26,21.44,2198.66,85.64,54.0,1.28,47.69,0
WELL-01,2026-07-20T14:00,328.39,327.76,998.07,21.75,2211.64,82.55,56.4,1.29,47.71,0
WELL-01,2026-07-20T15:00,309.84,335.03,1081.31,22.21,2136.91,82.72,54.3,1.31,47.69,0
WELL-01,2026-07-20T16:00,334.19,338.59,1013.16,20.95,2109.7,83.02,56.3,1.09,49.23,0
WELL-01,2026-07-20T17:00,316.24,310.6,982.18,20.65,2252.32,85.59,59.2,1.2,45.32,0
WELL-01,2026-07-20T18:00,316.21,330.75,1046.0,20.73,2269.21,83.47,55.4,1.18,48.03,0
WELL-01,2026-07-20T19:00,307.35,301.97,982.49,21.37,2223.63,87.17,55.5,1.11,46.17,0
WELL-01,2026-07-20T20:00,315.68,314.44,996.08,20.84,2187.91,85.83,54.5,1.33,48.76,0
WELL-01,2026-07-20T21:00,330.94,342.17,1033.92,20.74,2274.68,84.45,57.2,1.27,48.87,0
WELL-01,2026-07-20T22:00,314.77,340.02,1080.22,21.28,2261.3,84.98,51.2,1.23,48.1,0
WELL-01,2026-07-20T23:00,311.24,326.97,1050.53,22.5,2194.61,85.93,57.8,1.28,49.23,0
WELL-01,2026-07-21T00:00,317.67,333.94,1051.21,22.6,2117.45,83.27,54.3,1.35,45.64,0
WELL-01,2026-07-21T01:00,320.65,337.84,1053.6,22.03,2169.97,84.84,55.1,1.29,49.27,0
WELL-01,2026-07-21T02:00,325.22,349.13,1073.51,21.63,2124.87,83.95,58.5,1.32,45.76,0
WELL-01,2026-07-21T03:00,327.34,333.46,1018.71,22.57,2109.92,82.88,53.1,1.18,50.58,0
WELL-01,2026-07-21T04:00,307.85,315.56,1025.02,21.39,2163.27,86.17,51.8,1.2,46.0,0
WELL-01,2026-07-21T05:00,322.56,333.1,1032.7,21.04,2262.82,85.01,56.1,1.28,45.13,0
WELL-01,2026-07-21T06:00,338.66,363.66,1073.82,21.38,2202.88,84.47,52.2,1.25,48.99,0
WELL-01,2026-07-21T07:00,307.69,308.14,1001.49,21.19,2259.3,84.62,58.7,1.35,46.89,0
WELL-01,2026-07-21T08:00,336.5,345.81,1027.68,22.59,2229.59,86.38,52.7,1.1,50.06,0
WELL-01,2026-07-21T09:00,327.87,350.58,1069.29,21.6,2200.91,82.99,58.4,1.2,46.44,0
WELL-01,2026-07-21T10:00,308.37,329.81,1069.53,20.71,2270.27,83.84,56.5,1.32,50.55,0
WELL-01,2026-07-21T11:00,316.75,327.35,1033.45,21.0,2140.98,84.83,54.2,1.36,45.13,0
WELL-01,2026-07-21T12:00,309.88,331.95,1071.19,21.59,2181.22,83.85,57.0,1.15,47.43,0
WELL-01,2026-07-21T13:00,334.27,338.44,1012.48,22.3,2238.72,87.14,53.1,1.11,49.65,0
WELL-01,2026-07-21T14:00,337.72,357.18,1057.62,20.84,2196.15,83.87,53.9,1.25,49.48,0
WELL-01,2026-07-21T15:00,309.73,301.31,972.81,21.16,2203.03,84.22,55.9,1.25,47.39,0
WELL-01,2026-07-21T16:00,315.8,330.52,1046.63,21.47,2162.01,84.07,55.7,1.11,45.32,0
WELL-01,2026-07-21T17:00,336.43,359.99,1070.01,21.25,2192.73,84.63,53.3,1.14,45.55,0
WELL-01,2026-07-21T18:00,325.44,338.57,1040.35,21.83,2274.62,84.01,59.1,1.34,49.04,0
WELL-01,2026-07-21T19:00,328.49,315.85,961.54,21.5,2190.64,83.66,59.8,1.31,50.59,0
WELL-01,2026-07-21T20:00,338.14,325.89,963.77,22.02,2166.44,82.32,51.5,1.23,48.04,0
WELL-01,2026-07-21T21:00,318.02,323.66,1017.74,20.98,2138.71,84.57,55.6,1.19,48.4,0
WELL-01,2026-07-21T22:00,317.08,307.58,970.03,20.85,2168.13,83.85,57.2,1.28,45.47,0
WELL-01,2026-07-21T23:00,307.33,299.85,975.67,22.19,2261.57,84.8,52.5,1.11,47.1,0
WELL-01,2026-07-22T00:00,307.35,301.15,979.82,22.06,2180.55,84.77,57.2,1.32,46.29,0
WELL-01,2026-07-22T01:00,313.52,332.32,1059.95,22.15,2191.69,85.38,55.1,1.13,47.7,0
WELL-01,2026-07-22T02:00,313.24,338.76,1081.49,21.88,2207.65,83.01,59.0,1.18,50.42,0
WELL-01,2026-07-22T03:00,317.23,313.64,988.68,21.21,2123.14,85.7,53.5,1.28,45.06,0
WELL-01,2026-07-22T04:00,339.22,337.14,993.86,20.95,2174.0,82.39,56.3,1.26,45.43,0
WELL-01,2026-07-22T05:00,329.48,323.75,982.61,22.24,2212.18,85.87,51.7,1.22,46.39,0
WELL-01,2026-07-22T06:00,330.71,353.78,1069.76,21.49,2272.59,85.11,52.0,1.21,47.21,0
WELL-01,2026-07-22T07:00,326.24,331.26,1015.37,21.64,2238.89,85.95,56.2,1.16,48.97,0
WELL-01,2026-07-22T08:00,328.21,328.15,999.81,22.15,2256.45,83.96,59.4,1.29,48.77,0
WELL-01,2026-07-22T09:00,338.42,325.38,961.49,22.1,2210.24,83.75,57.0,1.24,48.12,0
WELL-01,2026-07-22T10:00,319.68,311.66,974.93,22.63,2209.44,85.64,55.1,1.23,47.56,0
WELL-01,2026-07-22T11:00,326.19,338.78,1038.62,22.29,2140.64,85.79,52.3,1.3,48.23,0
WELL-01,2026-07-22T12:00,317.69,312.75,984.43,21.62,2111.26,84.0,57.2,1.2,46.86,0
WELL-01,2026-07-22T13:00,320.29,338.94,1058.24,21.04,2204.33,85.44,51.3,1.29,48.72,0
WELL-01,2026-07-22T14:00,322.5,331.98,1029.37,22.37,2217.84,83.4,55.2,1.22,50.13,0
WELL-01,2026-07-22T15:00,317.52,340.81,1073.36,20.62,2239.21,85.72,56.2,1.31,49.62,0
WELL-01,2026-07-22T16:00,309.79,307.92,993.96,20.54,2272.75,85.16,54.9,1.2,45.3,0
WELL-01,2026-07-22T17:00,338.91,342.37,1010.2,21.1,2200.1,85.15,51.2,1.18,46.47,0
WELL-01,2026-07-22T18:00,315.97,316.88,1002.9,22.56,2200.3,82.92,51.3,1.25,46.94,0
WELL-01,2026-07-22T19:00,335.49,350.07,1043.44,21.61,2158.39,84.13,53.3,1.3,48.41,0
WELL-01,2026-07-22T20:00,310.42,328.17,1057.16,22.46,2228.68,85.38,52.4,1.24,47.38,0
WELL-01,2026-07-22T21:00,311.24,313.03,1005.77,21.72,2263.4,82.86,59.5,1.31,47.46,0
WELL-01,2026-07-22T22:00,323.31,346.7,1072.36,21.92,2215.52,82.81,57.4,1.23,47.09,0
WELL-01,2026-07-22T23:00,334.33,356.25,1065.56,20.81,2253.36,86.96,54.0,1.11,45.59,0
WELL-01,2026-07-23T00:00,316.12,309.76,979.87,20.92,2182.29,86.86,53.5,1.36,45.0,0
WELL-01,2026-07-23T01:00,329.58,355.53,1078.74,21.47,2212.75,84.92,59.2,1.12,49.79,0
WELL-01,2026-07-23T02:00,317.27,310.34,978.13,21.38,2216.17,82.89,58.9,1.33,45.88,0
WELL-01,2026-07-23T03:00,307.85,331.01,1075.2,21.8,2244.23,84.86,53.8,1.37,45.43,0
WELL-01,2026-07-23T04:00,310.63,328.9,1058.8,20.99,2143.22,84.11,57.4,1.35,49.73,0
WELL-01,2026-07-23T05:00,323.61,332.89,1028.66,21.56,2272.41,86.88,59.3,1.34,50.13,0
WELL-01,2026-07-23T06:00,331.3,353.01,1065.53,21.83,2133.27,84.16,51.6,1.09,50.55,0
WELL-01,2026-07-23T07:00,314.97,321.28,1020.04,21.9,2228.24,85.88,55.4,1.22,45.42,0
WELL-01,2026-07-23T08:00,312.86,337.07,1077.37,22.17,2190.12,85.58,54.1,1.08,48.69,0
WELL-01,2026-07-23T09:00,326.98,345.95,1058.01,22.35,2233.5,86.7,56.3,1.36,49.28,0
WELL-01,2026-07-23T10:00,337.38,348.06,1031.65,22.03,2201.49,86.7,55.9,1.3,50.07,0
WELL-01,2026-07-23T11:00,330.91,350.04,1057.83,21.12,2104.48,82.31,54.8,1.22,48.13,0
WELL-01,2026-07-23T12:00,316.89,328.78,1037.53,21.55,2131.32,86.69,59.5,1.25,45.29,0
WELL-01,2026-07-23T13:00,330.82,344.0,1039.83,21.8,2163.57,83.39,57.3,1.11,50.27,0
WELL-01,2026-07-23T14:00,323.66,347.51,1073.69,22.36,2212.41,86.28,58.0,1.15,49.82,0
WELL-01,2026-07-23T15:00,326.94,331.94,1015.27,21.18,2135.42,86.07,56.9,1.25,49.1,0
WELL-01,2026-07-23T16:00,313.05,335.81,1072.7,21.85,2171.13,82.47,54.1,1.25,49.96,0
WELL-01,2026-07-23T17:00,315.64,316.3,1002.09,21.72,2251.21,86.54,55.4,1.09,49.66,0
WELL-01,2026-07-23T18:00,315.56,318.6,1009.64,21.43,2189.99,83.88,51.8,1.3,49.12,0
WELL-01,2026-07-23T19:00,314.99,310.56,985.93,21.54,2174.3,84.43,55.0,1.14,49.35,0
WELL-01,2026-07-23T20:00,318.96,332.05,1041.05,20.49,2201.99,86.98,51.4,1.32,47.47,0
WELL-01,2026-07-23T21:00,310.56,317.67,1022.9,21.66,2274.61,82.27,59.3,1.34,45.29,0
WELL-01,2026-07-23T22:00,332.78,350.13,1052.15,22.1,2160.46,85.46,57.4,1.09,47.68,0
WELL-01,2026-07-23T23:00,326.83,320.12,979.48,22.14,2276.73,82.92,59.0,1.29,50.37,0
WELL-01,2026-07-24T00:00,308.31,314.04,1018.58,21.87,2133.7,86.22,58.2,1.35,46.79,0
WELL-01,2026-07-24T01:00,307.85,327.12,1062.59,21.98,2195.93,82.56,54.9,1.28,44.95,0
WELL-01,2026-07-24T02:00,333.82,327.08,979.79,21.0,2244.96,86.7,51.4,1.09,49.81,0
WELL-01,2026-07-24T03:00,328.75,338.8,1030.58,21.32,2182.09,85.2,53.2,1.16,46.59,0
WELL-01,2026-07-24T04:00,308.7,310.33,1005.26,21.95,2195.58,84.76,57.7,1.15,47.92,0
WELL-01,2026-07-24T05:00,326.05,348.7,1069.48,20.58,2166.3,85.95,51.7,1.28,48.24,0
WELL-01,2026-07-24T06:00,315.93,318.49,1008.08,21.6,2142.2,86.6,51.7,1.24,46.3,0
WELL-01,2026-07-24T07:00,332.82,341.56,1026.26,22.07,2138.34,82.92,53.9,1.19,49.34,0
WELL-01,2026-07-24T08:00,332.56,329.35,990.35,22.62,2109.82,85.71,54.0,1.16,46.92,0
WELL-01,2026-07-24T09:00,336.76,333.06,989.02,21.73,2264.26,84.44,54.4,1.17,45.0,0
WELL-01,2026-07-24T10:00,316.62,322.89,1019.82,21.84,2198.41,86.95,56.1,1.21,47.91,0
WELL-01,2026-07-24T11:00,318.83,307.37,964.06,22.19,2265.48,84.11,58.4,1.21,50.63,0
WELL-01,2026-07-24T12:00,322.05,332.4,1032.11,21.91,2135.78,85.37,58.3,1.23,45.78,0
WELL-01,2026-07-24T13:00,313.76,333.98,1064.45,21.77,2116.21,84.24,59.2,1.2,45.88,0
WELL-01,2026-07-24T14:00,327.09,316.23,966.8,22.02,2175.16,83.42,58.1,1.24,49.12,0
WELL-01,2026-07-24T15:00,330.18,353.42,1070.38,22.63,2182.37,85.02,57.9,1.24,49.42,0
WELL-01,2026-07-24T16:00,317.16,313.6,988.77,22.45,2170.86,83.38,58.2,1.36,45.83,0
WELL-01,2026-07-24T17:00,326.67,340.08,1041.03,22.08,2157.62,83.97,53.0,1.12,48.41,0
WELL-01,2026-07-24T18:00,325.36,313.76,964.35,20.96,2210.95,84.16,56.3,1.09,45.19,0
WELL-01,2026-07-24T19:00,312.65,335.13,1071.89,21.03,2240.43,86.13,55.2,1.3,45.71,0
WELL-01,2026-07-24T20:00,330.95,352.83,1066.11,21.08,2164.59,85.14,53.4,1.3,47.0,0
WELL-01,2026-07-24T21:00,309.8,303.97,981.17,22.32,2163.59,82.21,57.1,1.08,48.2,0
WELL-01,2026-07-24T22:00,322.06,337.55,1048.07,22.09,2226.69,84.66,56.5,1.33,47.61,0
WELL-01,2026-07-24T23:00,314.05,315.21,1003.71,22.28,2258.92,86.42,58.9,1.21,50.12,0
WELL-01,2026-07-25T00:00,331.7,356.02,1073.32,22.47,2198.02,82.94,54.2,1.11,48.69,0
WELL-01,2026-07-25T01:00,333.79,322.81,967.12,21.35,2209.18,84.03,51.1,1.11,49.4,0
WELL-01,2026-07-25T02:00,327.5,315.41,963.08,21.98,2231.18,83.65,53.5,1.12,46.75,0
WELL-01,2026-07-25T03:00,321.02,308.35,960.52,20.5,2172.02,86.05,53.2,1.15,50.55,0
WELL-01,2026-07-25T04:00,309.62,309.37,999.21,20.49,2209.37,85.11,54.8,1.17,49.52,0
WELL-01,2026-07-25T05:00,332.22,338.26,1018.18,22.42,2212.4,86.07,52.7,1.34,45.85,0
WELL-01,2026-07-25T06:00,321.55,343.51,1068.31,21.56,2257.37,84.71,53.5,1.35,48.94,0
WELL-01,2026-07-25T07:00,332.29,358.32,1078.34,21.59,2201.54,84.61,52.5,1.36,45.91,0
WELL-01,2026-07-25T08:00,308.02,329.87,1070.93,21.85,2210.61,86.08,55.9,1.3,45.73,0
WELL-01,2026-07-25T09:00,323.71,314.03,970.1,21.53,2197.44,82.53,57.1,1.28,46.4,0
WELL-01,2026-07-25T10:00,332.56,356.19,1071.08,22.23,2237.31,86.35,55.3,1.36,49.19,0
WELL-01,2026-07-25T11:00,322.76,321.45,995.93,22.38,2248.25,82.74,51.6,1.33,49.81,0
WELL-01,2026-07-25T12:00,326.71,328.83,1006.5,22.06,2191.59,82.73,59.0,1.09,50.02,0
WELL-01,2026-07-25T13:00,332.21,324.19,975.86,20.83,2215.07,82.3,52.3,1.34,48.06,0
WELL-01,2026-07-25T14:00,316.59,333.19,1052.42,22.16,2207.2,85.96,52.4,1.21,47.72,0
WELL-01,2026-07-25T15:00,331.75,324.05,976.78,21.43,2127.21,84.63,58.4,1.21,47.75,0
WELL-01,2026-07-25T16:00,311.22,319.66,1027.14,21.52,2247.96,85.21,51.3,1.36,45.9,0
WELL-01,2026-07-25T17:00,328.33,319.69,973.68,22.5,2146.71,86.54,58.5,1.23,48.95,0
WELL-01,2026-07-25T18:00,307.34,300.51,977.77,21.9,2191.37,85.27,53.3,1.14,50.31,0
WELL-01,2026-07-25T19:00,316.44,338.33,1069.17,21.57,2138.73,82.53,52.1,1.16,48.02,0
WELL-01,2026-07-25T20:00,329.04,326.36,991.88,20.77,2120.75,83.62,53.6,1.09,46.26,0
WELL-01,2026-07-25T21:00,333.96,325.49,974.65,22.54,2210.49,83.68,54.6,1.27,49.61,0
WELL-01,2026-07-25T22:00,336.78,336.92,1000.42,21.09,2252.87,84.04,51.2,1.1,49.73,0
WELL-01,2026-07-25T23:00,310.63,304.79,981.19,21.27,2152.78,84.72,52.4,1.11,48.93,0
WELL-01,2026-07-26T00:00,332.41,346.86,1043.49,21.85,2213.43,83.9,55.2,1.13,45.59,0
WELL-01,2026-07-26T01:00,317.89,313.03,984.74,20.65,2239.23,82.56,58.8,1.21,49.33,0
WELL-01,2026-07-26T02:00,318.01,311.34,979.0,22.28,2225.18,82.74,52.3,1.3,46.63,0
WELL-01,2026-07-26T03:00,326.57,319.99,979.86,20.86,2124.05,85.36,56.7,1.12,48.23,0
WELL-01,2026-07-26T04:00,327.47,325.5,993.99,22.33,2199.96,84.58,51.1,1.37,45.46,0
WELL-01,2026-07-26T05:00,310.61,300.23,966.58,22.27,2205.21,83.25,52.4,1.36,49.34,0
WELL-01,2026-07-26T06:00,328.18,324.11,987.57,22.58,2104.51,83.09,56.8,1.15,45.44,0
WELL-01,2026-07-26T07:00,315.91,332.71,1053.18,21.06,2222.55,85.09,55.1,1.3,49.7,0
WELL-01,2026-07-26T08:00,327.5,332.75,1016.02,20.89,2188.36,85.79,58.3,1.32,46.62,0
WELL-01,2026-07-26T09:00,330.06,338.11,1024.4,22.31,2161.15,84.91,58.5,1.22,49.37,0
WELL-01,2026-07-26T10:00,312.85,314.07,1003.91,21.21,2228.45,83.7,59.5,1.26,48.63,0
WELL-01,2026-07-26T11:00,321.12,337.46,1050.86,21.54,2217.51,84.73,56.6,1.3,47.4,0
WELL-01,2026-07-26T12:00,312.53,335.23,1072.64,21.3,2201.38,82.5,55.1,1.33,47.07,0
WELL-01,2026-07-26T13:00,316.35,304.12,961.33,20.85,2183.2,84.8,53.7,1.36,49.21,0
WELL-01,2026-07-26T14:00,323.22,314.42,972.77,21.37,2180.43,85.8,52.9,1.2,48.1,0
WELL-01,2026-07-26T15:00,323.54,347.08,1072.74,20.52,2161.11,82.99,56.8,1.19,50.26,0
WELL-01,2026-07-26T16:00,309.91,325.58,1050.54,22.57,2197.31,86.53,53.2,1.1,46.56,0
WELL-01,2026-07-26T17:00,308.93,330.04,1068.33,21.6,2173.1,82.89,54.1,1.3,48.37,0
WELL-01,2026-07-26T18:00,322.65,311.15,964.37,22.34,2266.36,85.46,54.4,1.15,45.46,0
WELL-01,2026-07-26T19:00,309.2,316.29,1022.9,20.71,2199.35,86.15,57.1,1.3,48.22,0
WELL-01,2026-07-26T20:00,336.1,339.92,1011.35,22.52,2113.96,82.51,58.2,1.29,50.24,0
WELL-01,2026-07-26T21:00,323.5,342.28,1058.04,22.17,2140.55,85.08,56.8,1.18,46.7,0
WELL-01,2026-07-26T22:00,319.63,343.92,1076.01,21.51,2206.08,83.12,57.2,1.37,45.94,0
WELL-01,2026-07-26T23:00,334.53,327.86,980.05,22.17,2133.79,82.88,57.4,1.25,46.91,0
WELL-01,2026-07-27T00:00,335.32,325.84,971.74,21.98,2199.38,83.46,58.3,1.24,46.84,0
WELL-01,2026-07-27T01:00,319.12,323.23,1012.87,22.23,2129.74,82.64,59.5,1.34,47.41,0
WELL-01,2026-07-27T02:00,318.45,314.83,988.63,22.16,2209.65,86.98,57.2,1.16,47.97,0
WELL-01,2026-07-27T03:00,321.57,313.66,975.42,21.87,2254.3,86.42,57.6,1.25,49.66,0
WELL-01,2026-07-27T04:00,332.44,353.11,1062.19,21.42,2193.0,83.26,58.5,1.09,46.11,0
WELL-01,2026-07-27T05:00,334.71,352.85,1054.19,22.58,2269.56,83.39,55.4,1.11,47.54,0
WELL-01,2026-07-27T06:00,326.15,351.92,1079.02,22.07,2118.35,86.75,54.9,1.28,47.2,0
WELL-01,2026-07-27T07:00,307.26,295.88,962.97,22.2,2178.09,86.55,53.9,1.24,50.08,0
WELL-01,2026-07-27T08:00,307.74,319.19,1037.19,22.08,2120.94,86.6,55.4,1.21,45.7,0
WELL-01,2026-07-27T09:00,339.0,336.29,992.01,21.44,2173.27,82.93,54.3,1.12,46.12,0
WELL-01,2026-07-27T10:00,323.1,341.37,1056.55,21.56,2134.44,85.57,55.7,1.28,49.54,0
WELL-01,2026-07-27T11:00,337.58,358.75,1062.71,21.62,2195.75,82.96,55.7,1.08,50.0,0
WELL-01,2026-07-27T12:00,319.1,322.24,1009.86,22.21,2244.41,83.98,54.2,1.11,49.56,0
WELL-01,2026-07-27T13:00,329.53,324.23,983.92,21.42,2274.75,83.28,58.9,1.24,50.38,0
WELL-01,2026-07-27T14:00,308.75,331.66,1074.21,20.88,2232.2,82.42,56.9,1.24,46.64,0
WELL-01,2026-07-27T15:00,319.73,323.75,1012.57,21.63,2255.85,86.85,56.4,1.32,45.04,0
WELL-01,2026-07-27T16:00,307.7,317.1,1030.54,21.82,2132.72,84.64,57.5,1.09,47.45,0
WELL-01,2026-07-27T17:00,338.71,329.57,973.01,21.27,2120.05,86.12,51.4,1.16,49.28,0
WELL-01,2026-07-27T18:00,323.07,338.19,1046.82,21.46,2175.31,85.54,57.2,1.14,46.33,0
WELL-01,2026-07-27T19:00,324.86,321.58,989.91,21.92,2157.74,84.75,52.3,1.31,48.48,0
WELL-01,2026-07-27T20:00,314.41,327.46,1041.52,21.63,2135.64,86.54,55.1,1.18,47.37,0
WELL-01,2026-07-27T21:00,319.64,317.86,994.42,21.22,2156.33,85.93,54.7,1.37,50.16,0
WELL-01,2026-07-27T22:00,327.49,345.23,1054.17,21.53,2132.71,84.15,58.1,1.21,49.59,0
WELL-01,2026-07-27T23:00,334.81,344.3,1028.35,21.98,2206.63,86.7,56.4,1.31,45.03,0
WELL-01,2026-07-28T00:00,328.57,319.27,971.7,22.21,2248.88,83.87,51.9,1.1,45.16,0
WELL-01,2026-07-28T01:00,322.79,332.69,1030.69,20.99,2145.64,84.65,59.0,1.08,45.36,0
WELL-01,2026-07-28T02:00,332.44,336.95,1013.55,21.31,2127.19,86.4,51.6,1.35,50.36,0
WELL-01,2026-07-28T03:00,333.1,322.91,969.4,21.69,2126.67,86.43,56.3,1.36,48.64,0
WELL-01,2026-07-28T04:00,337.39,336.16,996.37,22.25,2223.29,84.7,56.8,1.27,46.55,0
WELL-01,2026-07-28T05:00,313.28,304.42,971.72,20.88,2152.99,86.06,57.8,1.34,45.46,0
WELL-01,2026-07-28T06:00,337.77,354.72,1050.18,21.41,2147.1,83.8,53.6,1.14,48.95,0
WELL-01,2026-07-28T07:00,335.47,326.61,973.6,22.22,2174.42,86.95,54.7,1.17,47.09,0
WELL-01,2026-07-28T08:00,317.14,332.18,1047.42,22.4,2142.52,82.21,53.0,1.2,49.52,0
WELL-01,2026-07-28T09:00,331.62,339.86,1024.84,22.51,2166.27,85.27,58.8,1.1,45.06,0
WELL-01,2026-07-28T10:00,332.17,346.55,1043.29,22.16,2164.16,83.35,58.3,1.15,48.97,0
WELL-01,2026-07-28T11:00,315.87,315.23,997.98,21.76,2172.19,86.51,52.6,1.31,48.89,0
WELL-01,2026-07-28T12:00,323.79,313.63,968.62,22.55,2157.23,82.86,53.4,1.28,49.95,0
WELL-01,2026-07-28T13:00,310.81,309.48,995.73,22.43,2201.74,84.73,58.3,1.31,46.6,0
WELL-01,2026-07-28T14:00,326.16,348.23,1067.64,20.63,2178.56,86.81,53.5,1.11,50.16,0
WELL-01,2026-07-28T15:00,315.91,323.2,1023.08,20.73,2272.66,85.23,52.2,1.18,49.19,0
WELL-01,2026-07-28T16:00,315.6,313.94,994.75,21.6,2130.84,86.84,59.0,1.12,46.74,0
WELL-01,2026-07-28T17:00,324.8,327.47,1008.24,21.58,2169.7,84.57,58.1,1.28,49.68,0
WELL-01,2026-07-28T18:00,317.91,307.72,967.96,22.04,2249.79,84.9,54.1,1.36,46.12,0
WELL-01,2026-07-28T19:00,312.85,327.87,1048.01,22.06,2116.72,82.34,58.6,1.26,50.67,0
WELL-01,2026-07-28T20:00,339.38,326.47,961.95,20.49,2264.76,82.45,54.4,1.29,49.46,0
WELL-01,2026-07-28T21:00,309.27,306.43,990.81,21.32,2129.54,83.69,52.7,1.24,46.17,0
WELL-01,2026-07-28T22:00,328.58,343.96,1046.8,21.07,2123.83,82.36,56.0,1.26,45.53,0
WELL-01,2026-07-28T23:00,332.58,339.49,1020.78,21.45,2237.69,85.81,56.6,1.32,48.82,0
WELL-01,2026-07-29T00:00,315.56,322.02,1020.46,21.28,2110.86,82.86,56.2,1.1,50.6,0
WELL-01,2026-07-29T01:00,310.25,312.16,1006.18,21.42,2158.96,86.09,59.9,1.32,45.65,0
WELL-01,2026-07-29T02:00,327.59,354.12,1080.98,22.57,2232.93,82.25,51.7,1.32,45.3,0
WELL-01,2026-07-29T03:00,312.87,322.87,1031.97,21.73,2239.42,83.59,56.9,1.11,48.96,0
WELL-01,2026-07-29T04:00,338.84,327.59,966.81,21.18,2210.72,83.61,56.0,1.12,46.43,0
WELL-01,2026-07-29T05:00,325.47,339.75,1043.87,21.73,2221.55,85.95,53.7,1.34,47.94,0
WELL-01,2026-07-29T06:00,323.1,333.28,1031.5,22.09,2237.65,85.0,58.6,1.33,47.39,0
WELL-01,2026-07-29T07:00,313.67,329.55,1050.62,22.17,2195.55,84.29,53.0,1.12,46.07,0
WELL-01,2026-07-29T08:00,337.83,361.18,1069.09,22.48,2204.58,82.53,55.3,1.36,48.21,0
WELL-01,2026-07-29T09:00,314.92,308.01,978.04,20.97,2240.89,84.58,56.3,1.36,46.5,0
WELL-01,2026-07-29T10:00,318.17,344.04,1081.31,22.18,2237.72,85.0,59.4,1.15,45.22,0
WELL-01,2026-07-29T11:00,311.68,327.99,1052.33,22.12,2132.54,83.2,56.9,1.13,47.88,0
WELL-01,2026-07-29T12:00,318.49,336.39,1056.22,21.96,2162.21,83.09,54.1,1.21,47.99,0
WELL-01,2026-07-29T13:00,321.24,336.47,1047.43,22.1,2125.92,87.14,52.0,1.29,45.14,0
WELL-01,2026-07-29T14:00,325.94,332.23,1019.3,22.08,2220.42,84.74,57.6,1.28,50.0,0
WELL-01,2026-07-29T15:00,307.91,316.92,1029.25,21.56,2153.28,83.06,59.0,1.21,46.68,0
WELL-01,2026-07-29T16:00,334.01,320.8,960.44,22.17,2129.59,83.55,58.1,1.35,44.94,0
WELL-01,2026-07-29T17:00,330.74,335.48,1014.35,21.09,2275.77,84.1,58.3,1.36,44.96,0
WELL-01,2026-07-29T18:00,339.33,354.76,1045.46,20.73,2175.16,82.26,59.8,1.33,49.51,0
WELL-01,2026-07-29T19:00,312.52,317.08,1014.59,21.5,2231.46,86.29,56.2,1.33,45.52,0
WELL-01,2026-07-29T20:00,327.61,342.17,1044.44,22.5,2219.63,83.71,59.6,1.24,48.44,0
WELL-01,2026-07-29T21:00,326.13,322.12,987.73,22.12,2177.62,83.91,52.2,1.26,48.29,0
WELL-01,2026-07-29T22:00,335.17,343.45,1024.7,21.68,2204.13,85.06,55.0,1.26,47.4,0
WELL-01,2026-07-29T23:00,315.8,305.22,966.51,20.87,2256.94,84.21,53.7,1.35,46.79,0
WELL-01,2026-07-30T00:00,315.5,307.25,973.83,22.31,2206.21,85.7,52.8,1.34,48.9,0
WELL-01,2026-07-30T01:00,322.2,329.28,1021.97,21.62,2225.0,82.38,54.1,1.24,46.92,0
WELL-01,2026-07-30T02:00,317.23,338.31,1066.46,21.11,2143.88,83.2,56.5,1.08,45.33,0
WELL-01,2026-07-30T03:00,314.96,314.75,999.33,21.07,2149.89,84.45,51.7,1.33,46.93,0
WELL-01,2026-07-30T04:00,314.71,317.2,1007.92,21.84,2252.79,82.76,59.1,1.3,45.03,0
WELL-01,2026-07-30T05:00,309.07,298.08,964.43,20.86,2141.25,82.97,54.8,1.11,49.12,0
WELL-01,2026-07-30T06:00,329.07,342.52,1040.86,21.22,2227.17,83.41,57.3,1.14,49.2,0
WELL-01,2026-07-30T07:00,325.12,337.03,1036.65,22.5,2102.43,82.39,55.6,1.14,49.77,0
WELL-01,2026-07-30T08:00,318.03,317.6,998.66,21.12,2125.46,86.62,51.4,1.18,45.32,0
WELL-01,2026-07-30T09:00,329.45,339.82,1031.48,22.6,2228.35,82.3,55.0,1.15,47.4,0
WELL-01,2026-07-30T10:00,320.85,340.76,1062.04,22.23,2153.02,84.33,56.8,1.26,45.21,0
WELL-01,2026-07-30T11:00,318.63,314.75,987.82,20.86,2274.23,86.61,51.4,1.25,45.72,0
WELL-01,2026-07-30T12:00,338.69,332.48,981.67,20.66,2123.43,83.46,51.2,1.28,46.19,0
WELL-01,2026-07-30T13:00,309.92,328.66,1060.45,22.63,2220.23,82.24,51.7,1.08,48.58,0
WELL-01,2026-07-30T14:00,310.93,324.42,1043.41,20.65,2181.25,82.72,56.1,1.35,45.43,0
WELL-01,2026-07-30T15:00,338.03,341.32,1009.73,22.63,2230.53,84.51,55.2,1.27,49.84,0
WELL-01,2026-07-30T16:00,308.3,320.94,1041.0,22.01,2180.58,82.72,57.8,1.2,47.72,0
WELL-01,2026-07-30T17:00,311.76,321.72,1031.95,21.3,2143.36,85.02,53.6,1.16,47.02,0
WELL-01,2026-07-30T18:00,338.13,325.78,963.47,20.62,2226.95,83.42,59.3,1.34,47.38,0
WELL-01,2026-07-30T19:00,324.16,334.83,1032.94,21.69,2180.83,86.64,54.1,1.34,47.03,0
WELL-01,2026-07-30T20:00,329.64,320.8,973.17,20.69,2175.22,83.94,51.8,1.27,50.4,0
WELL-01,2026-07-30T21:00,315.97,304.55,963.85,21.41,2265.03,84.91,58.2,1.33,49.23,0
WELL-01,2026-07-30T22:00,331.5,342.41,1032.91,22.12,2265.16,85.27,51.9,1.24,45.22,0
WELL-01,2026-07-30T23:00,316.79,309.59,977.29,22.47,2215.53,84.91,54.6,1.1,50.49,0
WELL-01,2026-07-31T00:00,317.04,327.36,1032.55,20.77,2194.15,82.45,51.4,1.16,45.5,0
WELL-01,2026-07-31T01:00,326.11,342.29,1049.62,22.38,2111.48,82.78,51.9,1.16,46.06,0
WELL-01,2026-07-31T02:00,337.76,329.22,974.71,22.53,2207.79,82.99,52.0,1.34,45.77,0
WELL-01,2026-07-31T03:00,321.25,328.98,1024.05,21.65,2216.03,86.58,59.5,1.27,48.91,0
WELL-01,2026-07-31T04:00,336.6,339.06,1007.29,20.5,2206.2,85.31,57.5,1.21,45.44,0
WELL-01,2026-07-31T05:00,320.03,335.7,1048.96,21.95,2274.21,84.82,59.3,1.2,48.42,0
WELL-01,2026-07-31T06:00,328.96,352.92,1072.84,21.15,2192.93,82.19,55.2,1.3,48.88,0
WELL-01,2026-07-31T07:00,319.26,327.82,1026.8,20.93,2109.06,84.79,59.1,1.31,46.36,0
WELL-01,2026-07-31T08:00,307.79,324.08,1052.94,20.96,2164.84,83.5,53.8,1.28,49.09,0
WELL-01,2026-07-31T09:00,309.92,333.63,1076.5,21.62,2263.33,82.98,58.2,1.24,49.46,0
WELL-01,2026-07-31T10:00,324.31,327.66,1010.34,20.86,2142.57,84.0,54.3,1.15,48.14,0
WELL-01,2026-07-31T11:00,325.94,346.86,1064.19,21.88,2178.68,82.55,59.7,1.37,45.32,0
WELL-01,2026-07-31T12:00,328.24,333.33,1015.5,20.83,2154.58,84.7,52.7,1.28,50.1,0
WELL-01,2026-07-31T13:00,309.16,313.18,1013.0,22.64,2244.55,82.68,59.0,1.36,46.67,0
WELL-01,2026-07-31T14:00,331.93,340.85,1026.88,22.0,2254.79,82.43,58.3,1.29,48.06,0
WELL-01,2026-07-31T15:00,316.53,335.53,1060.02,21.14,2213.1,87.23,51.1,1.26,48.71,0
WELL-01,2026-07-31T16:00,324.37,325.35,1003.03,21.07,2256.92,84.13,58.8,1.24,50.27,0
WELL-01,2026-07-31T17:00,330.3,352.8,1068.11,20.78,2171.89,84.9,59.6,1.13,45.72,0
WELL-01,2026-07-31T18:00,329.84,336.09,1018.95,22.03,2250.53,84.83,51.6,1.31,48.11,0
WELL-01,2026-07-31T19:00,324.55,346.68,1068.17,20.5,2130.63,86.26,54.7,1.3,48.3,0
WELL-01,2026-07-31T20:00,325.04,343.53,1056.87,21.34,2138.2,82.19,51.9,1.17,47.6,0
WELL-01,2026-07-31T21:00,333.66,345.25,1034.74,20.75,2193.21,83.16,59.3,1.31,48.38,0
WELL-01,2026-07-31T22:00,313.62,330.57,1054.04,20.88,2119.37,84.95,57.0,1.32,49.16,0
WELL-01,2026-07-31T23:00,333.07,354.14,1063.24,20.89,2165.92,83.29,57.3,1.35,47.45,0
WELL-01,2026-08-01T00:00,320.05,339.58,1061.02,22.56,2161.96,82.94,51.0,1.18,46.3,0
WELL-01,2026-08-01T01:00,309.39,318.63,1029.86,20.8,2253.27,86.77,53.6,1.3,49.61,0
WELL-01,2026-08-01T02:00,329.9,349.96,1060.82,22.08,2191.2,82.77,55.6,1.21,48.24,0
WELL-01,2026-08-01T03:00,321.89,326.61,1014.67,21.49,2153.72,87.54,56.9,1.36,49.92,0
WELL-01,2026-08-01T04:00,325.27,316.46,972.9,22.42,2195.25,85.16,51.8,1.31,48.31,0
WELL-01,2026-08-01T05:00,318.67,310.99,975.9,21.37,2231.87,84.94,59.1,1.44,51.35,0
WELL-01,2026-08-01T06:00,303.81,296.1,974.61,22.83,2157.8,84.01,55.0,1.32,48.73,0
WELL-01,2026-08-01T07:00,308.0,306.56,995.32,22.94,2217.08,85.97,52.2,1.25,47.88,0
WELL-01,2026-08-01T08:00,299.48,291.26,972.52,22.34,2092.13,85.11,57.0,1.29,51.03,0
WELL-01,2026-08-01T09:00,295.1,304.42,1031.6,21.17,2154.44,86.34,50.6,1.34,49.52,0
WELL-01,2026-08-01T10:00,316.58,311.75,984.73,22.15,2137.27,87.57,58.3,1.31,51.83,0
WELL-01,2026-08-01T11:00,302.84,316.09,1043.74,21.3,2195.76,87.57,56.8,1.53,48.49,0
WELL-01,2026-08-01T12:00,315.81,309.33,979.46,21.51,2053.68,87.68,58.3,1.54,50.05,0
WELL-01,2026-08-01T13:00,297.09,323.06,1087.4,22.84,2086.31,87.4,57.5,1.44,49.99,0
WELL-01,2026-08-01T14:00,303.87,334.94,1102.27,23.06,2185.65,84.1,58.2,1.67,49.73,0
WELL-01,2026-08-01T15:00,294.94,306.43,1038.96,23.53,2034.09,85.84,57.4,1.37,53.95,0
WELL-01,2026-08-01T16:00,301.32,320.13,1062.4,21.86,2056.56,88.75,53.4,1.71,50.8,0
WELL-01,2026-08-01T17:00,305.16,317.54,1040.55,21.71,2109.83,85.6,50.3,1.68,54.63,0
WELL-01,2026-08-01T18:00,283.98,293.7,1034.23,23.1,2170.98,86.42,55.5,1.63,54.23,0
WELL-01,2026-08-01T19:00,294.72,304.26,1032.38,21.93,2051.32,88.32,50.1,1.66,52.75,0
WELL-01,2026-08-01T20:00,302.42,312.87,1034.57,23.1,2123.47,89.2,52.9,1.74,53.9,0
WELL-01,2026-08-01T21:00,287.4,295.48,1028.13,24.09,2057.23,85.25,50.9,1.52,53.43,0
WELL-01,2026-08-01T22:00,277.54,276.1,994.82,24.13,2056.56,88.75,55.0,1.58,56.21,0
WELL-01,2026-08-01T23:00,279.12,300.46,1076.46,24.15,2081.53,85.66,55.4,1.58,57.01,0
WELL-01,2026-08-02T00:00,274.24,300.33,1095.13,24.19,2008.77,90.62,54.4,1.99,53.81,0
WELL-01,2026-08-02T01:00,276.95,294.71,1064.1,23.24,2118.9,87.8,56.3,1.89,54.39,0
WELL-01,2026-08-02T02:00,291.35,323.93,1111.81,23.73,2113.31,89.17,55.8,1.87,59.72,0
WELL-01,2026-08-02T03:00,280.72,290.25,1033.95,23.08,2066.86,87.98,49.8,1.96,55.33,0
WELL-01,2026-08-02T04:00,290.45,320.24,1102.55,23.2,2057.89,86.43,53.6,2.04,54.95,0
WELL-01,2026-08-02T05:00,290.86,300.77,1034.06,24.67,1973.95,91.57,50.7,1.87,58.64,0
WELL-01,2026-08-02T06:00,287.28,306.01,1065.22,23.27,2037.04,88.04,48.3,1.8,56.05,0
WELL-01,2026-08-02T07:00,286.46,318.26,1110.98,24.63,2068.24,88.11,49.7,1.96,60.05,0
WELL-01,2026-08-02T08:00,263.28,290.4,1103.02,24.14,2043.08,90.48,55.3,1.89,63.01,0
WELL-01,2026-08-02T09:00,271.96,291.19,1070.71,25.1,2006.71,91.0,50.8,2.2,57.89,0
WELL-01,2026-08-02T10:00,265.72,296.89,1117.32,23.71,1977.8,87.59,55.4,1.96,63.65,0
WELL-01,2026-08-02T11:00,264.53,296.42,1120.55,23.4,2053.1,90.0,49.9,2.05,58.46,0
WELL-01,2026-08-02T12:00,264.41,294.39,1113.36,25.18,2032.01,87.91,54.3,2.33,63.66,0
WELL-01,2026-08-02T13:00,252.97,264.49,1045.54,24.56,2015.4,91.82,49.8,2.51,58.51,0
WELL-01,2026-08-02T14:00,269.34,281.98,1046.92,24.19,1967.68,89.63,48.9,2.6,60.64,0
WELL-01,2026-08-02T15:00,255.83,269.67,1054.12,24.63,1894.37,90.7,51.8,2.1,62.96,0
WELL-01,2026-08-02T16:00,257.17,279.1,1085.26,24.52,1975.69,93.28,47.4,2.31,60.04,0
WELL-01,2026-08-02T17:00,257.64,288.22,1118.72,23.89,1964.04,91.65,50.3,2.7,61.43,0
WELL-01,2026-08-02T18:00,253.35,279.81,1104.44,25.71,1967.02,91.84,52.0,2.49,64.49,0
WELL-01,2026-08-02T19:00,265.36,303.89,1145.2,25.68,1940.86,92.02,50.5,2.29,67.5,0
WELL-01,2026-08-02T20:00,262.64,301.66,1148.55,23.89,1892.11,90.86,53.7,2.85,66.3,0
WELL-01,2026-08-02T21:00,264.69,276.94,1046.28,23.94,1865.21,92.21,49.6,2.69,62.34,0
WELL-01,2026-08-02T22:00,254.49,293.09,1151.65,25.94,1995.64,92.89,48.3,2.93,66.01,0
WELL-01,2026-08-02T23:00,252.27,287.34,1139.01,24.47,1975.38,94.31,48.4,2.64,68.61,0
WELL-01,2026-08-03T00:00,240.87,253.34,1051.75,25.0,1881.06,91.88,47.5,2.5,66.29,0
WELL-01,2026-08-03T01:00,251.34,281.52,1120.1,26.41,1837.91,93.58,47.6,2.77,71.88,0
WELL-01,2026-08-03T02:00,247.68,278.51,1124.48,24.31,1900.1,90.94,51.9,3.11,69.34,0
WELL-01,2026-08-03T03:00,253.45,274.3,1082.25,25.66,1873.56,94.68,51.2,2.98,68.8,0
WELL-01,2026-08-03T04:00,230.6,270.07,1171.18,24.86,1900.89,93.32,45.9,2.81,66.52,0
WELL-01,2026-08-03T05:00,244.81,271.34,1108.35,26.2,1846.55,95.25,49.4,3.23,72.44,0
WELL-01,2026-08-03T06:00,247.73,286.96,1158.37,26.06,1924.81,90.38,47.1,2.79,73.1,0
WELL-01,2026-08-03T07:00,227.21,259.43,1141.8,25.78,1848.07,90.73,48.8,3.23,68.14,0
WELL-01,2026-08-03T08:00,239.09,252.42,1055.75,24.77,1857.02,92.33,46.4,3.13,69.86,0
WELL-01,2026-08-03T09:00,236.45,261.8,1107.21,24.87,1887.6,92.72,52.0,3.43,75.85,0
WELL-01,2026-08-03T10:00,236.31,262.69,1111.65,25.82,1928.68,91.42,51.5,3.37,71.56,0
WELL-01,2026-08-03T11:00,237.7,251.55,1058.26,26.55,1815.13,91.29,45.4,2.96,75.27,0
WELL-01,2026-08-03T12:00,237.69,263.14,1107.08,24.84,1791.93,92.56,50.2,2.96,70.88,0
WELL-01,2026-08-03T13:00,232.23,247.83,1067.17,25.85,1794.03,91.83,47.3,3.35,76.18,0
WELL-01,2026-08-03T14:00,227.37,248.71,1093.84,24.97,1817.29,94.57,52.1,3.34,75.44,0
WELL-01,2026-08-03T15:00,225.65,245.86,1089.55,25.13,1845.85,92.37,45.7,3.01,78.13,0
WELL-01,2026-08-03T16:00,213.19,252.55,1184.59,26.35,1796.7,96.69,48.1,3.36,74.82,0
WELL-01,2026-08-03T17:00,222.87,266.27,1194.76,26.67,1884.93,95.54,45.7,3.84,74.2,0
WELL-01,2026-08-03T18:00,219.69,255.29,1162.04,26.42,1825.24,96.74,45.0,3.9,74.6,0
WELL-01,2026-08-03T19:00,226.17,268.71,1188.06,27.19,1741.82,96.55,45.5,3.64,75.63,0
WELL-01,2026-08-03T20:00,210.68,238.56,1132.35,25.96,1760.79,96.07,48.4,3.75,75.84,0
WELL-01,2026-08-03T21:00,205.3,223.36,1088.01,27.52,1755.63,96.21,45.5,3.49,77.97,0
WELL-01,2026-08-03T22:00,220.1,265.62,1206.82,26.14,1836.87,92.68,47.6,3.35,82.7,0
WELL-01,2026-08-03T23:00,218.67,253.2,1157.9,26.96,1740.1,93.07,50.9,3.92,76.38,0
WELL-01,2026-08-04T00:00,216.44,236.77,1093.91,27.39,1783.96,93.18,51.0,3.41,81.22,0
WELL-01,2026-08-04T01:00,202.96,219.51,1081.55,26.86,1742.02,97.52,44.5,4.03,83.29,0
WELL-01,2026-08-04T02:00,199.49,217.19,1088.73,27.74,1729.64,97.11,46.8,3.94,78.68,0
WELL-01,2026-08-04T03:00,212.3,236.82,1115.5,28.27,1763.31,96.28,46.3,4.21,86.13,0
WELL-01,2026-08-04T04:00,200.89,220.85,1099.32,26.39,1730.72,94.52,49.8,3.81,84.3,0
WELL-01,2026-08-04T05:00,208.3,232.65,1116.92,26.27,1698.86,96.79,47.3,3.8,81.55,0
WELL-01,2026-08-04T06:00,204.53,231.59,1132.28,26.58,1761.38,95.24,44.3,3.98,78.76,0
WELL-01,2026-08-04T07:00,195.57,220.8,1129.02,26.91,1721.02,94.03,46.7,4.07,87.46,0
WELL-01,2026-08-04T08:00,195.32,230.91,1182.21,28.79,1745.63,98.7,44.3,4.03,88.51,0
WELL-01,2026-08-04T09:00,184.29,202.69,1099.85,28.44,1730.22,98.66,44.6,4.26,85.63,0
WELL-01,2026-08-04T10:00,192.55,230.82,1198.71,26.46,1694.65,99.44,49.8,4.44,85.15,0
WELL-01,2026-08-04T11:00,186.07,226.3,1216.22,27.65,1669.62,96.64,43.0,4.81,82.61,0
WELL-01,2026-08-04T12:00,197.45,220.57,1117.06,27.37,1748.12,98.77,45.7,4.09,86.14,0
WELL-01,2026-08-04T13:00,192.21,211.95,1102.71,27.23,1738.06,97.13,44.1,4.68,82.45,0
WELL-01,2026-08-04T14:00,177.44,213.5,1203.24,28.49,1741.39,97.33,44.1,3.99,89.93,1
WELL-01,2026-08-04T15:00,184.86,219.36,1186.65,28.44,1728.4,95.88,48.3,4.66,91.81,0
WELL-01,2026-08-04T16:00,185.87,213.87,1150.64,29.38,1694.11,95.41,43.5,4.09,89.69,0
WELL-01,2026-08-04T17:00,179.32,215.6,1202.31,27.56,1671.37,97.85,43.4,4.32,86.27,1
WELL-01,2026-08-04T18:00,175.9,203.72,1158.17,28.35,1713.88,95.91,42.3,4.41,85.75,0
WELL-01,2026-08-04T19:00,182.56,204.26,1118.9,29.42,1631.82,99.76,47.0,4.96,93.52,0
WELL-01,2026-08-04T20:00,177.77,212.91,1197.68,27.92,1712.57,95.78,42.3,4.69,93.68,0
WELL-01,2026-08-04T21:00,182.39,210.74,1155.47,29.33,1668.97,98.7,48.3,5.34,87.83,1
WELL-01,2026-08-04T22:00,171.24,197.69,1154.47,29.93,1686.18,99.19,44.1,5.27,88.63,0
WELL-01,2026-08-04T23:00,179.41,215.24,1199.72,28.06,1701.64,99.92,45.3,5.25,92.4,0
WELL-01,2026-08-05T00:00,171.46,201.01,1172.3,28.61,1584.33,96.32,45.0,4.75,95.38,0
WELL-01,2026-08-05T01:00,168.62,188.74,1119.31,28.35,1600.93,97.15,41.7,4.72,88.46,1
WELL-01,2026-08-05T02:00,162.18,196.69,1212.83,28.71,1674.99,102.38,46.5,5.16,97.48,0
WELL-01,2026-08-05T03:00,169.21,200.36,1184.04,28.19,1617.76,101.48,43.3,5.13,100.14,0
WELL-01,2026-08-05T04:00,160.39,184.96,1153.24,29.81,1620.35,100.5,43.8,4.6,90.51,0
WELL-01,2026-08-05T05:00,161.75,189.62,1172.3,28.72,1562.69,101.79,43.7,5.74,97.75,0
WELL-01,2026-08-05T06:00,158.08,199.23,1260.3,28.07,1593.65,98.37,45.9,5.6,100.7,1
WELL-01,2026-08-05T07:00,158.71,194.96,1228.4,29.89,1588.64,99.75,41.9,5.77,100.72,1
WELL-01,2026-08-05T08:00,156.18,192.08,1229.87,28.63,1642.52,100.1,41.8,5.83,94.3,1
WELL-01,2026-08-05T09:00,150.95,173.61,1150.08,29.03,1628.07,102.3,44.0,5.91,94.39,0
WELL-01,2026-08-05T10:00,149.39,171.13,1145.53,29.09,1627.71,99.2,45.3,5.28,101.97,1
WELL-01,2026-08-05T11:00,148.82,173.86,1168.23,28.03,1549.54,100.14,43.0,5.53,97.39,1
WELL-01,2026-08-05T12:00,156.77,182.13,1161.78,28.73,1539.16,103.14,43.4,5.79,105.76,0
WELL-01,2026-08-05T13:00,151.64,193.54,1276.3,30.6,1567.98,102.83,40.9,5.27,100.44,1
WELL-01,2026-08-05T14:00,145.23,176.08,1212.41,29.31,1557.43,101.2,41.1,5.13,100.28,1
WELL-01,2026-08-05T15:00,151.36,194.69,1286.31,30.46,1533.28,98.69,42.1,5.16,103.79,1
WELL-01,2026-08-05T16:00,144.84,176.24,1216.78,30.85,1487.71,102.36,45.4,5.65,103.32,1
WELL-01,2026-08-05T17:00,138.17,164.1,1187.71,28.93,1511.34,98.96,44.1,5.49,97.61,1
WELL-01,2026-08-05T18:00,145.83,179.08,1227.97,29.48,1555.1,102.22,39.5,5.82,101.91,1
WELL-01,2026-08-05T19:00,139.1,161.95,1164.31,29.8,1507.67,99.99,43.7,5.63,103.4,1
WELL-01,2026-08-05T20:00,134.13,165.86,1236.6,30.91,1570.05,99.26,43.6,6.45,109.69,0
WELL-01,2026-08-05T21:00,133.5,173.06,1296.32,30.58,1528.56,104.74,39.6,6.04,104.72,1
WELL-01,2026-08-05T22:00,133.47,163.18,1222.54,31.46,1468.31,101.77,42.3,6.15,101.45,1
WELL-01,2026-08-05T23:00,128.15,155.03,1209.79,31.74,1458.59,100.09,42.7,5.7,102.19,1
WELL-01,2026-08-06T00:00,136.31,170.25,1248.95,31.34,1526.89,101.71,42.2,6.81,112.58,1
WELL-01,2026-08-06T01:00,128.42,151.08,1176.52,30.78,1512.33,101.05,43.1,5.67,102.07,1
WELL-01,2026-08-06T02:00,126.35,154.92,1226.13,30.87,1452.28,100.69,43.4,6.88,113.31,1
WELL-01,2026-08-06T03:00,128.57,152.93,1189.45,30.19,1482.11,102.17,40.0,7.0,115.76,1
WELL-01,2026-08-06T04:00,126.18,148.23,1174.7,30.7,1527.95,103.34,41.7,7.03,108.05,1
WELL-01,2026-08-06T05:00,122.69,154.5,1259.29,32.03,1470.79,100.68,43.9,7.13,115.89,1
WELL-01,2026-08-06T06:00,118.26,152.12,1286.31,29.46,1493.12,104.69,39.1,7.17,108.03,1
WELL-01,2026-08-06T07:00,120.6,142.29,1179.86,31.74,1455.18,106.7,43.4,6.99,109.91,1
WELL-01,2026-08-06T08:00,112.72,148.68,1319.09,32.53,1445.64,101.0,42.9,6.5,112.5,1
WELL-01,2026-08-06T09:00,121.32,149.61,1233.18,31.33,1440.52,103.05,39.6,7.0,119.33,1
WELL-01,2026-08-06T10:00,117.99,140.6,1191.57,30.24,1500.61,101.3,40.2,6.95,112.05,1
WELL-01,2026-08-06T11:00,108.77,132.04,1213.92,31.17,1441.36,102.5,40.4,7.09,115.61,1
WELL-01,2026-08-06T12:00,105.98,136.7,1289.93,32.56,1454.21,103.32,39.9,6.32,118.76,1
WELL-01,2026-08-06T13:00,112.87,133.39,1181.86,30.83,1376.04,106.19,42.1,6.35,111.31,1
WELL-01,2026-08-06T14:00,106.71,139.0,1302.59,32.26,1380.13,102.38,42.8,7.76,122.39,1
WELL-01,2026-08-06T15:00,109.09,132.05,1210.46,30.48,1456.57,104.66,40.6,7.37,117.66,1
WELL-01,2026-08-06T16:00,100.44,132.4,1318.25,33.17,1417.4,103.27,42.3,7.38,113.73,1
WELL-01,2026-08-06T17:00,105.5,126.68,1200.77,32.28,1452.39,102.96,40.5,7.63,119.53,1
WELL-01,2026-08-06T18:00,106.59,132.39,1242.06,31.79,1352.85,106.55,41.7,6.88,115.69,1
WELL-01,2026-08-06T19:00,96.32,127.27,1321.31,31.19,1377.64,108.64,38.6,8.17,115.12,1
WELL-01,2026-08-06T20:00,95.3,126.57,1328.15,33.43,1407.42,105.83,36.5,7.29,113.76,1
WELL-01,2026-08-06T21:00,92.15,117.73,1277.58,31.9,1348.04,104.73,41.3,8.36,126.3,1
WELL-01,2026-08-06T22:00,95.94,127.54,1329.44,32.33,1395.31,108.93,40.8,8.23,123.26,1
WELL-01,2026-08-06T23:00,93.83,115.0,1225.68,30.71,1403.09,104.45,38.2,7.41,118.42,1
WELL-01,2026-08-07T00:00,90.39,117.75,1302.73,30.97,1382.7,108.15,35.9,7.65,124.35,1
WELL-01,2026-08-07T01:00,91.69,122.74,1338.63,31.97,1378.69,103.73,40.1,7.08,122.03,1
WELL-01,2026-08-07T02:00,88.37,112.97,1278.33,30.79,1385.43,106.16,36.4,7.62,126.5,1
WELL-01,2026-08-07T03:00,86.21,112.04,1299.59,32.38,1369.2,109.8,37.2,8.51,126.57,1
WELL-01,2026-08-07T04:00,86.19,109.36,1268.83,33.86,1321.07,105.72,41.3,7.69,121.85,1
WELL-01,2026-08-07T05:00,89.11,117.92,1323.29,32.75,1406.91,103.74,37.2,7.79,119.38,1
WELL-01,2026-08-07T06:00,86.71,114.18,1316.77,31.01,1344.02,104.34,40.0,8.49,118.61,1
WELL-01,2026-08-07T07:00,94.47,113.44,1200.78,31.81,1370.65,104.05,37.5,8.36,118.46,1
WELL-01,2026-08-07T08:00,92.95,120.62,1297.7,31.58,1322.73,105.54,39.8,7.18,117.2,1
WELL-01,2026-08-07T09:00,87.32,112.87,1292.66,32.08,1388.51,106.37,37.1,8.36,123.98,1
WELL-01,2026-08-07T10:00,91.19,123.09,1349.82,31.46,1358.82,106.53,37.0,7.19,122.55,1
WELL-01,2026-08-07T11:00,89.19,115.99,1300.54,33.93,1348.15,105.74,36.2,8.28,130.05,1
WELL-01,2026-08-07T12:00,89.98,108.85,1209.71,31.18,1312.13,108.37,41.5,8.04,116.15,1
WELL-01,2026-08-07T13:00,86.62,115.0,1327.71,33.49,1392.88,107.3,41.3,6.98,128.71,1
WELL-01,2026-08-07T14:00,94.09,126.14,1340.65,32.54,1346.55,106.92,36.6,6.87,122.83,1
WELL-01,2026-08-07T15:00,90.27,118.04,1307.69,32.63,1379.39,108.65,39.2,7.24,129.2,1
WELL-01,2026-08-07T16:00,88.74,119.88,1350.96,33.59,1334.63,107.96,38.0,6.94,120.11,1
WELL-01,2026-08-07T17:00,92.58,114.55,1237.32,33.15,1408.75,109.0,41.0,7.99,128.85,1
WELL-01,2026-08-07T18:00,90.46,119.6,1322.14,32.62,1316.88,105.52,37.3,8.39,123.64,1
WELL-01,2026-08-07T19:00,94.21,118.18,1254.46,31.82,1345.75,107.48,38.6,7.03,116.34,1
WELL-01,2026-08-07T20:00,87.57,117.76,1344.73,33.92,1373.5,109.16,39.0,8.34,128.49,1
WELL-01,2026-08-07T21:00,86.15,113.46,1317.05,32.86,1353.37,108.98,39.9,8.19,119.9,1
WELL-01,2026-08-07T22:00,93.37,125.62,1345.34,31.41,1396.39,106.07,37.9,7.15,118.96,1
WELL-01,2026-08-07T23:00,87.91,105.89,1204.43,30.84,1358.57,108.06,41.1,7.81,124.91,1
WELL-01,2026-08-08T00:00,93.44,122.05,1306.12,33.28,1391.39,104.81,36.4,7.83,127.12,1
WELL-01,2026-08-08T01:00,90.25,114.47,1268.27,31.68,1309.76,103.83,40.0,8.31,120.55,1
WELL-01,2026-08-08T02:00,89.21,114.77,1286.55,32.65,1356.63,109.88,38.7,8.02,126.1,1
WELL-01,2026-08-08T03:00,90.46,108.9,1203.88,33.72,1398.79,106.69,37.6,7.49,124.29,1
WELL-01,2026-08-08T04:00,87.23,110.23,1263.7,32.97,1371.19,104.84,40.0,7.01,116.2,1
WELL-01,2026-08-08T05:00,92.61,116.24,1255.2,33.48,1334.3,108.95,37.9,8.31,125.51,1
WELL-01,2026-08-08T06:00,94.1,119.18,1266.52,32.75,1337.33,108.9,36.2,8.35,118.27,1
WELL-01,2026-08-08T07:00,92.03,123.01,1336.59,32.77,1331.35,105.32,41.7,7.76,116.28,1
WELL-01,2026-08-08T08:00,86.59,113.64,1312.36,32.83,1361.24,109.29,37.2,7.33,124.0,1
WELL-01,2026-08-08T09:00,89.65,119.18,1329.42,32.68,1406.82,104.65,41.3,7.76,123.95,1
WELL-01,2026-08-08T10:00,91.67,120.43,1313.85,31.39,1406.32,103.74,38.2,7.31,122.52,1
WELL-01,2026-08-08T11:00,93.37,123.82,1326.1,32.82,1401.18,105.48,38.7,8.52,127.27,1
WELL-01,2026-08-08T12:00,86.21,106.25,1232.51,32.32,1404.92,106.89,36.4,7.21,128.57,1
WELL-01,2026-08-08T13:00,90.98,119.27,1310.89,31.43,1344.4,104.55,40.7,8.34,125.15,1
WELL-01,2026-08-08T14:00,93.33,116.49,1248.06,33.87,1354.7,104.58,37.9,8.09,124.38,1
WELL-01,2026-08-08T15:00,89.44,107.44,1201.32,31.7,1352.33,106.78,41.3,7.46,119.08,1
WELL-01,2026-08-08T16:00,87.42,118.04,1350.32,32.62,1382.65,109.22,41.3,7.38,118.12,1
WELL-01,2026-08-08T17:00,90.13,109.59,1215.9,32.84,1393.45,109.29,38.3,8.2,128.57,1
WELL-01,2026-08-08T18:00,89.85,108.27,1204.98,32.78,1370.65,105.84,41.0,7.79,128.64,1
WELL-01,2026-08-08T19:00,86.26,105.76,1225.99,32.19,1346.54,106.75,39.6,7.57,128.6,1
WELL-01,2026-08-08T20:00,86.56,112.43,1298.92,32.07,1348.58,106.38,36.9,8.37,121.19,1
WELL-01,2026-08-08T21:00,90.39,119.19,1318.64,32.44,1327.7,104.85,35.8,6.82,124.24,1
WELL-01,2026-08-08T22:00,87.29,109.46,1253.95,33.43,1356.09,105.87,41.6,8.45,116.33,1
WELL-01,2026-08-08T23:00,87.79,116.09,1322.35,31.75,1379.45,109.3,40.3,7.68,129.58,1
WELL-01,2026-08-09T00:00,87.97,108.43,1232.46,31.09,1378.06,106.91,40.4,7.21,123.46,1
WELL-01,2026-08-09T01:00,93.42,117.47,1257.48,33.95,1363.41,103.9,37.0,6.93,115.84,1
WELL-01,2026-08-09T02:00,86.75,106.24,1224.71,33.17,1411.41,105.55,39.0,7.41,122.9,1
WELL-01,2026-08-09T03:00,94.44,114.15,1208.72,31.19,1377.48,103.86,39.3,7.1,121.69,1
WELL-01,2026-08-09T04:00,86.34,112.47,1302.67,31.17,1307.87,104.63,40.0,6.85,127.51,1
WELL-01,2026-08-09T05:00,91.87,112.36,1223.04,32.97,1387.89,103.65,40.3,8.19,117.52,1
WELL-01,2026-08-09T06:00,88.34,118.02,1335.94,32.81,1402.56,108.88,37.5,7.87,116.38,1
WELL-01,2026-08-09T07:00,86.02,108.48,1261.18,33.37,1381.73,107.65,38.9,8.05,119.48,1
WELL-01,2026-08-09T08:00,88.48,113.47,1282.54,32.49,1319.28,108.13,39.9,8.32,124.16,1
WELL-01,2026-08-09T09:00,87.65,115.87,1321.97,32.0,1314.91,105.16,37.5,7.59,121.64,1
WELL-01,2026-08-09T10:00,88.41,108.39,1226.08,31.44,1349.69,103.68,37.8,7.01,120.69,1
WELL-01,2026-08-09T11:00,91.13,112.81,1237.9,31.84,1355.0,105.43,36.5,7.06,116.49,1
WELL-01,2026-08-09T12:00,91.31,114.93,1258.7,32.43,1327.13,107.71,37.9,6.85,123.96,1
WELL-01,2026-08-09T13:00,92.28,119.92,1299.49,33.03,1308.12,109.15,41.7,7.27,115.87,1
WELL-01,2026-08-09T14:00,93.73,118.98,1269.38,32.05,1337.35,108.03,40.9,7.6,122.59,1
WELL-01,2026-08-09T15:00,90.61,117.49,1296.68,33.45,1331.31,108.38,37.4,8.01,121.21,1
WELL-01,2026-08-09T16:00,89.22,115.74,1297.35,33.87,1332.43,109.25,38.3,7.81,120.19,1
WELL-01,2026-08-09T17:00,92.9,114.57,1233.29,32.24,1319.6,109.3,36.3,8.14,129.36,1
WELL-01,2026-08-09T18:00,88.72,109.67,1236.09,30.95,1370.79,107.0,39.8,7.31,122.26,1
WELL-01,2026-08-09T19:00,93.55,121.91,1303.12,32.11,1391.92,106.04,39.5,7.52,125.52,1
WELL-01,2026-08-09T20:00,91.05,118.77,1304.52,32.22,1353.37,107.83,38.1,8.64,129.38,1
WELL-01,2026-08-09T21:00,86.0,111.46,1296.08,31.04,1347.73,105.79,41.0,7.96,126.85,1
WELL-01,2026-08-09T22:00,90.11,116.59,1293.79,32.77,1329.23,106.12,35.9,8.16,115.58,1
WELL-01,2026-08-09T23:00,93.29,119.16,1277.31,33.33,1383.54,108.06,36.3,7.53,116.24,1
WELL-01,2026-08-10T00:00,87.36,112.29,1285.36,31.33,1310.38,108.94,39.3,8.34,117.5,1
WELL-01,2026-08-10T01:00,330.67,325.36,983.96,20.78,2137.07,82.27,51.3,1.27,49.19,0
WELL-01,2026-08-10T02:00,317.03,308.91,974.4,22.04,2154.61,83.28,55.1,1.24,45.66,0
WELL-01,2026-08-10T03:00,331.5,353.0,1064.85,22.51,2271.81,85.72,51.1,1.14,45.0,0
WELL-01,2026-08-10T04:00,336.32,327.13,972.67,20.99,2129.3,85.65,58.7,1.29,49.04,0
WELL-01,2026-08-10T05:00,314.8,324.56,1031.0,21.12,2125.29,83.09,55.5,1.11,47.17,0
WELL-01,2026-08-10T06:00,338.87,354.37,1045.73,22.03,2123.77,82.91,56.5,1.09,49.47,0
WELL-01,2026-08-10T07:00,336.48,359.32,1067.87,22.64,2138.25,85.32,53.7,1.32,49.84,0
WELL-01,2026-08-10T08:00,315.71,313.76,993.83,20.71,2192.02,82.72,59.4,1.13,46.41,0
WELL-01,2026-08-10T09:00,332.22,354.49,1067.02,20.7,2188.09,87.05,57.2,1.32,48.35,0
WELL-01,2026-08-10T10:00,327.23,325.5,994.7,21.03,2206.26,85.21,56.9,1.12,45.13,0
WELL-01,2026-08-10T11:00,312.98,305.66,976.59,21.12,2145.11,82.73,59.0,1.3,45.33,0
WELL-01,2026-08-10T12:00,307.44,332.02,1079.96,21.25,2204.45,84.53,54.1,1.24,45.32,0
WELL-01,2026-08-10T13:00,333.55,342.42,1026.6,22.6,2144.36,84.12,52.8,1.11,45.65,0
WELL-01,2026-08-10T14:00,326.35,348.93,1069.21,21.7,2166.04,84.89,52.1,1.29,48.74,0
WELL-01,2026-08-10T15:00,311.23,312.29,1003.39,20.72,2268.98,86.51,52.6,1.29,46.08,0
WELL-01,2026-08-10T16:00,338.65,335.32,990.15,21.87,2188.84,86.15,59.4,1.3,47.58,0
WELL-01,2026-08-10T17:00,336.13,330.26,982.53,21.85,2209.77,83.8,52.5,1.27,49.39,0
WELL-01,2026-08-10T18:00,323.43,344.18,1064.17,22.13,2188.48,86.58,53.6,1.23,48.42,0
WELL-01,2026-08-10T19:00,310.89,335.62,1079.53,21.55,2186.58,86.15,58.7,1.21,50.1,0
WELL-01,2026-08-10T20:00,318.8,322.9,1012.86,20.5,2250.35,83.42,53.3,1.2,45.29,0
WELL-01,2026-08-10T21:00,316.4,305.04,964.11,21.1,2132.77,84.86,54.6,1.2,50.11,0
WELL-01,2026-08-10T22:00,322.59,324.82,1006.91,21.9,2241.72,84.22,58.4,1.13,50.51,0
WELL-01,2026-08-10T23:00,316.0,333.94,1056.78,21.96,2125.69,86.8,53.4,1.25,50.04,0
WELL-01,2026-08-11T00:00,311.35,335.51,1077.57,21.3,2222.06,85.5,57.1,1.24,48.99,0
WELL-01,2026-08-11T01:00,310.96,301.03,968.07,22.49,2203.71,85.54,52.3,1.37,49.77,0
WELL-01,2026-08-11T02:00,326.92,340.11,1040.33,22.21,2256.8,83.04,53.3,1.15,48.14,0
WELL-01,2026-08-11T03:00,328.69,315.38,959.49,20.89,2153.63,85.1,51.3,1.2,50.28,0
WELL-01,2026-08-11T04:00,326.7,318.16,973.87,22.5,2159.48,86.31,56.0,1.1,45.42,0
WELL-01,2026-08-11T05:00,332.7,352.98,1060.96,21.72,2164.79,83.64,53.0,1.1,47.56,0
WELL-01,2026-08-11T06:00,334.37,336.18,1005.44,22.43,2151.64,83.86,56.3,1.2,46.82,0
WELL-01,2026-08-11T07:00,322.88,346.31,1072.58,20.65,2250.81,84.64,57.6,1.15,47.85,0
WELL-01,2026-08-11T08:00,318.71,314.36,986.36,20.58,2110.49,85.96,54.6,1.19,48.1,0
WELL-01,2026-08-11T09:00,330.24,318.42,964.21,21.25,2184.62,85.36,58.8,1.17,45.29,0
WELL-01,2026-08-11T10:00,333.06,353.51,1061.41,21.31,2208.63,87.02,52.4,1.09,49.11,0
WELL-01,2026-08-11T11:00,336.77,361.8,1074.34,22.14,2137.32,82.48,59.8,1.22,49.28,0
WELL-01,2026-08-11T12:00,329.09,347.79,1056.83,21.04,2108.13,86.27,56.8,1.17,45.92,0
WELL-01,2026-08-11T13:00,325.55,317.38,974.88,21.62,2239.89,85.61,51.5,1.28,44.96,0
WELL-01,2026-08-11T14:00,311.98,315.47,1011.18,20.99,2141.4,82.67,57.3,1.1,46.46,0
WELL-01,2026-08-11T15:00,321.97,330.22,1025.6,20.9,2206.56,85.45,57.2,1.09,45.95,0
WELL-01,2026-08-11T16:00,312.58,313.87,1004.11,21.68,2173.01,84.28,57.7,1.13,47.25,0
WELL-01,2026-08-11T17:00,309.2,318.92,1031.43,20.72,2255.72,85.43,58.5,1.35,48.25,0
WELL-01,2026-08-11T18:00,333.74,333.55,999.42,21.75,2251.99,82.2,56.7,1.35,50.62,0
WELL-01,2026-08-11T19:00,334.89,322.26,962.26,21.32,2228.7,85.37,53.9,1.09,50.35,0
WELL-01,2026-08-11T20:00,324.73,333.33,1026.49,21.73,2252.56,84.56,54.0,1.35,45.02,0
WELL-01,2026-08-11T21:00,321.67,344.0,1069.42,21.92,2132.2,85.41,54.3,1.23,47.16,0
WELL-01,2026-08-11T22:00,330.14,329.31,997.49,22.37,2266.92,84.9,55.5,1.2,47.43,0
WELL-01,2026-08-11T23:00,318.84,323.61,1014.95,20.62,2118.4,86.41,53.4,1.36,49.77,0
WELL-01,2026-08-12T00:00,315.43,325.54,1032.04,21.12,2257.4,83.22,56.3,1.31,46.78,0
WELL-01,2026-08-12T01:00,313.28,301.54,962.53,20.61,2236.79,85.91,52.8,1.33,47.11,0
WELL-01,2026-08-12T02:00,310.67,324.82,1045.56,20.68,2267.18,83.44,55.7,1.24,45.41,0
WELL-01,2026-08-12T03:00,323.29,314.43,972.61,20.82,2267.92,82.73,59.0,1.24,46.35,0
WELL-01,2026-08-12T04:00,318.16,343.23,1078.8,21.87,2159.9,85.36,56.2,1.34,49.18,0
WELL-01,2026-08-12T05:00,317.78,335.67,1056.29,21.0,2153.75,86.88,55.0,1.21,46.73,0
WELL-01,2026-08-12T06:00,316.14,326.29,1032.13,21.36,2181.15,82.51,56.6,1.2,49.3,0
WELL-01,2026-08-12T07:00,322.41,337.98,1048.27,21.93,2108.14,83.37,53.1,1.2,49.2,0
WELL-01,2026-08-12T08:00,337.52,360.24,1067.33,22.14,2226.38,82.33,56.0,1.33,47.75,0
WELL-01,2026-08-12T09:00,321.0,344.39,1072.85,22.29,2151.0,82.42,57.3,1.21,50.13,0
WELL-01,2026-08-12T10:00,328.59,332.11,1010.72,21.26,2219.64,82.71,51.3,1.27,49.63,0
WELL-01,2026-08-12T11:00,327.24,336.16,1027.26,21.23,2209.62,84.22,55.4,1.32,49.34,0
WELL-01,2026-08-12T12:00,311.85,308.28,988.57,22.5,2270.56,86.87,53.9,1.34,46.31,0
WELL-01,2026-08-12T13:00,329.2,344.78,1047.33,22.39,2261.54,84.43,52.1,1.14,48.93,0
WELL-01,2026-08-12T14:00,317.57,305.76,962.81,21.51,2222.69,82.19,51.8,1.16,48.45,0
WELL-01,2026-08-12T15:00,329.71,341.67,1036.27,21.48,2236.26,82.58,51.7,1.32,47.47,0
WELL-01,2026-08-12T16:00,327.49,329.77,1006.97,20.77,2253.39,86.72,57.9,1.2,49.11,0
WELL-01,2026-08-12T17:00,317.02,312.19,984.75,21.7,2222.7,86.92,54.7,1.17,50.3,0
WELL-01,2026-08-12T18:00,327.62,315.43,962.8,22.25,2226.01,86.88,55.0,1.27,48.9,0
WELL-01,2026-08-12T19:00,333.35,322.18,966.48,22.25,2119.58,86.13,53.8,1.3,45.92,0
WELL-01,2026-08-12T20:00,311.48,314.94,1011.11,21.35,2210.8,82.22,54.2,1.25,49.67,0
WELL-01,2026-08-12T21:00,322.37,336.32,1043.28,22.58,2129.35,83.39,59.5,1.36,49.51,0
WELL-01,2026-08-12T22:00,329.91,334.66,1014.4,21.92,2244.92,84.5,56.8,1.16,48.04,0
WELL-01,2026-08-12T23:00,308.21,303.16,983.62,21.92,2202.31,86.46,59.4,1.22,45.89,0
WELL-01,2026-08-13T00:00,313.95,310.48,988.94,21.47,2244.29,83.72,59.0,1.1,50.39,0
WELL-01,2026-08-13T01:00,326.91,323.76,990.38,20.57,2185.08,83.09,54.5,1.35,49.64,0
WELL-01,2026-08-13T02:00,328.89,335.73,1020.8,22.22,2107.84,85.94,51.7,1.26,47.45,0
WELL-01,2026-08-13T03:00,329.13,333.33,1012.73,21.44,2160.89,85.65,53.2,1.25,48.96,0
WELL-01,2026-08-13T04:00,334.0,350.49,1049.37,21.99,2154.46,86.87,56.3,1.12,48.42,0
WELL-01,2026-08-13T05:00,335.67,351.81,1048.1,21.86,2133.1,84.27,55.5,1.16,46.33,0
WELL-01,2026-08-13T06:00,319.77,341.51,1067.97,22.6,2173.22,86.74,59.5,1.3,47.48,0
WELL-01,2026-08-13T07:00,311.13,307.77,989.21,21.71,2123.53,85.33,55.7,1.32,46.89,0
WELL-01,2026-08-13T08:00,307.13,321.05,1045.33,20.94,2237.59,82.48,56.5,1.23,45.21,0
WELL-01,2026-08-13T09:00,318.06,307.97,968.3,22.46,2248.82,82.95,55.3,1.36,50.52,0
WELL-01,2026-08-13T10:00,332.76,347.72,1044.94,21.75,2108.09,83.06,56.4,1.08,46.03,0
WELL-01,2026-08-13T11:00,312.54,319.14,1021.1,22.15,2195.89,86.9,56.7,1.17,46.67,0
WELL-01,2026-08-13T12:00,337.91,324.27,959.64,21.85,2127.64,84.91,55.3,1.18,48.43,0
WELL-01,2026-08-13T13:00,318.85,311.11,975.73,21.53,2201.06,84.1,57.0,1.16,48.64,0
WELL-01,2026-08-13T14:00,310.16,312.89,1008.8,20.69,2207.53,83.0,52.1,1.25,45.75,0
WELL-01,2026-08-13T15:00,337.52,337.12,998.81,21.01,2133.07,87.04,58.2,1.12,47.69,0
WELL-01,2026-08-13T16:00,324.33,344.21,1061.27,22.19,2265.82,85.33,57.5,1.18,47.26,0
WELL-01,2026-08-13T17:00,326.41,338.76,1037.84,21.97,2183.23,85.39,53.1,1.3,44.96,0
WELL-01,2026-08-13T18:00,313.09,335.99,1073.14,20.89,2202.89,82.91,59.1,1.31,47.09,0
WELL-01,2026-08-13T19:00,322.92,309.97,959.91,21.18,2257.07,82.87,56.7,1.28,46.01,0
WELL-01,2026-08-13T20:00,315.41,312.38,990.38,21.84,2191.49,86.79,57.1,1.27,49.15,0
WELL-01,2026-08-13T21:00,312.94,313.07,1000.43,21.72,2208.78,84.91,52.1,1.1,50.52,0
WELL-01,2026-08-13T22:00,329.26,319.72,971.04,22.19,2135.33,85.11,57.0,1.24,45.4,0
WELL-01,2026-08-13T23:00,324.42,339.07,1045.14,21.42,2250.99,85.17,58.7,1.21,49.37,0
WELL-01,2026-08-14T00:00,322.22,337.5,1047.42,20.87,2116.35,85.44,51.8,1.16,50.06,0
WELL-01,2026-08-14T01:00,334.81,331.22,989.26,21.57,2272.78,83.55,58.8,1.18,50.09,0
WELL-01,2026-08-14T02:00,332.91,347.33,1043.31,22.47,2256.55,84.49,59.1,1.33,45.66,0
WELL-01,2026-08-14T03:00,321.52,313.16,974.0,22.31,2165.88,85.43,57.1,1.16,48.49,0
WELL-01,2026-08-14T04:00,308.99,301.18,974.71,21.23,2163.49,85.2,54.6,1.32,46.93,0
WELL-01,2026-08-14T05:00,315.48,305.49,968.35,20.71,2124.96,87.1,54.6,1.09,45.5,0
WELL-01,2026-08-14T06:00,338.42,348.56,1029.96,22.05,2191.81,83.29,57.0,1.1,47.33,0
WELL-01,2026-08-14T07:00,327.8,322.6,984.12,21.25,2194.99,85.29,53.2,1.34,45.83,0
WELL-01,2026-08-14T08:00,322.07,324.89,1008.76,20.65,2185.43,86.73,54.9,1.16,47.4,0
WELL-01,2026-08-14T09:00,324.12,349.08,1077.01,22.47,2173.87,83.77,57.9,1.31,45.45,0
WELL-01,2026-08-14T10:00,338.86,348.14,1027.39,21.06,2271.1,85.57,56.3,1.12,46.86,0
WELL-01,2026-08-14T11:00,310.51,316.52,1019.34,21.18,2257.31,83.65,56.4,1.2,49.95,0
WELL-01,2026-08-14T12:00,314.45,324.92,1033.32,21.76,2147.89,84.28,57.7,1.35,46.79,0
WELL-01,2026-08-14T13:00,338.23,343.8,1016.46,22.08,2194.59,83.96,52.6,1.25,46.88,0
WELL-01,2026-08-14T14:00,338.58,350.07,1033.95,21.51,2266.06,84.47,51.2,1.19,50.21,0
WELL-01,2026-08-14T15:00,310.16,324.0,1044.64,21.89,2172.99,83.59,58.4,1.37,46.6,0
WELL-01,2026-08-14T16:00,322.26,346.96,1076.62,22.29,2235.4,86.6,57.0,1.18,48.85,0
WELL-01,2026-08-14T17:00,310.63,334.44,1076.66,20.72,2267.97,86.08,55.6,1.14,50.01,0
WELL-01,2026-08-14T18:00,328.48,323.31,984.27,21.46,2165.69,83.41,57.3,1.21,46.62,0
WELL-01,2026-08-14T19:00,310.29,324.5,1045.82,22.18,2113.55,84.86,57.7,1.15,49.65,0
WELL-01,2026-08-14T20:00,338.0,339.73,1005.12,22.53,2146.44,82.26,51.7,1.16,49.09,0
WELL-01,2026-08-14T21:00,319.76,341.18,1067.0,20.63,2196.81,84.95,59.9,1.28,50.15,0
WELL-01,2026-08-14T22:00,315.51,337.9,1070.97,21.62,2135.33,85.42,51.6,1.35,47.65,0
WELL-01,2026-08-14T23:00,331.81,344.77,1039.06,22.37,2189.3,85.41,59.1,1.37,50.6,0
WELL-01,2026-08-15T00:00,319.62,321.58,1006.14,22.45,2246.53,85.08,57.6,1.2,50.06,0
WELL-01,2026-08-15T01:00,330.31,317.42,960.99,20.83,2147.3,84.66,51.3,1.22,49.95,0
WELL-01,2026-08-15T02:00,314.74,317.06,1007.37,20.89,2206.28,82.25,55.2,1.32,45.9,0
WELL-01,2026-08-15T03:00,321.44,332.48,1034.34,20.74,2269.11,83.68,52.9,1.37,48.42,0
WELL-01,2026-08-15T04:00,318.91,339.19,1063.58,21.98,2156.58,86.82,54.4,1.12,46.95,0
WELL-01,2026-08-15T05:00,308.57,310.97,1007.79,22.64,2223.31,87.18,54.5,1.1,50.24,0
WELL-01,2026-08-15T06:00,329.74,348.32,1056.36,21.88,2183.34,86.97,59.8,1.2,45.93,0
WELL-01,2026-08-15T07:00,324.63,331.13,1020.03,22.42,2121.31,86.5,53.6,1.35,48.75,0
WELL-01,2026-08-15T08:00,311.39,300.92,966.37,21.69,2131.9,83.97,59.6,1.33,45.35,0
WELL-01,2026-08-15T09:00,319.07,318.72,998.91,21.79,2135.77,87.08,54.7,1.29,50.09,0
WELL-01,2026-08-15T10:00,311.36,299.49,961.86,21.94,2254.67,84.06,56.8,1.36,46.98,0
WELL-01,2026-08-15T11:00,335.54,352.67,1051.05,20.58,2179.33,86.84,54.3,1.11,48.55,0
WELL-01,2026-08-15T12:00,317.98,307.35,966.57,22.58,2142.17,86.29,58.2,1.1,50.51,0
WELL-01,2026-08-15T13:00,332.96,353.25,1060.96,20.77,2160.65,83.61,53.3,1.1,48.18,0
WELL-01,2026-08-15T14:00,310.04,301.98,973.99,22.46,2202.72,83.7,53.4,1.26,46.41,0
WELL-01,2026-08-15T15:00,326.19,319.83,980.49,21.02,2176.91,84.63,55.9,1.25,50.01,0
WELL-01,2026-08-15T16:00,332.43,343.6,1033.58,20.9,2258.9,84.71,59.3,1.27,48.7,0
WELL-01,2026-08-15T17:00,314.57,319.58,1015.93,22.08,2248.61,86.83,53.3,1.22,46.61,0
WELL-01,2026-08-15T18:00,336.16,363.18,1080.38,22.04,2184.65,82.41,59.5,1.26,48.43,0
WELL-01,2026-08-15T19:00,338.67,357.6,1055.89,22.32,2131.88,86.44,51.7,1.29,48.48,0
WELL-01,2026-08-15T20:00,308.71,307.26,995.3,20.53,2176.7,84.43,56.7,1.33,49.33,0
WELL-01,2026-08-15T21:00,319.6,325.54,1018.56,21.34,2251.2,83.55,54.4,1.35,49.38,0
WELL-01,2026-08-15T22:00,331.55,347.94,1049.41,22.01,2214.64,86.63,55.5,1.14,50.66,0
WELL-01,2026-08-15T23:00,323.24,316.33,978.61,21.0,2258.41,82.24,53.9,1.28,46.0,0
WELL-01,2026-08-16T00:00,321.22,322.59,1004.29,22.19,2234.93,84.17,56.0,1.14,45.97,0
WELL-01,2026-08-16T01:00,326.12,345.26,1058.7,20.6,2241.98,82.75,57.5,1.32,46.25,0
WELL-01,2026-08-16T02:00,309.4,305.41,987.12,22.07,2257.41,85.26,56.3,1.11,47.09,0
WELL-01,2026-08-16T03:00,312.2,323.63,1036.6,21.62,2180.1,87.07,57.9,1.2,50.47,0
WELL-01,2026-08-16T04:00,329.87,344.47,1044.28,21.3,2236.32,87.08,55.9,1.17,49.49,0
WELL-01,2026-08-16T05:00,325.86,318.35,976.96,22.23,2243.54,85.81,53.9,1.3,47.23,0
WELL-01,2026-08-16T06:00,328.05,333.13,1015.47,22.41,2232.36,82.85,52.6,1.35,45.31,0
WELL-01,2026-08-16T07:00,325.99,320.81,984.11,21.91,2106.29,84.32,56.9,1.27,48.73,0
WELL-01,2026-08-16T08:00,310.24,320.72,1033.79,20.67,2121.85,86.03,58.7,1.37,45.11,0
WELL-01,2026-08-16T09:00,330.54,343.28,1038.52,22.09,2144.45,83.83,55.2,1.14,49.87,0
WELL-01,2026-08-16T10:00,335.04,355.36,1060.66,20.81,2116.27,87.17,57.5,1.36,49.75,0
WELL-01,2026-08-16T11:00,330.55,352.26,1065.67,21.61,2190.48,83.87,59.2,1.17,50.49,0
WELL-01,2026-08-16T12:00,313.59,305.96,975.66,21.18,2247.98,82.6,51.1,1.35,49.4,0
WELL-01,2026-08-16T13:00,334.42,334.2,999.35,21.38,2122.89,86.16,52.3,1.29,46.19,0
WELL-01,2026-08-16T14:00,314.94,333.15,1057.82,21.88,2124.73,85.69,53.0,1.1,46.03,0
WELL-01,2026-08-16T15:00,318.94,327.78,1027.72,20.55,2158.88,83.15,57.1,1.24,47.96,0
WELL-01,2026-08-16T16:00,336.54,324.14,963.14,22.03,2275.24,84.18,56.3,1.11,47.39,0
WELL-01,2026-08-16T17:00,323.23,316.15,978.1,21.51,2186.31,85.31,58.1,1.12,50.32,0
WELL-01,2026-08-16T18:00,318.32,327.66,1029.33,20.74,2199.98,82.99,52.5,1.23,48.95,0
WELL-01,2026-08-16T19:00,314.25,306.71,976.0,21.81,2174.78,83.49,55.5,1.32,45.63,0
WELL-01,2026-08-16T20:00,319.73,337.41,1055.29,22.45,2186.42,83.43,58.2,1.33,46.53,0
WELL-01,2026-08-16T21:00,316.94,308.46,973.27,20.89,2228.38,84.44,54.7,1.14,48.53,0
WELL-01,2026-08-16T22:00,313.91,318.77,1015.49,21.28,2162.0,87.13,52.5,1.33,49.76,0
WELL-01,2026-08-16T23:00,320.6,344.73,1075.24,20.67,2149.36,86.25,58.0,1.2,50.16,0
WELL-01,2026-08-17T00:00,333.18,351.42,1054.72,21.46,2181.24,86.39,59.8,1.19,48.39,0
WELL-01,2026-08-17T01:00,325.29,327.28,1006.11,22.57,2187.94,86.41,56.1,1.17,47.73,0
WELL-01,2026-08-17T02:00,315.55,305.67,968.68,22.22,2246.82,84.75,52.5,1.27,47.05,0
WELL-01,2026-08-17T03:00,333.06,351.93,1056.66,22.36,2146.13,86.33,53.7,1.1,47.25,0
WELL-01,2026-08-17T04:00,316.06,316.75,1002.19,20.6,2212.65,83.12,57.1,1.14,48.84,0
WELL-01,2026-08-17T05:00,326.22,337.06,1033.22,20.81,2208.11,84.48,57.7,1.18,46.49,0
WELL-01,2026-08-17T06:00,322.23,311.53,966.79,21.36,2162.59,84.04,53.6,1.28,49.75,0
WELL-01,2026-08-17T07:00,318.14,332.6,1045.45,22.53,2198.27,82.71,57.8,1.17,50.19,0
WELL-01,2026-08-17T08:00,307.42,314.77,1023.92,21.53,2260.81,83.36,57.4,1.11,45.53,0
WELL-01,2026-08-17T09:00,315.39,335.17,1062.72,22.06,2139.19,86.11,56.8,1.34,46.75,0
WELL-01,2026-08-17T10:00,323.36,341.57,1056.32,22.06,2161.77,83.55,58.0,1.2,49.1,0
WELL-01,2026-08-17T11:00,328.82,322.22,979.94,21.67,2247.04,85.84,52.7,1.19,46.13,0
WELL-01,2026-08-17T12:00,325.51,348.15,1069.56,21.76,2248.14,85.51,57.4,1.15,48.72,0
WELL-01,2026-08-17T13:00,337.19,363.89,1079.16,20.78,2259.09,86.13,51.5,1.16,45.13,0
WELL-01,2026-08-17T14:00,309.38,316.36,1022.57,22.39,2232.08,83.75,54.9,1.31,49.37,0
WELL-01,2026-08-17T15:00,313.76,317.92,1013.24,20.54,2156.01,87.2,59.6,1.25,50.12,0
WELL-01,2026-08-17T16:00,320.01,307.65,961.38,21.57,2232.17,84.58,52.1,1.14,48.52,0
WELL-01,2026-08-17T17:00,333.77,346.02,1036.72,21.1,2187.51,83.78,53.0,1.27,49.47,0
WELL-01,2026-08-17T18:00,337.64,337.6,999.86,21.05,2205.66,85.84,58.5,1.24,48.09,0
WELL-01,2026-08-17T19:00,313.99,326.42,1039.57,21.51,2238.9,86.29,58.3,1.09,49.59,0
WELL-01,2026-08-17T20:00,315.67,324.18,1026.96,22.5,2257.3,82.88,53.4,1.18,48.5,0
WELL-01,2026-08-17T21:00,316.35,327.97,1036.75,21.44,2238.72,84.9,56.5,1.19,46.41,0
WELL-01,2026-08-17T22:00,330.19,352.0,1066.05,22.25,2172.9,86.88,53.8,1.29,48.12,0
WELL-01,2026-08-17T23:00,327.17,353.05,1079.08,20.59,2253.14,82.99,55.9,1.23,46.82,0
WELL-01,2026-08-18T00:00,329.38,319.22,969.16,22.35,2273.11,84.73,57.7,1.17,45.7,0
WELL-01,2026-08-18T01:00,317.71,318.74,1003.23,21.54,2121.67,85.31,51.4,1.35,48.64,0
WELL-01,2026-08-18T02:00,334.75,340.88,1018.33,21.25,2250.3,82.64,56.7,1.36,48.91,0
WELL-01,2026-08-18T03:00,320.48,315.29,983.82,21.92,2239.9,83.96,51.9,1.2,46.89,0
WELL-01,2026-08-18T04:00,323.35,339.18,1048.96,21.55,2177.75,82.28,55.4,1.18,49.35,0
WELL-01,2026-08-18T05:00,334.21,351.94,1053.04,22.46,2251.53,85.89,59.9,1.35,50.15,0
WELL-01,2026-08-18T06:00,324.95,328.66,1011.43,20.71,2121.35,84.84,54.8,1.08,47.47,0
WELL-01,2026-08-18T07:00,339.24,330.79,975.09,22.02,2148.85,85.9,59.0,1.31,48.33,0
WELL-01,2026-08-18T08:00,316.28,321.32,1015.93,21.64,2265.1,84.63,59.3,1.33,46.95,0
WELL-01,2026-08-18T09:00,316.94,321.03,1012.91,22.01,2181.02,83.84,55.6,1.37,50.05,0
WELL-01,2026-08-18T10:00,326.9,334.12,1022.09,22.44,2183.7,86.14,53.9,1.36,45.08,0
WELL-01,2026-08-18T11:00,320.71,341.71,1065.47,22.33,2136.41,84.12,59.7,1.34,46.16,0
WELL-01,2026-08-18T12:00,312.81,324.47,1037.25,20.93,2176.13,83.8,51.8,1.28,49.2,0
WELL-01,2026-08-18T13:00,307.3,326.98,1064.06,21.05,2184.23,82.82,58.8,1.32,50.17,0
WELL-01,2026-08-18T14:00,330.38,353.58,1070.22,21.42,2126.82,85.02,56.8,1.24,50.01,0
WELL-01,2026-08-18T15:00,316.18,330.82,1046.3,21.93,2200.26,86.77,56.3,1.33,47.96,0
WELL-01,2026-08-18T16:00,327.72,315.35,962.26,21.06,2107.0,83.59,54.6,1.26,45.77,0
WELL-01,2026-08-18T17:00,315.94,335.04,1060.45,20.97,2251.48,82.6,51.1,1.11,47.85,0
WELL-01,2026-08-18T18:00,314.11,331.84,1056.45,22.38,2261.28,86.49,54.2,1.13,45.44,0
WELL-01,2026-08-18T19:00,336.2,345.74,1028.38,21.82,2197.24,82.95,59.0,1.21,48.28,0
WELL-01,2026-08-18T20:00,334.14,328.3,982.55,20.65,2164.81,86.13,52.9,1.16,45.18,0
WELL-01,2026-08-18T21:00,312.5,329.12,1053.18,22.39,2148.77,82.69,59.1,1.35,45.46,0
WELL-01,2026-08-18T22:00,319.72,330.47,1033.61,20.88,2171.55,87.13,52.1,1.08,50.06,0
WELL-01,2026-08-18T23:00,311.2,309.41,994.25,21.36,2148.63,86.07,55.1,1.17,48.64,0
WELL-01,2026-08-19T00:00,331.98,336.85,1014.66,21.35,2125.98,85.62,59.4,1.33,50.04,0
WELL-01,2026-08-19T01:00,315.09,326.91,1037.51,20.61,2196.05,86.99,52.9,1.1,46.45,0
WELL-01,2026-08-19T02:00,337.62,326.37,966.68,21.47,2246.63,83.49,52.9,1.37,46.22,0
WELL-01,2026-08-19T03:00,321.52,326.04,1014.06,21.07,2214.82,82.32,58.1,1.16,48.39,0
WELL-01,2026-08-19T04:00,324.41,346.54,1068.22,22.44,2194.03,82.2,57.3,1.21,50.57,0
WELL-01,2026-08-19T05:00,334.4,335.13,1002.18,22.2,2185.96,83.83,55.3,1.3,47.47,0
WELL-01,2026-08-19T06:00,308.25,326.42,1058.95,21.08,2168.57,82.8,55.8,1.19,49.01,0
WELL-01,2026-08-19T07:00,309.01,332.52,1076.08,22.51,2233.87,87.14,53.7,1.14,49.52,0
WELL-01,2026-08-19T08:00,337.07,348.7,1034.49,21.83,2247.41,83.9,54.0,1.1,45.57,0
WELL-01,2026-08-19T09:00,320.96,318.15,991.24,21.52,2182.55,87.02,51.2,1.36,48.35,0
WELL-01,2026-08-19T10:00,326.88,317.39,970.98,22.1,2134.87,85.91,56.8,1.2,45.39,0
WELL-01,2026-08-19T11:00,335.39,324.16,966.51,20.59,2145.47,86.76,55.8,1.12,50.68,0
WELL-01,2026-08-19T12:00,314.66,337.58,1072.84,21.22,2150.76,84.72,59.9,1.34,50.2,0
WELL-01,2026-08-19T13:00,323.13,348.41,1078.24,20.57,2198.35,86.18,59.4,1.27,49.81,0
WELL-01,2026-08-19T14:00,338.9,352.92,1041.38,20.52,2166.08,86.31,59.6,1.24,46.02,0
WELL-01,2026-08-19T15:00,328.4,348.11,1060.02,21.77,2207.4,83.79,51.6,1.1,46.08,0
WELL-01,2026-08-19T16:00,320.29,331.92,1036.32,20.62,2123.91,85.93,53.4,1.36,45.37,0
WELL-01,2026-08-19T17:00,335.71,355.6,1059.23,20.82,2221.63,83.91,55.4,1.36,45.78,0
WELL-01,2026-08-19T18:00,338.35,365.17,1079.26,21.48,2275.52,83.57,54.2,1.34,48.15,0
WELL-01,2026-08-19T19:00,318.84,330.58,1036.81,21.23,2204.29,83.99,59.9,1.19,48.08,0
WELL-01,2026-08-19T20:00,333.24,329.13,987.68,20.88,2245.11,84.94,55.6,1.37,46.17,0
WELL-01,2026-08-19T21:00,320.79,327.37,1020.49,21.44,2255.85,86.92,54.7,1.1,45.5,0
WELL-01,2026-08-19T22:00,325.38,332.11,1020.68,20.81,2220.53,86.27,59.1,1.22,45.74,0
WELL-01,2026-08-19T23:00,336.33,336.12,999.36,22.09,2222.15,83.11,53.2,1.29,47.22,0
WELL-01,2026-08-20T00:00,325.97,324.75,996.24,22.33,2147.51,84.81,56.8,1.2,47.58,0
WELL-01,2026-08-20T01:00,327.65,320.85,979.23,22.12,2176.73,85.33,57.2,1.22,50.52,0
WELL-01,2026-08-20T02:00,326.95,327.96,1003.07,20.49,2216.54,82.9,57.3,1.15,47.42,0
WELL-01,2026-08-20T03:00,337.74,336.67,996.81,21.13,2245.9,83.45,53.3,1.29,50.6,0
WELL-01,2026-08-20T04:00,308.65,304.17,985.48,20.76,2163.4,85.23,55.2,1.34,50.19,0
WELL-01,2026-08-20T05:00,329.45,324.21,984.09,21.38,2172.2,86.23,55.6,1.08,47.53,0
WELL-01,2026-08-20T06:00,313.24,320.57,1023.4,22.13,2276.09,83.99,57.5,1.27,46.34,0
WELL-01,2026-08-20T07:00,337.8,330.45,978.24,21.85,2237.36,83.04,57.3,1.09,48.8,0
WELL-01,2026-08-20T08:00,311.87,328.73,1054.05,20.61,2232.31,84.37,52.1,1.31,49.5,0
WELL-01,2026-08-20T09:00,328.21,333.79,1016.99,21.13,2189.87,83.89,54.4,1.1,45.58,0
WELL-01,2026-08-20T10:00,322.71,325.02,1007.17,21.44,2231.31,85.07,51.0,1.21,50.35,0
WELL-01,2026-08-20T11:00,315.82,319.48,1011.58,21.55,2185.85,87.1,59.3,1.14,49.59,0
WELL-01,2026-08-20T12:00,321.79,327.15,1016.65,22.63,2121.41,84.5,51.4,1.12,47.94,0
WELL-01,2026-08-20T13:00,309.36,330.95,1069.76,22.1,2240.39,84.01,57.9,1.36,49.63,0
WELL-01,2026-08-20T14:00,332.91,324.91,975.96,21.56,2226.89,83.17,59.6,1.22,48.53,0
WELL-01,2026-08-20T15:00,319.91,332.89,1040.57,20.88,2158.76,85.55,56.5,1.23,48.58,0
WELL-01,2026-08-20T16:00,337.81,364.39,1078.7,21.55,2192.38,83.52,54.7,1.16,50.26,0
WELL-01,2026-08-20T17:00,337.03,359.68,1067.2,20.57,2253.34,82.64,58.8,1.11,48.48,0
WELL-01,2026-08-20T18:00,333.9,352.24,1054.91,22.49,2254.03,85.07,56.3,1.21,49.55,0
WELL-01,2026-08-20T19:00,327.78,346.55,1057.25,20.69,2161.44,82.6,51.2,1.13,48.03,0
WELL-01,2026-08-20T20:00,315.43,309.75,981.98,20.62,2135.09,86.01,54.1,1.21,49.67,0
WELL-01,2026-08-20T21:00,317.43,309.45,974.85,20.51,2189.48,84.39,52.5,1.32,47.65,0
WELL-01,2026-08-20T22:00,323.08,324.75,1005.17,21.52,2192.63,85.52,52.5,1.3,46.49,0
WELL-01,2026-08-20T23:00,319.86,310.88,971.91,21.7,2121.61,83.22,55.2,1.18,45.67,0
WELL-01,2026-08-21T00:00,314.82,329.54,1046.78,20.53,2103.53,85.96,59.7,1.12,46.11,0
WELL-01,2026-08-21T01:00,336.87,338.15,1003.8,22.03,2152.27,83.85,54.3,1.27,47.24,0
WELL-01,2026-08-21T02:00,328.45,348.99,1062.53,21.31,2257.3,82.22,54.6,1.19,45.68,0
WELL-01,2026-08-21T03:00,314.82,307.87,977.93,21.62,2204.69,82.85,54.8,1.18,50.24,0
WELL-01,2026-08-21T04:00,334.76,342.26,1022.42,21.75,2216.5,85.55,52.5,1.19,48.12,0
WELL-01,2026-08-21T05:00,336.95,343.09,1018.2,22.3,2205.7,85.58,55.8,1.08,50.14,0
WELL-01,2026-08-21T06:00,338.38,365.72,1080.79,21.7,2190.48,85.62,55.1,1.12,50.31,0
WELL-01,2026-08-21T07:00,307.25,320.17,1042.05,21.15,2271.49,84.69,58.6,1.13,50.4,0
WELL-01,2026-08-21T08:00,336.15,350.72,1043.34,21.11,2121.2,84.28,55.2,1.36,49.31,0
WELL-01,2026-08-21T09:00,316.01,332.27,1051.45,20.5,2249.36,84.69,59.0,1.21,49.35,0
WELL-01,2026-08-21T10:00,335.76,324.03,965.04,20.92,2102.49,85.67,52.4,1.16,45.26,0
WELL-01,2026-08-21T11:00,333.68,353.85,1060.43,21.93,2221.79,86.1,54.1,1.19,45.39,0
WELL-01,2026-08-21T12:00,307.89,304.54,989.11,21.31,2207.91,82.75,53.1,1.29,48.67,0
WELL-01,2026-08-21T13:00,336.24,340.15,1011.62,20.93,2206.64,83.71,56.7,1.17,46.1,0
WELL-01,2026-08-21T14:00,324.0,329.76,1017.78,20.49,2260.16,86.44,52.9,1.34,49.54,0
WELL-01,2026-08-21T15:00,331.96,337.23,1015.86,22.06,2235.82,82.87,51.7,1.28,50.47,0
WELL-01,2026-08-21T16:00,330.41,341.92,1034.82,22.45,2201.05,85.54,56.1,1.2,45.37,0
WELL-01,2026-08-21T17:00,320.23,335.91,1048.96,20.97,2116.33,85.92,53.0,1.26,50.33,0
WELL-01,2026-08-21T18:00,331.82,331.49,999.01,22.35,2182.02,85.17,55.8,1.12,45.95,0
WELL-01,2026-08-21T19:00,307.5,314.2,1021.8,22.13,2103.12,83.01,52.2,1.37,45.43,0
WELL-01,2026-08-21T20:00,310.8,298.35,959.93,21.08,2115.46,87.18,58.0,1.26,46.25,0
WELL-01,2026-08-21T21:00,327.33,341.04,1041.89,22.55,2197.3,84.62,53.8,1.14,45.92,0
WELL-01,2026-08-21T22:00,319.74,334.87,1047.32,21.42,2273.87,85.51,56.6,1.31,45.63,0
WELL-01,2026-08-21T23:00,321.03,333.34,1038.33,20.62,2216.21,85.34,57.1,1.22,46.65,0
WELL-01,2026-08-22T00:00,317.16,306.26,965.66,20.79,2233.71,86.12,59.9,1.32,48.74,0
WELL-01,2026-08-22T01:00,313.93,338.73,1078.98,21.14,2172.34,84.22,57.3,1.19,45.27,0
WELL-01,2026-08-22T02:00,323.78,341.15,1053.66,22.27,2149.1,83.26,52.4,1.11,45.57,0
WELL-01,2026-08-22T03:00,320.69,314.01,979.18,20.59,2199.18,84.62,59.8,1.16,48.97,0
WELL-01,2026-08-22T04:00,315.49,310.41,983.9,22.26,2226.03,82.6,55.8,1.12,47.87,0
WELL-01,2026-08-22T05:00,337.45,334.01,989.78,21.15,2164.33,86.75,58.1,1.34,47.65,0
WELL-01,2026-08-22T06:00,308.92,302.16,978.1,22.51,2168.77,82.53,52.0,1.08,48.21,0
WELL-01,2026-08-22T07:00,334.35,356.52,1066.31,21.67,2137.55,85.65,55.5,1.12,50.19,0
WELL-01,2026-08-22T08:00,320.45,340.47,1062.46,21.33,2137.35,83.82,56.7,1.17,49.0,0
WELL-01,2026-08-22T09:00,337.92,339.79,1005.54,20.49,2222.67,85.83,58.3,1.13,49.67,0
WELL-01,2026-08-22T10:00,318.96,329.85,1034.13,22.03,2213.9,83.3,59.1,1.24,47.92,0
WELL-01,2026-08-22T11:00,336.78,334.4,992.93,22.09,2160.65,85.15,52.1,1.23,45.83,0
WELL-01,2026-08-22T12:00,331.68,354.04,1067.41,22.45,2156.14,83.05,52.0,1.12,49.61,0
WELL-01,2026-08-22T13:00,313.82,335.3,1068.43,21.79,2259.76,83.31,52.6,1.34,48.76,0
WELL-01,2026-08-22T14:00,334.33,339.7,1016.05,20.51,2135.02,84.06,59.2,1.24,50.05,0
WELL-01,2026-08-22T15:00,320.88,322.82,1006.04,21.24,2262.73,83.22,56.7,1.15,48.42,0
WELL-01,2026-08-22T16:00,329.63,322.81,979.29,22.23,2148.8,82.84,57.6,1.35,50.31,0
WELL-01,2026-08-22T17:00,328.32,324.05,986.98,22.06,2188.59,87.18,54.4,1.37,47.42,0
WELL-01,2026-08-22T18:00,316.99,313.21,988.06,22.45,2161.46,82.41,55.7,1.16,50.62,0
WELL-01,2026-08-22T19:00,315.28,326.51,1035.64,20.87,2127.42,86.16,57.7,1.18,47.11,0
WELL-01,2026-08-22T20:00,311.52,312.64,1003.6,22.17,2237.26,84.78,53.1,1.34,48.37,0
WELL-01,2026-08-22T21:00,331.93,354.8,1068.9,22.28,2252.16,86.03,57.3,1.25,47.84,0
WELL-01,2026-08-22T22:00,336.42,328.88,977.61,20.54,2154.91,83.37,55.4,1.27,49.04,0
WELL-01,2026-08-22T23:00,320.76,329.12,1026.04,21.28,2171.38,86.21,51.7,1.31,47.22,0
WELL-01,2026-08-23T00:00,324.2,313.47,966.9,20.9,2205.89,85.33,59.0,1.2,45.01,0
WELL-01,2026-08-23T01:00,319.37,308.0,964.4,21.85,2187.68,82.17,54.5,1.29,46.75,0
WELL-01,2026-08-23T02:00,336.8,338.29,1004.43,21.15,2121.62,86.79,54.3,1.23,50.06,0
WELL-01,2026-08-23T03:00,322.55,312.62,969.22,21.67,2174.26,86.39,53.1,1.2,48.06,0
WELL-01,2026-08-23T04:00,338.59,359.15,1060.73,21.42,2241.88,83.6,51.9,1.09,50.42,0
WELL-01,2026-08-23T05:00,336.81,326.79,970.23,21.01,2110.91,83.64,56.7,1.13,50.2,0
WELL-01,2026-08-23T06:00,326.2,333.57,1022.57,21.47,2118.35,82.6,54.0,1.13,50.37,0
WELL-01,2026-08-23T07:00,308.01,304.29,987.93,20.85,2148.48,84.19,53.7,1.26,49.48,0
WELL-01,2026-08-23T08:00,330.08,322.53,977.14,21.36,2144.68,83.77,57.9,1.33,45.44,0
WELL-01,2026-08-23T09:00,314.7,329.84,1048.1,21.66,2191.25,83.89,51.8,1.08,49.91,0
WELL-01,2026-08-23T10:00,333.25,356.85,1070.8,20.51,2253.16,84.1,53.0,1.14,47.41,0
WELL-01,2026-08-23T11:00,333.62,337.43,1011.41,21.36,2142.16,82.92,58.3,1.11,48.49,0
WELL-01,2026-08-23T12:00,335.27,325.76,971.62,21.62,2113.53,86.47,57.0,1.22,45.03,0
WELL-01,2026-08-23T13:00,338.45,360.95,1066.48,22.01,2202.77,82.26,51.1,1.14,48.55,0
WELL-01,2026-08-23T14:00,327.01,321.08,981.89,20.89,2271.1,84.59,54.0,1.09,45.15,0
WELL-01,2026-08-23T15:00,318.42,340.42,1069.06,21.16,2227.66,86.1,57.9,1.15,46.76,0
WELL-01,2026-08-23T16:00,335.12,339.4,1012.77,22.12,2180.46,82.38,53.9,1.35,49.39,0
WELL-01,2026-08-23T17:00,326.95,338.46,1035.2,22.41,2204.83,86.46,51.1,1.35,45.32,0
WELL-01,2026-08-23T18:00,331.57,350.13,1055.99,21.37,2239.28,83.69,56.8,1.36,49.07,0
WELL-01,2026-08-23T19:00,319.93,344.09,1075.51,21.47,2172.22,83.26,54.3,1.36,46.22,0
WELL-01,2026-08-23T20:00,319.34,326.98,1023.94,21.15,2104.37,83.06,57.0,1.16,50.34,0
WELL-01,2026-08-23T21:00,309.58,297.17,959.91,21.5,2206.94,87.24,53.0,1.23,47.88,0
WELL-01,2026-08-23T22:00,326.12,320.09,981.53,21.87,2145.4,86.21,56.7,1.23,45.43,0
WELL-01,2026-08-23T23:00,310.77,319.11,1026.85,22.56,2240.28,86.91,56.2,1.17,50.42,0
WELL-01,2026-08-24T00:00,309.99,302.47,975.75,22.05,2193.61,82.95,52.5,1.31,47.16,0
WELL-01,2026-08-24T01:00,335.5,333.78,994.87,22.14,2207.38,82.65,56.4,1.17,48.71,0
WELL-01,2026-08-24T02:00,337.28,343.57,1018.64,20.61,2167.56,83.51,57.6,1.22,50.33,0
WELL-01,2026-08-24T03:00,328.9,344.34,1046.95,22.08,2221.4,85.48,55.7,1.17,46.89,0
WELL-01,2026-08-24T04:00,323.2,316.98,980.75,22.24,2235.71,82.79,55.0,1.24,46.44,0
WELL-01,2026-08-24T05:00,307.82,307.91,1000.29,22.5,2113.07,86.36,55.9,1.31,46.69,0
WELL-01,2026-08-24T06:00,336.69,352.66,1047.42,21.72,2272.5,86.12,58.2,1.17,47.65,0
WELL-01,2026-08-24T07:00,323.31,318.46,985.0,21.86,2245.81,84.05,55.7,1.13,46.8,0
WELL-01,2026-08-24T08:00,331.01,318.98,963.65,22.63,2198.39,86.94,59.2,1.2,49.82,0
WELL-01,2026-08-24T09:00,309.17,302.68,978.99,22.56,2182.64,86.17,58.5,1.09,45.5,0
WELL-01,2026-08-24T10:00,327.95,330.19,1006.84,21.39,2170.61,83.98,59.2,1.13,45.6,0
WELL-01,2026-08-24T11:00,318.86,324.93,1019.02,22.06,2262.2,87.24,51.2,1.32,49.69,0
WELL-01,2026-08-24T12:00,339.22,351.88,1037.3,22.09,2273.43,85.31,59.5,1.17,48.38,0
WELL-01,2026-08-24T13:00,328.25,347.09,1057.41,22.17,2219.07,82.98,55.5,1.11,45.54,0
WELL-01,2026-08-24T14:00,308.85,298.99,968.07,20.73,2121.79,82.84,57.5,1.18,48.58,0
WELL-01,2026-08-24T15:00,319.71,334.41,1045.97,22.05,2158.74,86.06,59.8,1.31,49.11,0
WELL-01,2026-08-24T16:00,325.06,315.26,969.84,21.56,2182.37,87.14,59.0,1.29,47.7,0
WELL-01,2026-08-24T17:00,320.62,333.6,1040.46,21.94,2168.14,85.98,59.4,1.31,45.35,0
WELL-01,2026-08-24T18:00,331.46,342.53,1033.4,21.71,2246.06,85.53,58.0,1.31,47.19,0
WELL-01,2026-08-24T19:00,322.07,344.66,1070.15,22.17,2214.1,86.06,58.9,1.11,45.23,0
WELL-01,2026-08-24T20:00,324.14,335.98,1036.53,21.43,2273.51,83.47,56.9,1.26,47.48,0
WELL-01,2026-08-24T21:00,337.41,333.87,989.51,20.84,2167.95,85.1,57.7,1.16,46.14,0
WELL-01,2026-08-24T22:00,318.74,313.45,983.4,21.56,2102.78,82.95,59.7,1.3,48.52,0
WELL-01,2026-08-24T23:00,313.16,335.81,1072.34,21.43,2165.88,86.11,55.3,1.23,46.21,0
WELL-01,2026-08-25T00:00,322.32,346.66,1075.51,20.71,2273.53,85.87,56.0,1.15,46.73,0
WELL-01,2026-08-25T01:00,318.93,342.23,1073.05,21.0,2113.98,83.75,51.4,1.15,46.28,0
WELL-01,2026-08-25T02:00,330.97,320.03,966.93,21.4,2189.4,85.6,56.7,1.13,45.83,0
WELL-01,2026-08-25T03:00,311.19,317.71,1020.95,20.65,2164.85,84.31,58.4,1.33,49.51,0
WELL-01,2026-08-25T04:00,309.97,334.34,1078.59,22.12,2133.67,85.62,51.6,1.08,45.39,0
WELL-01,2026-08-25T05:00,309.31,334.01,1079.86,21.87,2110.26,82.23,52.7,1.32,46.55,0
WELL-01,2026-08-25T06:00,324.59,334.8,1031.44,21.18,2247.65,86.75,59.7,1.15,50.18,0
WELL-01,2026-08-25T07:00,328.77,354.66,1078.75,20.56,2210.33,85.03,59.7,1.15,48.12,0
WELL-01,2026-08-25T08:00,321.99,344.85,1071.0,22.21,2118.65,83.57,53.9,1.21,46.48,0
WELL-01,2026-08-25T09:00,321.73,339.34,1054.75,22.5,2185.29,82.69,55.6,1.24,48.31,0
WELL-01,2026-08-25T10:00,327.58,327.85,1000.83,21.49,2210.52,83.25,58.9,1.14,46.98,0
WELL-01,2026-08-25T11:00,322.34,346.37,1074.55,21.88,2255.66,85.16,53.4,1.21,48.57,0
WELL-01,2026-08-25T12:00,328.69,331.27,1007.84,22.19,2261.69,83.21,51.4,1.08,46.18,0
WELL-01,2026-08-25T13:00,326.14,342.55,1050.32,20.95,2168.33,82.17,58.8,1.34,50.13,0
WELL-01,2026-08-25T14:00,319.86,310.79,971.67,21.67,2137.55,84.42,59.8,1.33,47.51,0
WELL-01,2026-08-25T15:00,324.03,335.49,1035.37,22.51,2263.43,85.47,54.6,1.26,46.24,0
WELL-01,2026-08-25T16:00,334.84,340.23,1016.1,22.57,2276.01,86.25,58.6,1.34,49.61,0
WELL-01,2026-08-25T17:00,326.08,340.95,1045.6,22.09,2269.13,87.12,58.7,1.2,48.9,0
WELL-01,2026-08-25T18:00,329.83,324.75,984.6,22.31,2202.78,83.67,59.0,1.23,49.29,0
WELL-01,2026-08-25T19:00,336.24,361.22,1074.29,21.3,2248.71,83.49,56.6,1.27,48.3,0
WELL-01,2026-08-25T20:00,326.38,346.61,1061.99,21.82,2268.17,82.62,54.8,1.1,48.43,0
WELL-01,2026-08-25T21:00,318.72,332.99,1044.78,21.3,2153.68,84.2,57.4,1.19,49.41,0
WELL-01,2026-08-25T22:00,327.74,318.0,970.28,20.78,2156.34,85.58,52.0,1.19,49.1,0
WELL-01,2026-08-25T23:00,331.28,349.25,1054.24,21.74,2223.72,84.48,57.1,1.21,48.23,0
WELL-01,2026-08-26T00:00,321.73,312.83,972.35,20.5,2211.09,85.66,51.9,1.32,50.47,0
WELL-01,2026-08-26T01:00,309.31,301.02,973.21,22.25,2233.59,82.66,57.0,1.29,46.5,0
WELL-01,2026-08-26T02:00,322.02,336.39,1044.61,22.0,2252.01,82.22,53.2,1.34,48.97,0
WELL-01,2026-08-26T03:00,323.26,347.48,1074.91,22.28,2221.57,85.17,52.7,1.3,50.23,0
WELL-01,2026-08-26T04:00,312.61,320.11,1024.0,22.61,2133.61,83.27,58.8,1.25,49.99,0
WELL-01,2026-08-26T05:00,332.53,320.48,963.79,20.53,2268.97,85.88,56.6,1.24,47.38,0
WELL-01,2026-08-26T06:00,326.85,346.63,1060.51,21.96,2275.67,85.55,53.1,1.34,48.61,0
WELL-01,2026-08-26T07:00,314.1,337.55,1074.63,20.54,2189.31,86.48,55.3,1.14,46.38,0
WELL-01,2026-08-26T08:00,329.4,343.99,1044.29,21.66,2229.7,83.65,52.1,1.23,47.0,0
WELL-01,2026-08-26T09:00,331.89,332.07,1000.56,21.25,2174.07,86.86,57.7,1.14,49.77,0
WELL-01,2026-08-26T10:00,331.38,329.09,993.1,21.86,2273.41,85.7,55.7,1.33,46.52,0
WELL-01,2026-08-26T11:00,313.53,319.83,1020.09,20.96,2132.27,85.42,51.6,1.24,49.44,0
WELL-01,2026-08-26T12:00,323.03,345.48,1069.5,21.24,2243.72,83.08,59.2,1.17,49.0,0
WELL-01,2026-08-26T13:00,308.44,301.1,976.21,22.37,2218.31,85.62,58.6,1.35,50.38,0
WELL-01,2026-08-26T14:00,319.18,311.95,977.38,21.06,2277.04,82.73,53.3,1.32,50.54,0
WELL-01,2026-08-26T15:00,313.0,303.05,968.24,21.64,2106.96,85.1,55.8,1.17,48.6,0
WELL-01,2026-08-26T16:00,333.38,353.32,1059.8,22.36,2250.98,82.79,53.4,1.27,50.61,0
WELL-01,2026-08-26T17:00,334.0,323.29,967.93,22.25,2235.21,83.0,51.2,1.3,48.24,0
WELL-01,2026-08-26T18:00,331.54,339.97,1025.42,21.95,2115.17,84.15,59.0,1.29,45.36,0
WELL-01,2026-08-26T19:00,338.95,333.76,984.68,20.49,2189.49,82.22,58.8,1.23,50.46,0
WELL-01,2026-08-26T20:00,317.07,323.06,1018.92,21.86,2121.77,85.1,52.1,1.35,47.35,0
WELL-01,2026-08-26T21:00,329.24,354.16,1075.7,22.25,2160.64,82.39,57.0,1.3,45.96,0
WELL-01,2026-08-26T22:00,321.13,331.8,1033.22,22.28,2245.37,84.81,56.9,1.2,48.09,0
WELL-01,2026-08-26T23:00,336.51,348.63,1036.03,20.51,2176.78,85.9,53.4,1.14,48.59,0
WELL-01,2026-08-27T00:00,320.84,324.2,1010.46,22.63,2184.27,84.25,54.5,1.18,49.58,0
WELL-01,2026-08-27T01:00,327.32,346.66,1059.08,20.54,2250.73,84.89,55.8,1.19,45.11,0
WELL-01,2026-08-27T02:00,334.78,355.17,1060.93,21.97,2225.07,85.61,59.2,1.1,45.19,0
WELL-01,2026-08-27T03:00,326.74,320.68,981.44,20.91,2267.65,85.14,51.6,1.31,47.28,0
WELL-01,2026-08-27T04:00,322.55,317.57,984.54,21.13,2267.03,83.43,56.5,1.1,50.53,0
WELL-01,2026-08-27T05:00,328.13,353.54,1077.41,20.94,2132.46,85.1,56.0,1.19,47.46,0
WELL-01,2026-08-27T06:00,334.78,334.85,1000.21,20.55,2157.55,86.75,56.0,1.34,49.86,0
WELL-01,2026-08-27T07:00,329.56,328.15,995.73,22.47,2198.11,87.01,55.6,1.36,47.07,0
WELL-01,2026-08-27T08:00,318.97,324.2,1016.4,21.18,2218.46,85.48,51.4,1.33,46.23,0
WELL-01,2026-08-27T09:00,334.01,354.22,1060.48,22.46,2268.56,86.62,57.7,1.11,47.07,0
WELL-01,2026-08-27T10:00,311.64,322.19,1033.87,22.32,2122.81,82.99,58.3,1.3,50.62,0
WELL-01,2026-08-27T11:00,325.29,351.8,1081.49,20.88,2112.62,84.98,53.4,1.16,45.23,0
WELL-01,2026-08-27T12:00,328.56,331.41,1008.7,21.57,2250.99,83.8,51.5,1.1,49.05,0
WELL-01,2026-08-27T13:00,328.69,335.37,1020.32,21.38,2148.38,82.6,54.4,1.27,47.03,0
WELL-01,2026-08-27T14:00,328.04,350.71,1069.11,22.38,2217.18,82.49,54.6,1.17,48.85,0
WELL-01,2026-08-27T15:00,338.32,354.96,1049.21,21.28,2264.74,82.85,57.7,1.14,50.1,0
WELL-01,2026-08-27T16:00,319.29,339.8,1064.25,21.09,2183.35,86.3,55.8,1.17,49.74,0
WELL-01,2026-08-27T17:00,314.9,314.37,998.31,20.51,2164.88,87.21,51.7,1.15,45.11,0
WELL-01,2026-08-27T18:00,323.93,311.29,960.98,22.62,2272.27,84.83,54.5,1.16,49.74,0
WELL-01,2026-08-27T19:00,312.49,300.71,962.3,21.35,2174.99,86.58,53.6,1.22,45.15,0
WELL-01,2026-08-27T20:00,317.14,313.97,989.99,20.5,2231.85,86.45,57.8,1.32,50.59,0
WELL-01,2026-08-27T21:00,335.85,336.6,1002.23,20.94,2227.45,83.8,57.4,1.14,45.35,0
WELL-01,2026-08-27T22:00,311.38,329.34,1057.67,21.31,2162.52,84.85,57.6,1.3,49.72,0
WELL-01,2026-08-27T23:00,307.36,315.68,1027.08,22.15,2252.32,86.41,51.5,1.29,47.38,0
WELL-01,2026-08-28T00:00,320.79,336.33,1048.44,20.6,2251.45,86.76,57.6,1.12,49.21,0
WELL-01,2026-08-28T01:00,316.35,318.68,1007.35,21.83,2259.62,85.9,59.2,1.22,45.21,0
WELL-01,2026-08-28T02:00,333.02,339.69,1020.0,22.28,2216.33,85.94,56.8,1.35,46.1,0
WELL-01,2026-08-28T03:00,320.91,318.73,993.22,22.23,2192.46,85.35,54.4,1.2,47.14,0
WELL-01,2026-08-28T04:00,324.35,311.26,959.62,20.56,2273.1,83.13,55.0,1.23,50.33,0
WELL-01,2026-08-28T05:00,322.02,311.15,966.26,21.21,2201.27,83.52,53.8,1.17,49.78,0
WELL-01,2026-08-28T06:00,333.98,360.43,1079.2,20.51,2244.84,84.93,52.5,1.14,47.25,0
WELL-01,2026-08-28T07:00,308.14,324.22,1052.19,21.22,2198.51,86.9,57.4,1.19,49.16,0
WELL-01,2026-08-28T08:00,328.53,341.89,1040.66,20.65,2201.76,83.31,52.0,1.19,45.96,0
WELL-01,2026-08-28T09:00,316.43,342.09,1081.1,21.41,2209.08,83.12,58.5,1.09,46.95,0
WELL-01,2026-08-28T10:00,333.35,340.13,1020.34,20.84,2179.21,85.54,55.5,1.36,47.37,0
WELL-01,2026-08-28T11:00,323.29,331.32,1024.87,22.51,2246.96,82.24,56.9,1.2,46.86,0
WELL-01,2026-08-28T12:00,309.35,316.65,1023.61,21.14,2232.24,85.66,51.1,1.28,48.41,0
WELL-01,2026-08-28T13:00,307.52,302.93,985.09,21.41,2224.81,83.67,54.3,1.1,47.43,0
WELL-01,2026-08-28T14:00,334.67,348.5,1041.33,20.98,2218.84,85.23,52.8,1.24,46.18,0
WELL-01,2026-08-28T15:00,338.17,333.2,985.3,21.58,2254.29,84.25,55.0,1.2,50.34,0
WELL-01,2026-08-28T16:00,325.6,347.22,1066.41,21.17,2208.57,85.49,53.8,1.19,48.86,0
WELL-01,2026-08-28T17:00,313.73,320.17,1020.55,22.28,2173.34,86.14,54.9,1.35,49.95,0
WELL-01,2026-08-28T18:00,312.94,325.24,1039.3,21.56,2229.42,82.46,56.6,1.25,49.56,0
WELL-01,2026-08-28T19:00,323.65,339.95,1050.38,21.82,2208.32,85.01,57.9,1.14,46.25,0
WELL-01,2026-08-28T20:00,309.62,307.12,991.93,21.98,2111.28,83.7,59.2,1.31,49.66,0
WELL-01,2026-08-28T21:00,332.24,359.07,1080.74,21.0,2154.11,85.08,51.6,1.22,49.19,0
WELL-01,2026-08-28T22:00,312.98,311.16,994.17,21.16,2184.35,85.92,54.8,1.14,48.11,0
WELL-01,2026-08-28T23:00,307.96,327.99,1065.02,20.72,2249.7,85.6,51.5,1.25,50.16,0
WELL-01,2026-08-29T00:00,328.87,332.67,1011.55,22.59,2183.65,84.08,59.7,1.2,47.68,0
WELL-01,2026-08-29T01:00,326.15,317.99,974.98,21.67,2166.47,84.0,54.4,1.2,49.54,0
WELL-01,2026-08-29T02:00,327.82,350.66,1069.65,21.23,2221.26,86.05,56.1,1.21,50.27,0
WELL-01,2026-08-29T03:00,317.1,319.09,1006.25,21.79,2140.76,86.31,57.9,1.1,48.55,0
WELL-01,2026-08-29T04:00,309.83,310.26,1001.39,22.42,2132.87,87.22,54.7,1.19,48.25,0
WELL-01,2026-08-29T05:00,337.76,358.86,1062.48,21.78,2238.46,82.72,57.9,1.09,48.74,0
WELL-01,2026-08-29T06:00,324.19,330.77,1020.28,21.51,2108.7,85.85,55.7,1.3,46.07,0
WELL-01,2026-08-29T07:00,331.63,329.0,992.04,20.98,2187.2,86.33,52.6,1.24,46.64,0
WELL-01,2026-08-29T08:00,337.34,357.93,1061.05,21.67,2141.1,85.18,51.4,1.16,47.31,0
WELL-01,2026-08-29T09:00,313.51,327.78,1045.52,21.91,2195.77,84.84,59.6,1.17,48.36,0
WELL-01,2026-08-29T10:00,311.08,308.83,992.76,21.71,2137.35,86.27,52.3,1.17,48.95,0
WELL-01,2026-08-29T11:00,337.1,354.44,1051.43,22.02,2142.46,86.24,53.4,1.25,47.85,0
WELL-01,2026-08-29T12:00,338.76,326.67,964.32,22.27,2142.02,84.4,52.2,1.2,45.86,0
WELL-01,2026-08-29T13:00,315.95,335.09,1060.57,21.17,2208.67,87.13,57.1,1.25,46.79,0
WELL-01,2026-08-29T14:00,337.99,354.29,1048.24,22.14,2228.89,86.21,51.4,1.24,45.0,0
WELL-01,2026-08-29T15:00,329.53,350.92,1064.89,22.16,2276.08,82.64,55.2,1.09,49.6,0
WELL-01,2026-08-29T16:00,311.17,318.38,1023.16,21.94,2267.03,87.16,59.9,1.15,47.09,0
WELL-01,2026-08-29T17:00,324.49,324.86,1001.13,21.65,2252.66,86.19,57.6,1.26,48.24,0
WELL-01,2026-08-29T18:00,337.95,337.33,998.17,21.14,2184.11,82.96,56.5,1.36,45.91,0
WELL-01,2026-08-29T19:00,325.25,328.07,1008.67,21.87,2187.26,83.32,51.7,1.1,45.83,0
WELL-01,2026-08-29T20:00,310.16,333.84,1076.32,21.45,2240.37,85.01,56.5,1.11,48.69,0
WELL-01,2026-08-29T21:00,320.75,330.03,1028.96,20.63,2210.65,86.02,53.4,1.21,49.55,0
WELL-01,2026-08-29T22:00,332.89,350.44,1052.71,21.68,2239.27,85.26,51.5,1.3,49.43,0
WELL-01,2026-08-29T23:00,332.0,357.56,1076.97,20.68,2127.16,86.92,51.3,1.12,49.74,0
WELL-01,2026-08-30T00:00,312.1,327.76,1050.19,20.86,2139.12,86.44,58.5,1.11,45.16,0
WELL-01,2026-08-30T01:00,323.12,347.19,1074.51,21.12,2201.14,84.74,57.8,1.17,46.65,0
WELL-01,2026-08-30T02:00,319.88,307.23,960.46,22.31,2171.76,83.84,51.2,1.37,46.12,0
WELL-01,2026-08-30T03:00,308.71,319.42,1034.68,22.12,2245.27,83.06,59.8,1.21,47.8,0
WELL-01,2026-08-30T04:00,323.89,322.3,995.09,21.53,2258.63,86.48,57.3,1.36,49.96,0
WELL-01,2026-08-30T05:00,315.5,339.15,1074.95,21.5,2115.48,86.78,53.5,1.12,50.07,0
WELL-01,2026-08-30T06:00,319.56,310.82,972.63,20.88,2215.11,85.22,59.6,1.37,46.92,0
WELL-01,2026-08-30T07:00,316.05,306.92,971.11,22.04,2232.87,86.86,54.5,1.19,49.13,0
WELL-01,2026-08-30T08:00,308.28,326.42,1058.84,21.54,2247.9,83.46,54.3,1.28,46.63,0
WELL-01,2026-08-30T09:00,333.35,337.98,1013.91,20.95,2142.41,84.24,52.9,1.33,46.28,0
WELL-01,2026-08-30T10:00,311.09,301.56,969.38,20.85,2204.82,86.81,58.8,1.31,46.28,0
WELL-01,2026-08-30T11:00,336.75,329.36,978.06,21.65,2146.18,85.88,52.0,1.18,47.47,0
WELL-01,2026-08-30T12:00,313.04,311.41,994.81,21.33,2192.72,83.61,56.7,1.32,50.27,0
WELL-01,2026-08-30T13:00,308.08,303.27,984.38,20.75,2131.71,85.8,58.0,1.2,49.74,0
WELL-01,2026-08-30T14:00,325.58,340.0,1044.29,22.36,2139.66,84.03,58.5,1.34,47.97,0
WELL-01,2026-08-30T15:00,329.23,318.2,966.5,21.85,2144.21,84.86,55.8,1.34,45.49,0
WELL-01,2026-08-30T16:00,317.86,317.32,998.29,21.78,2152.06,86.26,58.7,1.16,48.85,0
WELL-01,2026-08-30T17:00,310.18,329.41,1062.0,20.85,2216.27,85.74,51.5,1.32,45.83,0
WELL-01,2026-08-30T18:00,323.27,341.25,1055.62,21.98,2182.61,82.97,55.2,1.18,48.7,0
WELL-01,2026-08-30T19:00,331.02,328.01,990.9,22.32,2172.2,85.36,59.5,1.11,47.35,0
WELL-01,2026-08-30T20:00,322.13,310.07,962.56,20.84,2222.52,85.59,58.1,1.13,50.0,0
WELL-01,2026-08-30T21:00,329.78,356.49,1080.99,21.49,2134.27,84.34,52.8,1.35,45.27,0
WELL-01,2026-08-30T22:00,310.55,317.06,1020.95,21.19,2277.1,83.06,55.5,1.16,48.11,0
WELL-01,2026-08-30T23:00,331.12,354.27,1069.93,22.15,2233.97,85.99,54.6,1.33,46.93,0
WELL-01,2026-08-31T00:00,324.67,318.52,981.06,21.73,2144.37,85.5,52.1,1.13,49.79,0
WELL-01,2026-08-31T01:00,329.08,353.71,1074.86,22.39,2257.2,84.61,59.4,1.31,45.56,0
WELL-01,2026-08-31T02:00,327.34,339.36,1036.73,22.14,2196.85,84.88,51.6,1.12,46.89,0
WELL-01,2026-08-31T03:00,330.56,344.5,1042.17,21.98,2134.77,83.09,57.3,1.32,48.47,0
WELL-01,2026-08-31T04:00,333.03,325.76,978.17,20.49,2207.18,86.95,54.1,1.37,49.22,0
WELL-01,2026-08-31T05:00,311.45,327.45,1051.37,21.03,2155.52,85.41,55.0,1.1,50.54,0
WELL-01,2026-08-31T06:00,336.18,340.12,1011.72,20.82,2203.7,85.1,53.2,1.1,46.59,0
WELL-01,2026-08-31T07:00,315.56,308.93,978.99,21.69,2177.19,82.43,56.9,1.1,49.71,0
WELL-01,2026-08-31T08:00,313.37,303.12,967.28,22.58,2172.15,83.47,57.3,1.26,45.86,0
WELL-01,2026-08-31T09:00,329.7,343.75,1042.61,20.93,2157.16,86.44,54.8,1.36,48.0,0
WELL-01,2026-08-31T10:00,325.09,322.03,990.57,21.7,2165.17,86.53,58.9,1.36,48.96,0
WELL-01,2026-08-31T11:00,328.44,326.69,994.68,20.77,2118.06,85.51,59.4,1.15,46.86,0
WELL-01,2026-08-31T12:00,317.01,312.45,985.6,20.77,2231.44,85.71,52.8,1.34,46.83,0
WELL-01,2026-08-31T13:00,327.5,324.69,991.41,22.27,2230.74,83.46,55.5,1.32,46.25,0
WELL-01,2026-08-31T14:00,307.15,313.69,1021.29,21.66,2124.49,85.05,57.5,1.26,46.17,0
WELL-01,2026-08-31T15:00,315.49,332.92,1055.27,21.47,2167.92,82.17,51.7,1.34,50.49,0
WELL-01,2026-08-31T16:00,325.41,313.16,962.35,22.63,2270.27,83.71,57.9,1.09,46.94,0
WELL-01,2026-08-31T17:00,338.23,347.94,1028.71,20.65,2227.44,84.4,55.4,1.36,46.13,0
WELL-01,2026-08-31T18:00,335.94,340.41,1013.31,21.3,2137.79,82.56,52.1,1.36,45.69,0
WELL-01,2026-08-31T19:00,320.68,325.77,1015.86,22.61,2119.32,82.68,53.1,1.1,47.77,0
WELL-01,2026-08-31T20:00,314.13,320.59,1020.54,21.65,2197.62,83.52,55.7,1.15,46.41,0
WELL-01,2026-08-31T21:00,318.07,314.9,990.05,20.62,2208.09,87.09,52.6,1.27,46.47,0
WELL-01,2026-08-31T22:00,327.76,348.05,1061.91,21.21,2244.52,85.67,53.4,1.25,50.48,0
WELL-01,2026-08-31T23:00,328.64,334.08,1016.55,21.75,2103.84,83.17,55.2,1.33,45.8,0
WELL-01,2026-09-01T00:00,332.87,340.89,1024.07,21.44,2103.17,83.24,56.3,1.19,46.54,0
WELL-01,2026-09-01T01:00,332.52,323.35,972.42,21.66,2222.87,84.19,59.7,1.08,45.85,0
WELL-01,2026-09-01T02:00,321.01,325.05,1012.61,21.03,2251.67,87.11,53.3,1.08,46.19,0
WELL-01,2026-09-01T03:00,337.81,326.45,966.36,21.11,2276.71,82.84,54.8,1.2,48.31,0
WELL-01,2026-09-01T04:00,307.33,305.28,993.33,20.82,2271.37,83.86,53.1,1.36,50.22,0
WELL-01,2026-09-01T05:00,313.06,319.84,1021.65,22.1,2182.64,86.33,58.5,1.26,50.56,0
WELL-01,2026-09-01T06:00,313.67,337.21,1075.03,22.45,2225.74,82.24,54.4,1.24,48.98,0
WELL-01,2026-09-01T07:00,320.68,314.94,982.1,20.9,2267.77,86.45,57.0,1.15,45.97,0
WELL-01,2026-09-01T08:00,327.81,320.85,978.76,20.59,2255.4,83.73,59.5,1.21,50.55,0
WELL-01,2026-09-01T09:00,323.7,349.75,1080.49,21.6,2177.65,83.45,55.4,1.31,50.53,0
WELL-01,2026-09-01T10:00,314.15,330.27,1051.31,21.74,2218.11,82.91,58.5,1.31,48.7,0
WELL-01,2026-09-01T11:00,337.58,356.0,1054.56,20.83,2274.82,83.12,53.8,1.3,46.67,0
WELL-01,2026-09-01T12:00,334.09,353.77,1058.91,21.9,2222.27,85.94,58.9,1.18,49.97,0
WELL-01,2026-09-01T13:00,332.93,335.96,1009.11,22.38,2230.48,83.86,56.5,1.24,46.7,0
WELL-01,2026-09-01T14:00,322.74,317.85,984.86,21.69,2175.99,84.96,56.4,1.31,50.58,0
WELL-01,2026-09-01T15:00,318.43,316.68,994.52,20.61,2184.87,84.22,51.2,1.13,49.63,0
WELL-01,2026-09-01T16:00,308.77,326.62,1057.8,21.52,2194.9,85.11,57.7,1.17,47.4,0
WELL-01,2026-09-01T17:00,325.63,325.25,998.84,21.09,2261.7,83.55,54.8,1.08,50.45,0
WELL-01,2026-09-01T18:00,325.85,346.71,1063.99,20.93,2246.95,84.83,52.7,1.35,45.12,0
WELL-01,2026-09-01T19:00,334.41,325.15,972.33,22.22,2189.68,85.75,59.7,1.24,49.26,0
WELL-01,2026-09-01T20:00,328.12,326.88,996.21,21.23,2262.25,86.7,54.2,1.23,50.06,0
WELL-01,2026-09-01T21:00,319.01,329.06,1031.52,22.29,2227.77,83.08,57.3,1.14,46.38,0
WELL-01,2026-09-01T22:00,327.46,334.73,1022.19,22.47,2155.82,83.19,56.7,1.32,45.17,0
WELL-01,2026-09-01T23:00,338.45,352.25,1040.78,21.26,2155.4,86.96,54.2,1.33,46.21,0
WELL-01,2026-09-02T00:00,335.05,333.78,996.21,20.59,2105.15,83.18,54.9,1.31,48.65,0
WELL-01,2026-09-02T01:00,326.16,322.24,987.99,22.61,2178.5,83.45,56.6,1.33,49.95,0
WELL-01,2026-09-02T02:00,316.27,321.92,1017.86,21.69,2151.9,83.03,52.2,1.28,50.17,0
WELL-01,2026-09-02T03:00,331.87,331.47,998.78,21.36,2127.47,84.4,59.5,1.37,49.88,0
WELL-01,2026-09-02T04:00,314.43,334.49,1063.8,20.62,2186.8,82.36,51.7,1.15,50.11,0
WELL-01,2026-09-02T05:00,324.66,323.58,996.68,21.08,2207.28,85.29,59.6,1.34,46.7,0
WELL-01,2026-09-02T06:00,326.3,340.98,1044.99,22.48,2190.26,86.48,55.3,1.35,50.47,0
WELL-01,2026-09-02T07:00,318.32,316.67,994.82,22.52,2158.65,83.8,55.4,1.26,47.81,0
WELL-01,2026-09-02T08:00,331.87,343.49,1035.02,22.41,2242.25,86.89,59.9,1.1,46.91,0
WELL-01,2026-09-02T09:00,325.28,319.84,983.29,20.74,2128.96,82.19,51.7,1.15,47.36,0
WELL-01,2026-09-02T10:00,331.02,357.98,1081.44,21.45,2172.88,85.18,56.6,1.24,49.68,0
WELL-01,2026-09-02T11:00,338.74,353.86,1044.62,22.14,2200.51,84.9,55.4,1.24,45.36,0
WELL-01,2026-09-02T12:00,335.77,343.48,1022.97,21.76,2143.41,84.03,54.5,1.28,50.2,0
WELL-01,2026-09-02T13:00,309.45,310.54,1003.54,21.98,2214.54,83.95,53.5,1.15,46.17,0
WELL-01,2026-09-02T14:00,331.07,354.46,1070.67,20.86,2210.95,84.68,53.2,1.09,45.54,0
WELL-01,2026-09-02T15:00,335.25,356.71,1063.99,20.66,2123.55,83.93,56.7,1.21,45.9,0
WELL-01,2026-09-02T16:00,309.72,301.22,972.54,22.13,2196.3,85.5,56.9,1.32,47.86,0
WELL-01,2026-09-02T17:00,321.02,330.5,1029.54,22.33,2184.51,83.31,53.3,1.13,50.19,0
WELL-01,2026-09-02T18:00,337.01,331.01,982.21,20.61,2252.91,83.96,55.0,1.17,47.73,0
WELL-01,2026-09-02T19:00,335.54,352.36,1050.14,22.37,2134.06,84.09,52.1,1.17,46.71,0
WELL-01,2026-09-02T20:00,333.17,341.27,1024.34,21.31,2193.3,85.87,55.8,1.24,48.73,0
WELL-01,2026-09-02T21:00,321.89,345.47,1073.26,21.32,2270.98,84.09,56.9,1.26,47.27,0
WELL-01,2026-09-02T22:00,310.62,305.25,982.72,22.62,2157.16,87.18,53.1,1.3,49.99,0
WELL-01,2026-09-02T23:00,324.5,331.7,1022.2,21.5,2141.14,84.17,56.8,1.29,50.47,0
WELL-01,2026-09-03T00:00,329.54,316.54,960.56,21.41,2222.39,84.03,51.4,1.1,46.25,0
WELL-01,2026-09-03T01:00,332.39,328.9,989.49,21.03,2206.34,83.58,56.6,1.14,48.8,0
WELL-01,2026-09-03T02:00,339.0,347.59,1025.33,22.25,2255.44,83.38,54.0,1.18,49.53,0
WELL-01,2026-09-03T03:00,307.7,304.65,990.06,21.02,2185.15,82.2,54.5,1.25,49.93,0
WELL-01,2026-09-03T04:00,309.42,331.05,1069.91,20.66,2206.12,85.3,52.7,1.11,45.11,0
WELL-01,2026-09-03T05:00,333.31,324.56,973.73,22.39,2261.88,84.32,57.4,1.16,48.45,0
WELL-01,2026-09-03T06:00,317.11,342.51,1080.09,22.25,2223.26,86.48,51.8,1.3,48.09,0
WELL-01,2026-09-03T07:00,338.07,338.57,1001.48,22.49,2107.56,84.5,56.0,1.31,49.76,0
WELL-01,2026-09-03T08:00,338.94,345.57,1019.57,20.76,2133.89,82.9,55.2,1.35,48.71,0
WELL-01,2026-09-03T09:00,332.65,337.74,1015.3,21.02,2104.15,86.75,54.2,1.29,46.05,0
WELL-01,2026-09-03T10:00,332.96,352.87,1059.79,22.57,2155.35,85.38,51.1,1.31,46.62,0
WELL-01,2026-09-03T11:00,326.9,352.68,1078.87,21.31,2180.04,86.02,54.3,1.34,50.31,0
WELL-01,2026-09-03T12:00,328.25,341.5,1040.37,21.72,2156.19,82.49,57.1,1.3,45.04,0
WELL-01,2026-09-03T13:00,335.51,337.29,1005.31,21.14,2164.1,84.36,53.8,1.18,45.28,0
WELL-01,2026-09-03T14:00,330.01,346.42,1049.73,22.2,2217.92,84.58,58.4,1.21,49.72,0
WELL-01,2026-09-03T15:00,320.7,340.03,1060.28,21.68,2155.37,85.29,56.6,1.08,50.48,0
WELL-01,2026-09-03T16:00,322.48,340.53,1055.98,22.14,2210.83,86.11,52.7,1.27,50.23,0
WELL-01,2026-09-03T17:00,309.5,332.77,1075.2,20.89,2140.4,85.39,59.3,1.15,49.98,0
WELL-01,2026-09-03T18:00,328.1,337.07,1027.32,22.37,2141.08,84.43,58.5,1.32,49.78,0
WELL-01,2026-09-03T19:00,329.96,339.53,1029.01,21.23,2149.15,86.36,54.4,1.27,46.27,0
WELL-01,2026-09-03T20:00,327.68,329.24,1004.78,22.61,2144.85,86.47,57.5,1.15,49.63,0
WELL-01,2026-09-03T21:00,339.23,343.69,1013.15,21.48,2189.55,86.08,53.7,1.19,47.48,0
WELL-01,2026-09-03T22:00,328.56,336.92,1025.44,21.05,2166.81,86.42,56.3,1.33,45.13,0
WELL-01,2026-09-03T23:00,337.99,361.53,1069.64,21.04,2234.4,85.64,52.9,1.13,48.9,0
WELL-01,2026-09-04T00:00,324.15,311.09,959.69,21.27,2168.28,82.48,51.5,1.25,47.95,0
WELL-01,2026-09-04T01:00,326.78,317.8,972.5,21.21,2267.42,82.24,52.4,1.35,44.97,0
WELL-01,2026-09-04T02:00,309.49,314.79,1017.13,20.69,2110.45,86.72,55.7,1.27,46.8,0
WELL-01,2026-09-04T03:00,331.85,325.47,980.77,20.55,2153.56,86.74,54.4,1.22,44.97,0
WELL-01,2026-09-04T04:00,314.14,318.22,1013.01,22.27,2151.5,85.68,53.3,1.3,50.27,0
WELL-01,2026-09-04T05:00,308.89,308.25,997.92,20.56,2167.26,82.86,51.9,1.13,47.26,0
WELL-01,2026-09-04T06:00,326.97,346.54,1059.84,22.56,2245.06,85.51,53.7,1.26,47.53,0
WELL-01,2026-09-04T07:00,307.13,309.09,1006.37,20.88,2174.35,85.51,54.5,1.29,45.22,0
WELL-01,2026-09-04T08:00,317.35,342.27,1078.54,20.5,2150.83,85.17,54.9,1.09,50.56,0
WELL-01,2026-09-04T09:00,310.84,332.38,1069.3,20.83,2239.66,84.91,58.3,1.22,45.11,0
WELL-01,2026-09-04T10:00,307.68,308.71,1003.36,22.04,2240.44,83.57,56.6,1.31,45.33,0
WELL-01,2026-09-04T11:00,322.59,320.54,993.65,21.9,2224.56,84.96,54.1,1.35,48.2,0
WELL-01,2026-09-04T12:00,316.44,339.03,1071.41,20.89,2224.11,82.59,53.4,1.32,46.56,0
WELL-01,2026-09-04T13:00,315.3,303.43,962.36,21.11,2136.83,83.19,58.3,1.1,45.21,0
WELL-01,2026-09-04T14:00,312.92,334.9,1070.26,22.28,2162.79,84.65,55.8,1.35,47.95,0
WELL-01,2026-09-04T15:00,319.88,311.97,975.29,21.45,2234.66,83.17,57.6,1.35,50.13,0
WELL-01,2026-09-04T16:00,332.02,342.36,1031.13,22.01,2263.7,82.18,53.9,1.12,45.14,0
WELL-01,2026-09-04T17:00,330.99,331.29,1000.94,20.89,2172.02,86.89,58.3,1.22,46.88,0
WELL-01,2026-09-04T18:00,325.66,347.3,1066.45,22.58,2232.39,82.97,51.6,1.24,47.02,0
WELL-01,2026-09-04T19:00,317.17,308.68,973.24,22.52,2233.18,83.76,51.8,1.26,47.38,0
WELL-01,2026-09-04T20:00,333.63,333.39,999.27,21.83,2266.32,82.86,58.5,1.36,46.72,0
WELL-01,2026-09-04T21:00,319.79,314.92,984.76,20.65,2144.42,84.77,58.1,1.3,45.23,0
WELL-01,2026-09-04T22:00,335.27,344.56,1027.7,20.6,2266.74,85.4,57.8,1.09,49.14,0
WELL-01,2026-09-04T23:00,313.93,305.7,973.8,22.57,2223.9,83.41,51.3,1.36,49.31,0
WELL-01,2026-09-05T00:00,325.18,323.78,995.71,21.63,2201.89,83.88,55.1,1.2,48.67,0
WELL-01,2026-09-05T01:00,331.48,355.9,1073.65,21.53,2273.92,87.02,59.8,1.31,45.57,0
WELL-01,2026-09-05T02:00,325.88,342.25,1050.23,20.65,2177.83,84.04,55.4,1.29,45.59,0
WELL-01,2026-09-05T03:00,311.11,305.75,982.74,21.95,2220.28,82.76,58.8,1.36,47.06,0
WELL-01,2026-09-05T04:00,314.74,309.72,984.08,22.39,2237.22,83.34,54.1,1.32,45.03,0
WELL-01,2026-09-05T05:00,324.07,334.17,1031.16,21.77,2116.35,85.78,51.7,1.08,47.55,0
WELL-01,2026-09-05T06:00,308.19,320.93,1041.35,20.51,2192.4,82.62,51.5,1.09,45.3,0
WELL-01,2026-09-05T07:00,339.38,331.18,975.83,21.93,2141.02,83.46,58.1,1.22,45.22,0
WELL-01,2026-09-05T08:00,320.07,331.91,1036.98,20.72,2202.29,83.22,55.5,1.16,47.96,0
WELL-01,2026-09-05T09:00,315.12,339.67,1077.91,21.62,2216.47,82.77,51.5,1.24,47.72,0
WELL-01,2026-09-05T10:00,334.81,344.73,1029.63,21.62,2143.47,82.69,55.3,1.27,45.48,0
WELL-01,2026-09-05T11:00,308.0,304.07,987.22,21.12,2131.15,84.53,51.7,1.08,45.59,0
WELL-01,2026-09-05T12:00,309.16,324.95,1051.06,21.8,2194.48,85.85,57.0,1.27,45.89,0
WELL-01,2026-09-05T13:00,329.25,342.41,1039.96,21.07,2163.75,84.39,57.6,1.34,47.41,0
WELL-01,2026-09-05T14:00,312.77,312.94,1000.54,20.5,2180.73,86.3,55.0,1.18,48.34,0
WELL-01,2026-09-05T15:00,335.77,344.4,1025.7,21.44,2221.95,82.74,53.3,1.14,47.57,0
WELL-01,2026-09-05T16:00,331.16,353.13,1066.36,22.01,2162.82,83.45,57.4,1.29,46.48,0
WELL-01,2026-09-05T17:00,323.4,313.64,969.83,21.24,2223.17,82.67,53.5,1.31,46.28,0
WELL-01,2026-09-05T18:00,317.45,342.36,1078.45,20.99,2140.79,86.89,54.8,1.28,49.57,0
WELL-01,2026-09-05T19:00,320.64,315.99,985.5,21.0,2275.31,86.73,52.4,1.13,46.55,0
WELL-01,2026-09-05T20:00,333.57,354.75,1063.5,20.8,2241.97,86.11,56.0,1.22,45.58,0
WELL-01,2026-09-05T21:00,319.42,326.12,1020.99,22.16,2129.22,84.99,56.2,1.28,49.89,0
WELL-01,2026-09-05T22:00,307.66,315.1,1024.19,20.81,2130.79,82.32,54.7,1.32,50.46,0
WELL-01,2026-09-05T23:00,337.81,358.3,1060.66,21.51,2222.04,82.98,57.1,1.32,45.76,0
WELL-01,2026-09-06T00:00,330.61,333.74,1009.46,20.63,2276.85,82.26,58.8,1.22,49.27,0
WELL-01,2026-09-06T01:00,332.77,320.72,963.79,22.17,2191.64,84.65,57.0,1.1,48.24,0
WELL-01,2026-09-06T02:00,332.53,340.31,1023.39,21.98,2258.83,83.91,55.0,1.26,46.59,0
WELL-01,2026-09-06T03:00,323.09,326.24,1009.74,21.47,2105.25,82.71,53.9,1.18,45.71,0
WELL-01,2026-09-06T04:00,313.71,303.9,968.73,21.68,2132.14,84.58,52.8,1.35,45.95,0
WELL-01,2026-09-06T05:00,321.28,331.65,1032.25,21.64,2222.62,86.49,54.2,1.17,49.76,0
WELL-01,2026-09-06T06:00,328.67,317.54,966.14,21.06,2176.83,86.78,57.7,1.28,49.25,0
WELL-01,2026-09-06T07:00,319.16,315.55,988.7,20.77,2166.74,83.09,57.0,1.25,50.16,0
WELL-01,2026-09-06T08:00,332.32,326.61,982.81,21.21,2247.85,84.08,56.7,1.34,44.95,0
WELL-01,2026-09-06T09:00,338.86,362.71,1070.38,22.54,2253.1,86.22,59.9,1.16,48.89,0
WELL-01,2026-09-06T10:00,314.11,304.96,970.89,22.42,2244.93,85.29,52.5,1.2,46.16,0
WELL-01,2026-09-06T11:00,325.55,347.69,1067.98,22.3,2115.3,85.1,51.3,1.13,47.31,0
WELL-01,2026-09-06T12:00,324.25,341.65,1053.65,22.58,2256.06,86.84,53.9,1.17,46.5,0
WELL-01,2026-09-06T13:00,326.56,318.7,975.96,21.35,2145.49,85.55,53.9,1.21,50.56,0
WELL-01,2026-09-06T14:00,322.38,323.29,1002.84,22.64,2110.04,84.29,54.4,1.35,47.88,0
WELL-01,2026-09-06T15:00,320.83,317.24,988.81,20.88,2161.12,84.11,53.3,1.1,50.3,0
WELL-01,2026-09-06T16:00,328.1,353.6,1077.72,21.8,2131.79,85.71,55.2,1.14,48.6,0
WELL-01,2026-09-06T17:00,323.67,328.91,1016.19,21.91,2217.94,84.32,53.9,1.27,47.79,0
WELL-01,2026-09-06T18:00,320.86,317.13,988.38,21.45,2227.71,83.0,52.5,1.17,49.47,0
WELL-01,2026-09-06T19:00,331.18,321.85,971.83,20.66,2239.13,85.82,52.8,1.33,45.28,0
WELL-01,2026-09-06T20:00,333.92,324.3,971.18,22.0,2273.54,85.6,59.8,1.26,45.71,0
WELL-01,2026-09-06T21:00,309.88,316.84,1022.46,21.6,2145.21,86.22,57.3,1.12,50.1,0
WELL-01,2026-09-06T22:00,326.37,351.51,1077.02,20.68,2247.64,83.63,53.0,1.37,45.67,0
WELL-01,2026-09-06T23:00,319.73,333.31,1042.48,21.73,2231.54,85.81,52.2,1.14,46.99,0
WELL-01,2026-09-07T00:00,308.97,313.36,1014.22,21.69,2253.36,82.57,55.8,1.34,47.04,0
WELL-01,2026-09-07T01:00,325.53,323.57,993.99,21.56,2196.42,84.78,58.5,1.33,47.19,0
WELL-01,2026-09-07T02:00,313.61,322.63,1028.78,21.99,2249.94,87.06,55.0,1.33,47.78,0
WELL-01,2026-09-07T03:00,338.71,332.66,982.12,21.32,2140.54,85.51,53.2,1.3,50.47,0
WELL-01,2026-09-07T04:00,337.24,352.45,1045.12,21.24,2140.68,85.67,52.1,1.23,47.92,0
WELL-01,2026-09-07T05:00,319.03,313.0,981.09,21.1,2105.98,86.68,59.8,1.22,47.68,0
WELL-01,2026-09-07T06:00,308.79,323.37,1047.22,20.85,2177.3,82.68,56.2,1.24,48.5,0
WELL-01,2026-09-07T07:00,319.65,318.24,995.58,22.6,2257.41,85.74,58.0,1.22,45.68,0
WELL-01,2026-09-07T08:00,334.75,357.7,1068.56,21.3,2122.49,84.76,58.5,1.15,47.74,0
WELL-01,2026-09-07T09:00,333.35,356.1,1068.23,21.1,2234.95,86.46,58.2,1.19,44.96,0
WELL-01,2026-09-07T10:00,324.57,337.83,1040.87,21.29,2180.09,84.43,54.3,1.12,49.24,0
WELL-01,2026-09-07T11:00,321.22,338.23,1052.94,20.93,2135.45,86.53,53.6,1.32,47.27,0
WELL-01,2026-09-07T12:00,321.91,326.02,1012.77,20.62,2165.27,83.02,52.9,1.34,47.31,0
WELL-01,2026-09-07T13:00,319.07,333.18,1044.24,21.69,2107.61,84.85,51.7,1.34,47.07,0
WELL-01,2026-09-07T14:00,315.88,311.5,986.13,21.09,2121.13,86.15,52.0,1.16,46.98,0
WELL-01,2026-09-07T15:00,320.35,312.3,974.87,21.97,2115.61,85.69,53.3,1.31,47.71,0
WELL-01,2026-09-07T16:00,333.67,326.39,978.19,21.57,2125.39,82.92,59.4,1.11,48.44,0
WELL-01,2026-09-07T17:00,310.58,314.17,1011.56,21.68,2141.13,82.21,53.2,1.29,45.22,0
WELL-01,2026-09-07T18:00,327.91,335.7,1023.75,21.72,2139.97,84.01,51.3,1.27,45.71,0
WELL-01,2026-09-07T19:00,309.74,318.98,1029.82,22.35,2146.65,82.5,53.8,1.24,45.89,0
WELL-01,2026-09-07T20:00,323.52,331.57,1024.89,21.2,2263.26,82.74,56.5,1.17,50.3,0
WELL-01,2026-09-07T21:00,336.37,334.74,995.17,20.59,2242.08,85.58,55.0,1.22,45.11,0
WELL-01,2026-09-07T22:00,328.65,329.88,1003.74,22.2,2187.95,82.98,53.9,1.13,45.23,0
WELL-01,2026-09-07T23:00,310.49,307.54,990.49,22.5,2130.07,86.59,52.3,1.15,46.07,0
WELL-01,2026-09-08T00:00,337.38,342.26,1014.46,22.5,2167.97,85.91,55.4,1.17,45.81,0
WELL-01,2026-09-08T01:00,316.94,333.19,1051.24,22.4,2132.8,86.71,55.5,1.18,49.39,0
WELL-01,2026-09-08T02:00,318.76,325.16,1020.08,21.6,2184.52,82.62,53.6,1.26,46.46,0
WELL-01,2026-09-08T03:00,334.47,325.33,972.68,21.84,2146.44,82.94,59.6,1.16,45.07,0
WELL-01,2026-09-08T04:00,326.66,319.8,979.0,22.58,2241.32,85.62,53.8,1.35,48.82,0
WELL-01,2026-09-08T05:00,338.58,361.73,1068.39,22.29,2130.64,84.89,52.5,1.12,50.62,0
WELL-01,2026-09-08T06:00,333.03,337.19,1012.49,20.72,2104.19,83.06,59.4,1.11,47.77,0
WELL-01,2026-09-08T07:00,313.37,317.23,1012.33,22.05,2142.86,82.47,52.1,1.3,45.68,0
WELL-01,2026-09-08T08:00,339.15,332.3,979.82,22.06,2130.74,82.31,58.7,1.22,46.78,0
WELL-01,2026-09-08T09:00,336.28,336.21,999.78,20.64,2229.51,87.08,58.9,1.21,50.14,0
WELL-01,2026-09-08T10:00,310.09,326.4,1052.62,22.49,2164.96,83.78,57.3,1.26,47.83,0
WELL-01,2026-09-08T11:00,322.9,340.84,1055.56,21.27,2134.96,82.64,55.3,1.11,48.14,0
WELL-01,2026-09-08T12:00,337.1,334.18,991.34,20.5,2179.07,84.72,53.4,1.34,46.99,0
WELL-01,2026-09-08T13:00,327.48,325.77,994.75,21.75,2264.0,83.51,51.3,1.14,45.53,0
WELL-01,2026-09-08T14:00,335.24,336.01,1002.31,21.83,2272.62,86.6,56.1,1.36,48.45,0
WELL-01,2026-09-08T15:00,325.41,350.67,1077.63,20.75,2137.44,85.13,56.7,1.35,47.13,0
WELL-01,2026-09-08T16:00,320.41,341.6,1066.13,21.84,2191.86,86.6,59.1,1.36,47.31,0
WELL-01,2026-09-08T17:00,332.87,326.17,979.87,22.4,2229.79,83.39,58.0,1.13,46.88,0
WELL-01,2026-09-08T18:00,314.43,313.64,997.47,22.39,2108.86,82.92,52.3,1.24,45.43,0
WELL-01,2026-09-08T19:00,326.92,334.33,1022.68,21.29,2163.29,82.57,58.7,1.08,45.26,0
WELL-01,2026-09-08T20:00,308.88,315.06,1020.02,22.6,2252.06,86.21,55.1,1.35,50.57,0
WELL-01,2026-09-08T21:00,327.17,320.38,979.26,21.81,2257.68,86.04,53.2,1.13,45.14,0
WELL-01,2026-09-08T22:00,317.41,337.45,1063.12,21.49,2235.81,87.23,58.7,1.13,50.61,0
WELL-01,2026-09-08T23:00,312.59,335.86,1074.45,20.63,2131.43,83.19,53.9,1.28,49.92,0
WELL-01,2026-09-09T00:00,313.62,307.13,979.32,21.26,2169.36,83.6,55.7,1.12,49.95,0
WELL-01,2026-09-09T01:00,325.89,335.39,1029.18,21.34,2176.81,84.12,55.8,1.15,45.33,0
WELL-01,2026-09-09T02:00,309.28,324.32,1048.63,20.68,2276.48,87.18,52.5,1.25,47.16,0
WELL-01,2026-09-09T03:00,313.8,334.86,1067.09,22.46,2254.97,83.4,55.6,1.21,46.69,0
WELL-01,2026-09-09T04:00,331.09,318.02,960.52,21.46,2178.78,84.28,51.3,1.11,50.07,0
WELL-01,2026-09-09T05:00,332.14,332.13,999.96,21.78,2174.41,84.21,55.4,1.1,45.65,0
WELL-01,2026-09-09T06:00,310.53,308.8,994.42,21.81,2154.96,82.34,55.8,1.16,50.45,0
WELL-01,2026-09-09T07:00,337.64,349.82,1036.08,20.85,2188.89,83.24,59.3,1.08,49.49,0
WELL-01,2026-09-09T08:00,331.88,357.64,1077.61,21.4,2255.55,85.29,52.8,1.26,46.25,0
WELL-01,2026-09-09T09:00,307.83,324.91,1055.49,21.11,2154.33,84.75,54.0,1.16,49.72,0
WELL-01,2026-09-09T10:00,336.81,363.77,1080.04,22.53,2130.91,83.61,56.8,1.24,49.58,0
WELL-01,2026-09-09T11:00,338.22,335.43,991.74,21.03,2193.88,87.18,57.8,1.17,47.37,0
WELL-01,2026-09-09T12:00,316.81,332.84,1050.59,21.53,2230.46,85.28,56.9,1.15,46.28,0
WELL-01,2026-09-09T13:00,319.15,339.04,1062.3,20.74,2119.81,86.24,58.4,1.23,50.35,0
WELL-01,2026-09-09T14:00,325.48,325.61,1000.37,21.06,2164.54,82.63,57.8,1.19,46.41,0
WELL-01,2026-09-09T15:00,330.21,323.55,979.83,22.63,2183.73,84.6,53.1,1.28,47.26,0
WELL-01,2026-09-09T16:00,309.16,333.63,1079.13,22.02,2174.54,85.69,59.0,1.19,46.66,0
WELL-01,2026-09-09T17:00,328.49,345.33,1051.27,21.96,2116.61,82.22,59.0,1.27,45.27,0
WELL-01,2026-09-09T18:00,323.41,326.31,1008.99,21.63,2118.34,86.93,59.7,1.15,47.96,0
WELL-01,2026-09-09T19:00,308.14,307.0,996.28,20.56,2265.32,84.75,53.6,1.23,47.02,0
WELL-01,2026-09-09T20:00,316.78,318.26,1004.66,22.13,2180.24,83.72,52.2,1.26,49.63,0
WELL-01,2026-09-09T21:00,323.58,337.43,1042.81,20.52,2105.08,82.28,55.7,1.26,45.32,0
WELL-01,2026-09-09T22:00,311.47,305.67,981.37,22.25,2176.32,83.61,53.4,1.19,50.18,0
WELL-01,2026-09-09T23:00,324.44,346.25,1067.19,22.21,2123.94,82.67,56.3,1.3,49.34,0
WELL-01,2026-09-10T00:00,333.42,351.21,1053.35,21.83,2158.67,85.77,57.3,1.31,45.37,0
WELL-01,2026-09-10T01:00,321.57,331.39,1030.54,21.25,2109.17,82.48,59.0,1.23,46.97,0
WELL-01,2026-09-10T02:00,329.8,338.75,1027.15,21.72,2179.12,85.16,59.7,1.16,48.24,0
WELL-01,2026-09-10T03:00,338.1,350.57,1036.89,22.04,2175.17,84.8,56.3,1.16,47.99,0
WELL-01,2026-09-10T04:00,338.14,336.97,996.54,22.21,2263.51,85.45,58.4,1.33,50.2,0
WELL-01,2026-09-10T05:00,319.76,338.58,1058.85,22.13,2165.38,84.43,54.3,1.36,48.72,0
WELL-01,2026-09-10T06:00,324.55,311.41,959.51,21.93,2153.97,86.72,56.4,1.12,47.51,0
WELL-01,2026-09-10T07:00,312.81,326.46,1043.64,21.74,2213.06,86.6,58.2,1.11,45.89,0
WELL-01,2026-09-10T08:00,335.21,340.02,1014.35,22.45,2145.02,86.71,53.7,1.24,47.61,0
WELL-01,2026-09-10T09:00,333.78,333.92,1000.41,21.22,2192.07,84.42,54.5,1.26,45.75,0
WELL-01,2026-09-10T10:00,312.66,317.82,1016.5,21.49,2251.95,84.5,51.1,1.31,46.07,0
WELL-01,2026-09-10T11:00,326.28,329.55,1010.04,21.48,2208.44,85.66,57.9,1.13,49.69,0
WELL-01,2026-09-10T12:00,336.69,323.17,959.85,21.98,2264.21,82.72,59.1,1.23,49.7,0
WELL-01,2026-09-10T13:00,317.81,323.9,1019.18,21.99,2250.6,83.83,58.3,1.24,45.86,0
WELL-01,2026-09-10T14:00,323.55,333.42,1030.51,22.41,2161.71,86.71,56.7,1.23,46.18,0
WELL-01,2026-09-10T15:00,310.4,299.13,963.69,22.47,2264.63,87.21,55.3,1.3,48.93,0
WELL-01,2026-09-10T16:00,337.55,364.57,1080.05,21.9,2130.46,85.8,55.5,1.33,46.64,0
WELL-01,2026-09-10T17:00,322.89,343.82,1064.82,21.16,2154.47,85.42,51.7,1.27,48.69,0
WELL-01,2026-09-10T18:00,307.36,329.0,1070.38,22.3,2212.45,86.96,52.1,1.35,46.29,0
WELL-01,2026-09-10T19:00,317.96,337.59,1061.74,20.63,2170.84,82.98,54.0,1.23,46.84,0
WELL-01,2026-09-10T20:00,323.58,313.1,967.6,21.45,2156.48,83.12,57.2,1.36,47.97,0
WELL-01,2026-09-10T21:00,313.56,323.05,1030.25,22.21,2121.49,83.51,53.2,1.1,46.58,0
WELL-01,2026-09-10T22:00,324.25,344.9,1063.7,21.02,2147.35,83.82,53.0,1.34,46.88,0
WELL-01,2026-09-10T23:00,315.17,315.25,1000.27,21.63,2126.06,86.46,58.3,1.11,45.5,0
WELL-01,2026-09-11T00:00,336.42,363.62,1080.84,20.81,2229.56,82.54,55.8,1.24,48.05,0
WELL-01,2026-09-11T01:00,323.79,332.67,1027.41,21.2,2119.43,84.78,55.5,1.35,48.88,0
WELL-01,2026-09-11T02:00,314.45,327.4,1041.19,22.23,2108.79,86.74,54.8,1.29,45.3,0
WELL-01,2026-09-11T03:00,315.06,322.4,1023.29,22.16,2231.56,86.33,51.8,1.22,47.05,0
WELL-01,2026-09-11T04:00,320.77,316.41,986.42,22.16,2193.64,86.29,52.1,1.19,47.97,0
WELL-01,2026-09-11T05:00,308.91,333.64,1080.05,21.07,2220.07,86.74,58.7,1.33,47.5,0
WELL-01,2026-09-11T06:00,311.78,335.95,1077.53,21.27,2117.58,85.04,54.0,1.15,49.72,0
WELL-01,2026-09-11T07:00,331.73,344.84,1039.52,21.82,2232.64,84.8,55.0,1.36,47.11,0
WELL-01,2026-09-11T08:00,308.81,302.55,979.72,22.22,2117.65,82.86,58.2,1.1,49.3,0
WELL-01,2026-09-11T09:00,314.26,333.29,1060.55,21.29,2207.57,82.45,56.5,1.36,47.23,0
WELL-01,2026-09-11T10:00,312.9,325.87,1041.45,22.55,2256.82,85.01,56.4,1.36,45.51,0
WELL-01,2026-09-11T11:00,329.24,354.08,1075.45,21.99,2265.43,83.4,51.1,1.11,46.75,0
WELL-01,2026-09-11T12:00,330.15,330.25,1000.28,21.3,2271.27,82.29,51.3,1.17,47.88,0
WELL-01,2026-09-11T13:00,310.06,314.9,1015.6,21.31,2160.44,83.0,54.0,1.23,48.87,0
WELL-01,2026-09-11T14:00,330.46,351.52,1063.74,21.96,2165.04,85.24,55.7,1.11,48.9,0
WELL-01,2026-09-11T15:00,308.65,310.33,1005.47,22.47,2111.32,87.17,51.9,1.23,45.65,0
WELL-01,2026-09-11T16:00,322.36,337.81,1047.95,21.77,2232.39,86.66,52.9,1.18,46.24,0
WELL-01,2026-09-11T17:00,328.76,315.68,960.23,20.85,2121.4,82.66,55.7,1.13,49.06,0
WELL-01,2026-09-11T18:00,323.84,324.71,1002.7,20.64,2269.54,84.57,57.1,1.13,46.83,0
WELL-01,2026-09-11T19:00,322.19,338.33,1050.09,21.36,2199.11,86.0,59.3,1.25,46.53,0
WELL-01,2026-09-11T20:00,334.12,353.38,1057.66,22.08,2232.56,83.4,53.8,1.35,48.25,0
WELL-01,2026-09-11T21:00,313.29,338.21,1079.56,21.01,2142.93,83.29,56.9,1.36,50.04,0
WELL-01,2026-09-11T22:00,328.72,333.29,1013.89,21.81,2162.89,86.74,53.1,1.34,46.65,0
WELL-01,2026-09-11T23:00,313.22,315.11,1006.03,22.53,2197.17,86.95,56.2,1.16,48.68,0
WELL-01,2026-09-12T00:00,326.05,332.6,1020.1,21.54,2246.7,82.51,55.7,1.17,46.62,0
WELL-01,2026-09-12T01:00,316.95,332.05,1047.64,22.56,2199.34,86.17,52.1,1.18,47.55,0
WELL-01,2026-09-12T02:00,324.31,311.53,960.6,21.32,2226.57,86.51,56.4,1.32,47.62,0
WELL-01,2026-09-12T03:00,332.2,318.87,959.89,21.84,2153.91,87.06,57.5,1.13,47.74,0
WELL-01,2026-09-12T04:00,317.19,317.1,999.72,20.91,2122.05,85.85,54.6,1.26,47.67,0
WELL-01,2026-09-12T05:00,326.84,317.78,972.28,21.73,2234.17,84.76,58.9,1.28,48.07,0
WELL-01,2026-09-12T06:00,332.14,351.02,1056.83,22.18,2208.76,83.88,57.0,1.14,46.29,0
WELL-01,2026-09-12T07:00,319.41,321.53,1006.65,20.53,2183.25,84.02,56.0,1.17,45.4,0
WELL-01,2026-09-12T08:00,308.29,305.51,990.99,22.33,2210.51,84.05,52.4,1.24,45.33,0
WELL-01,2026-09-12T09:00,333.96,354.09,1060.26,20.93,2224.47,82.66,55.0,1.19,46.89,0
WELL-01,2026-09-12T10:00,328.86,316.02,960.96,22.17,2251.07,84.68,57.7,1.12,45.57,0
WELL-01,2026-09-12T11:00,330.22,317.65,961.93,20.87,2128.83,86.06,58.7,1.33,46.59,0
WELL-01,2026-09-12T12:00,325.43,348.27,1070.16,22.31,2153.4,85.39,52.5,1.32,46.1,0
WELL-01,2026-09-12T13:00,327.27,315.22,963.17,22.05,2224.1,83.67,58.3,1.33,47.9,0
WELL-01,2026-09-12T14:00,319.81,321.69,1005.89,21.79,2264.65,85.4,53.4,1.12,49.89,0
WELL-01,2026-09-12T15:00,331.33,334.69,1010.13,21.5,2115.49,85.43,54.2,1.27,47.4,0
WELL-01,2026-09-12T16:00,310.81,320.08,1029.81,22.4,2231.69,82.74,51.9,1.21,45.43,0
WELL-01,2026-09-12T17:00,310.79,331.55,1066.82,21.44,2241.21,83.1,52.6,1.23,46.09,0
WELL-01,2026-09-12T18:00,320.7,343.11,1069.89,20.58,2202.81,84.52,58.6,1.17,46.06,0
WELL-01,2026-09-12T19:00,312.82,308.7,986.83,20.91,2106.95,84.25,56.4,1.32,47.07,0
WELL-01,2026-09-12T20:00,338.0,359.19,1062.68,21.49,2119.72,84.98,52.0,1.37,46.63,0
WELL-01,2026-09-12T21:00,335.73,353.99,1054.41,21.62,2147.84,86.36,57.0,1.15,47.22,0
WELL-01,2026-09-12T22:00,311.22,315.79,1014.68,21.91,2174.0,84.68,52.0,1.24,48.86,0
WELL-01,2026-09-12T23:00,307.19,316.61,1030.68,21.17,2201.26,84.76,52.1,1.13,49.9,0
WELL-01,2026-09-13T00:00,334.23,360.22,1077.77,21.31,2168.69,83.71,55.1,1.28,45.36,0
WELL-01,2026-09-13T01:00,332.06,345.54,1040.58,21.74,2182.93,87.07,54.8,1.19,49.84,0
WELL-01,2026-09-13T02:00,328.95,354.22,1076.8,21.21,2120.92,84.46,51.1,1.3,47.48,0
WELL-01,2026-09-13T03:00,330.48,353.9,1070.88,21.63,2221.41,85.98,56.6,1.18,46.25,0
WELL-01,2026-09-13T04:00,319.94,322.46,1007.89,22.57,2218.24,86.5,58.8,1.12,49.84,0
WELL-01,2026-09-13T05:00,307.91,330.25,1072.53,21.14,2169.92,82.61,51.4,1.34,45.54,0
WELL-01,2026-09-13T06:00,307.14,309.18,1006.64,21.18,2122.84,83.65,58.1,1.37,46.18,0
WELL-01,2026-09-13T07:00,331.35,349.63,1055.16,22.59,2234.05,87.18,59.6,1.2,49.58,0
WELL-01,2026-09-13T08:00,338.03,344.76,1019.93,22.52,2194.68,82.49,57.7,1.08,50.37,0
WELL-01,2026-09-13T09:00,312.31,334.3,1070.4,21.56,2210.96,84.35,52.1,1.25,47.32,0
WELL-01,2026-09-13T10:00,318.58,341.67,1072.48,21.66,2268.44,83.37,53.8,1.16,45.58,0
WELL-01,2026-09-13T11:00,338.99,341.17,1006.43,20.83,2223.97,85.39,56.0,1.36,48.74,0
WELL-01,2026-09-13T12:00,315.44,337.54,1070.05,22.02,2189.03,83.76,55.1,1.12,50.57,0
WELL-01,2026-09-13T13:00,309.19,299.74,969.41,20.54,2148.56,86.3,53.4,1.15,46.48,0
WELL-01,2026-09-13T14:00,333.53,360.17,1079.87,22.36,2248.92,84.91,58.7,1.29,48.22,0
WELL-01,2026-09-13T15:00,325.95,316.2,970.08,21.66,2194.01,85.35,51.0,1.29,49.69,0
WELL-01,2026-09-13T16:00,312.2,332.75,1065.8,22.27,2182.95,87.06,57.7,1.33,46.54,0
WELL-01,2026-09-13T17:00,312.57,329.83,1055.22,22.18,2260.23,84.16,55.3,1.22,48.57,0
WELL-01,2026-09-13T18:00,334.06,346.69,1037.81,21.7,2150.18,86.01,55.2,1.16,46.31,0
WELL-01,2026-09-13T19:00,322.44,316.55,981.72,21.11,2168.57,86.05,53.6,1.23,48.75,0
WELL-01,2026-09-13T20:00,309.6,319.3,1031.34,22.22,2105.48,85.04,51.8,1.21,47.99,0
WELL-01,2026-09-13T21:00,312.18,328.62,1052.66,21.56,2184.88,85.87,55.3,1.29,49.19,0
WELL-01,2026-09-13T22:00,316.8,311.55,983.43,22.56,2236.55,86.99,59.3,1.23,50.01,0
WELL-01,2026-09-13T23:00,320.2,330.72,1032.85,21.27,2266.43,84.45,58.6,1.22,50.17,0
WELL-01,2026-09-14T00:00,310.39,325.99,1050.25,21.48,2260.76,82.72,57.8,1.32,47.15,0
WELL-01,2026-09-14T01:00,327.78,319.56,974.93,22.11,2118.16,84.45,56.5,1.12,48.38,0
WELL-01,2026-09-14T02:00,338.99,341.15,1006.37,21.93,2258.58,83.88,57.1,1.26,47.21,0
WELL-01,2026-09-14T03:00,319.34,336.38,1053.35,22.54,2259.89,86.5,58.2,1.27,50.56,0
WELL-01,2026-09-14T04:00,323.14,332.08,1027.66,20.66,2186.54,84.24,59.5,1.1,50.31,0
WELL-01,2026-09-14T05:00,339.38,351.03,1034.3,20.51,2102.64,84.24,56.6,1.29,45.74,0
WELL-01,2026-09-14T06:00,333.15,343.86,1032.13,22.28,2226.3,86.78,56.5,1.17,49.61,0
WELL-01,2026-09-14T07:00,309.21,312.88,1011.87,20.84,2237.68,84.64,53.1,1.14,49.7,0
WELL-01,2026-09-14T08:00,322.32,321.77,998.31,20.67,2275.14,82.58,55.2,1.22,45.83,0
WELL-01,2026-09-14T09:00,327.64,348.36,1063.26,22.16,2225.69,85.19,59.2,1.22,49.08,0
WELL-01,2026-09-14T10:00,329.1,344.14,1045.71,22.06,2191.23,84.57,56.4,1.31,49.47,0
WELL-01,2026-09-14T11:00,314.49,330.92,1052.24,21.99,2219.93,86.07,55.6,1.11,45.67,0
WELL-01,2026-09-14T12:00,336.93,362.69,1076.45,21.66,2234.89,86.29,58.2,1.25,47.3,0
WELL-01,2026-09-14T13:00,308.48,327.3,1060.99,22.46,2138.49,85.88,59.3,1.2,49.88,0
WELL-01,2026-09-14T14:00,314.74,322.76,1025.47,21.73,2172.48,87.07,59.0,1.25,46.92,0
WELL-01,2026-09-14T15:00,319.42,331.68,1038.38,21.26,2183.61,86.24,54.3,1.14,49.5,0
WELL-01,2026-09-14T16:00,313.31,331.54,1058.2,22.38,2220.63,84.06,51.4,1.16,45.35,0
WELL-01,2026-09-14T17:00,331.26,330.69,998.27,21.09,2105.63,85.29,57.8,1.2,46.44,0
WELL-01,2026-09-14T18:00,317.0,327.23,1032.28,20.87,2131.67,87.05,59.0,1.18,47.37,0
WELL-01,2026-09-14T19:00,332.58,337.44,1014.63,20.86,2145.53,85.31,52.5,1.34,49.34,0
WELL-01,2026-09-14T20:00,312.75,319.05,1020.16,20.55,2208.75,84.99,51.3,1.32,46.71,0
WELL-01,2026-09-14T21:00,317.14,328.89,1037.03,21.93,2165.71,84.9,56.8,1.14,49.76,0
WELL-01,2026-09-14T22:00,310.11,329.87,1063.72,22.4,2119.8,86.23,58.9,1.14,47.6,0
WELL-01,2026-09-14T23:00,332.59,329.78,991.56,20.69,2169.81,85.79,51.5,1.15,49.61,0
WELL-01,2026-09-15T00:00,319.37,323.31,1012.36,22.56,2204.17,85.76,54.7,1.3,46.62,0
WELL-01,2026-09-15T01:00,308.32,331.45,1075.03,21.8,2237.78,84.58,59.2,1.15,49.76,0
WELL-01,2026-09-15T02:00,324.6,328.12,1010.83,20.91,2217.62,86.32,57.6,1.16,49.48,0
WELL-01,2026-09-15T03:00,339.18,326.35,962.17,22.32,2241.59,85.52,54.1,1.21,45.96,0
WELL-01,2026-09-15T04:00,329.69,338.63,1027.12,22.28,2168.91,83.23,53.5,1.3,50.52,0
WELL-01,2026-09-15T05:00,315.8,335.28,1061.68,21.8,2133.6,84.68,54.1,1.15,48.4,0
WELL-01,2026-09-15T06:00,313.34,303.53,968.68,20.53,2138.52,86.85,58.1,1.37,50.54,0
WELL-01,2026-09-15T07:00,312.52,306.19,979.75,21.12,2108.78,85.44,51.4,1.37,45.28,0
WELL-01,2026-09-15T08:00,332.81,354.41,1064.91,20.74,2158.92,85.57,53.5,1.24,49.53,0
WELL-01,2026-09-15T09:00,320.03,335.86,1049.49,20.76,2220.07,86.53,53.6,1.25,45.77,0
WELL-01,2026-09-15T10:00,308.36,315.52,1023.24,21.32,2172.54,82.35,57.3,1.32,48.88,0
WELL-01,2026-09-15T11:00,327.19,329.84,1008.11,22.0,2158.91,84.65,51.3,1.24,45.95,0
WELL-01,2026-09-15T12:00,323.2,330.49,1022.58,21.99,2178.52,82.51,51.7,1.37,45.45,0
WELL-01,2026-09-15T13:00,319.2,320.84,1005.13,21.87,2242.56,84.91,58.6,1.09,47.02,0
WELL-01,2026-09-15T14:00,336.65,344.04,1021.94,20.74,2242.48,85.33,53.9,1.35,50.0,0
WELL-01,2026-09-15T15:00,328.87,325.77,990.58,22.58,2141.27,85.52,54.9,1.21,49.68,0
WELL-01,2026-09-15T16:00,331.53,352.26,1062.52,22.04,2227.83,85.7,53.2,1.14,46.72,0
WELL-01,2026-09-15T17:00,309.88,319.2,1030.08,22.46,2221.34,86.82,59.7,1.18,50.67,0
WELL-01,2026-09-15T18:00,307.72,307.39,998.93,21.02,2225.02,84.96,54.3,1.36,46.78,0
WELL-01,2026-09-15T19:00,337.54,329.17,975.22,21.66,2190.64,84.26,52.0,1.09,46.98,0
WELL-01,2026-09-15T20:00,337.88,357.91,1059.28,21.64,2260.2,85.9,58.6,1.22,45.72,0
WELL-01,2026-09-15T21:00,325.24,331.84,1020.28,20.78,2117.42,85.55,52.1,1.31,46.49,0
WELL-01,2026-09-15T22:00,326.63,318.54,975.22,21.6,2169.49,85.26,57.2,1.18,50.2,0
WELL-01,2026-09-15T23:00,338.95,354.96,1047.26,22.22,2131.86,82.23,52.0,1.37,45.77,0
WELL-01,2026-09-16T00:00,324.54,339.04,1044.66,22.29,2193.33,86.92,52.9,1.09,45.99,0
WELL-01,2026-09-16T01:00,338.12,332.15,982.33,22.09,2208.42,86.64,58.3,1.28,49.18,0
WELL-01,2026-09-16T02:00,313.22,302.65,966.26,21.9,2112.03,85.11,53.6,1.13,45.45,0
WELL-01,2026-09-16T03:00,338.67,332.49,981.76,20.57,2156.73,82.95,52.5,1.18,45.91,0
WELL-01,2026-09-16T04:00,323.92,327.04,1009.65,21.09,2138.85,85.6,58.9,1.15,50.01,0
WELL-01,2026-09-16T05:00,317.17,318.09,1002.91,21.3,2230.86,86.88,55.6,1.3,50.31,0
WELL-01,2026-09-16T06:00,315.29,318.43,1009.97,20.92,2215.5,82.21,54.1,1.09,48.5,0
WELL-01,2026-09-16T07:00,330.85,354.69,1072.06,21.48,2229.33,83.01,58.4,1.2,49.51,0
WELL-01,2026-09-16T08:00,319.92,310.9,971.8,22.13,2264.06,83.71,51.4,1.35,45.37,0
WELL-01,2026-09-16T09:00,313.71,316.43,1008.66,22.63,2235.62,83.13,56.8,1.36,49.37,0
WELL-01,2026-09-16T10:00,331.76,353.08,1064.27,20.79,2167.42,82.18,52.5,1.22,49.85,0
WELL-01,2026-09-16T11:00,339.12,340.23,1003.27,21.63,2192.33,86.62,59.8,1.11,47.37,0
WELL-01,2026-09-16T12:00,308.77,327.46,1060.52,20.99,2150.63,86.05,58.4,1.25,46.67,0
WELL-01,2026-09-16T13:00,327.98,353.57,1078.01,22.14,2111.1,85.22,57.5,1.29,47.03,0
WELL-01,2026-09-16T14:00,326.68,320.13,979.95,21.42,2223.74,85.86,53.5,1.22,50.28,0
WELL-01,2026-09-16T15:00,321.77,335.2,1041.74,22.03,2258.33,86.03,56.7,1.22,47.2,0
WELL-01,2026-09-16T16:00,334.52,321.55,961.24,22.05,2270.51,82.59,58.4,1.23,46.49,0
WELL-01,2026-09-16T17:00,316.21,325.84,1030.43,21.39,2167.81,87.13,52.9,1.15,48.0,0
WELL-01,2026-09-16T18:00,329.77,356.55,1081.21,21.42,2143.89,82.92,54.0,1.18,47.31,0
WELL-01,2026-09-16T19:00,316.69,310.36,980.02,22.38,2129.59,84.85,57.1,1.19,49.45,0
WELL-01,2026-09-16T20:00,330.35,349.82,1058.92,21.46,2141.57,86.0,51.5,1.15,49.8,0
WELL-01,2026-09-16T21:00,338.25,343.92,1016.78,21.09,2157.32,82.5,51.3,1.31,46.0,0
WELL-01,2026-09-16T22:00,321.86,339.37,1054.38,20.99,2166.16,86.63,58.8,1.17,49.48,0
WELL-01,2026-09-16T23:00,318.82,317.83,996.87,20.7,2239.14,85.0,52.4,1.34,49.69,0
WELL-01,2026-09-17T00:00,320.54,320.12,998.68,21.48,2105.04,85.18,53.2,1.37,48.6,0
WELL-01,2026-09-17T01:00,327.91,349.52,1065.92,20.82,2135.6,82.94,51.9,1.26,46.21,0
WELL-01,2026-09-17T02:00,332.34,334.55,1006.64,22.24,2215.78,85.16,57.6,1.33,48.33,0
WELL-01,2026-09-17T03:00,307.18,330.69,1076.53,21.36,2151.91,82.71,52.5,1.18,47.41,0
WELL-01,2026-09-17T04:00,331.57,349.34,1053.62,20.74,2180.81,84.33,54.0,1.2,49.29,0
WELL-01,2026-09-17T05:00,304.85,314.22,1030.75,21.37,2169.97,83.41,58.9,1.21,48.18,0
WELL-01,2026-09-17T06:00,326.36,334.84,1025.99,22.15,2091.97,84.24,52.1,1.32,50.48,0
WELL-01,2026-09-17T07:00,316.38,344.58,1089.12,22.16,2171.17,84.61,53.4,1.29,48.7,0
WELL-01,2026-09-17T08:00,320.81,319.28,995.25,22.26,2225.68,85.44,54.9,1.28,49.94,0
WELL-01,2026-09-17T09:00,313.63,325.93,1039.23,22.79,2141.42,85.81,50.5,1.41,51.9,0
WELL-01,2026-09-17T10:00,295.96,317.81,1073.83,21.88,2080.66,83.89,57.9,1.31,47.63,0
WELL-01,2026-09-17T11:00,321.34,333.61,1038.19,23.21,2200.87,83.55,53.4,1.23,51.57,0
WELL-01,2026-09-17T12:00,323.22,344.71,1066.49,23.08,2178.96,85.3,57.4,1.53,52.08,0
WELL-01,2026-09-17T13:00,319.51,317.59,994.01,22.41,2150.05,85.53,57.3,1.39,53.46,0
WELL-01,2026-09-17T14:00,296.54,308.83,1041.43,21.47,2133.66,86.2,54.3,1.4,52.58,0
WELL-01,2026-09-17T15:00,307.09,316.92,1032.01,22.13,2192.33,86.49,54.4,1.53,48.96,0
WELL-01,2026-09-17T16:00,303.06,328.63,1084.35,23.59,2193.35,85.44,53.3,1.41,53.89,0
WELL-01,2026-09-17T17:00,306.02,304.97,996.58,23.54,2115.58,85.79,51.6,1.62,53.14,0
WELL-01,2026-09-17T18:00,285.99,302.95,1059.3,22.13,2143.2,84.43,56.1,1.37,52.08,0
WELL-01,2026-09-17T19:00,285.82,284.91,996.82,21.89,2053.3,88.72,56.0,1.68,50.9,0
WELL-01,2026-09-17T20:00,282.53,294.47,1042.27,22.45,2030.14,84.74,57.7,1.49,54.18,0
WELL-01,2026-09-17T21:00,298.85,330.29,1105.2,22.66,2019.27,87.69,56.1,1.62,51.43,0
WELL-01,2026-09-17T22:00,300.32,303.63,1011.02,23.49,2140.09,87.43,56.7,1.59,51.91,0
WELL-01,2026-09-17T23:00,303.71,335.52,1104.74,23.99,2081.81,85.46,49.8,1.81,57.39,0
WELL-01,2026-09-18T00:00,292.15,318.93,1091.68,24.03,2099.4,88.59,48.9,1.62,52.51,0
WELL-01,2026-09-18T01:00,289.6,298.42,1030.47,23.57,2105.72,86.63,54.0,1.61,52.24,0
WELL-01,2026-09-18T02:00,291.98,321.81,1102.18,22.83,2040.09,86.66,54.7,1.58,55.95,0
WELL-01,2026-09-18T03:00,290.61,297.43,1023.46,22.1,2064.56,89.13,55.1,1.81,57.79,0
WELL-01,2026-09-18T04:00,272.89,305.79,1120.58,23.1,2127.22,87.95,50.3,1.78,54.23,0
WELL-01,2026-09-18T05:00,292.1,311.1,1065.04,22.97,1979.89,89.67,55.1,1.69,55.62,0
WELL-01,2026-09-18T06:00,271.97,305.31,1122.59,23.04,1983.73,86.8,54.3,2.04,59.85,0
WELL-01,2026-09-18T07:00,295.66,310.16,1049.02,23.07,2054.33,90.97,55.7,1.98,59.3,0
WELL-01,2026-09-18T08:00,286.03,305.56,1068.3,23.32,2034.39,86.5,48.7,1.9,56.44,0
WELL-01,2026-09-18T09:00,291.08,294.47,1011.66,23.72,2040.05,89.17,54.7,1.88,60.86,0
WELL-01,2026-09-18T10:00,273.76,286.55,1046.71,24.4,2065.76,87.09,52.4,2.08,57.53,0
WELL-01,2026-09-18T11:00,267.29,270.25,1011.07,23.14,2076.52,87.38,48.8,1.93,57.2,0
WELL-01,2026-09-18T12:00,264.4,283.28,1071.44,23.81,2006.52,89.02,56.1,2.03,58.18,0
WELL-01,2026-09-18T13:00,273.98,286.06,1044.09,24.13,2009.87,90.34,50.7,1.85,57.99,0
WELL-01,2026-09-18T14:00,271.23,307.65,1134.28,23.84,2029.4,90.54,55.9,2.33,60.29,0
WELL-01,2026-09-18T15:00,267.92,286.0,1067.47,23.58,1994.24,92.05,48.5,2.35,60.45,0
WELL-01,2026-09-18T16:00,273.47,278.71,1019.14,23.25,2073.48,90.57,52.8,2.17,64.39,0
WELL-01,2026-09-18T17:00,265.72,272.8,1026.64,24.44,1955.82,92.62,54.3,2.45,62.69,0
WELL-01,2026-09-18T18:00,275.02,289.16,1051.41,25.05,1945.36,87.7,55.5,2.04,64.88,0
WELL-01,2026-09-18T19:00,259.37,275.59,1062.55,25.02,1987.36,89.18,53.4,2.46,65.36,0
WELL-01,2026-09-18T20:00,258.2,270.44,1047.4,24.91,1929.32,90.81,51.9,2.07,60.33,0
WELL-01,2026-09-18T21:00,275.27,301.08,1093.73,23.81,2034.08,92.15,47.5,2.58,61.31,0
WELL-01,2026-09-18T22:00,262.96,287.24,1092.35,24.09,1991.82,88.02,49.6,2.46,62.43,0
WELL-01,2026-09-18T23:00,253.8,275.49,1085.44,24.35,2014.13,92.11,53.0,2.35,66.49,0
WELL-01,2026-09-19T00:00,251.58,269.62,1071.73,24.97,1883.84,89.29,50.8,2.51,65.26,0
WELL-01,2026-09-19T01:00,255.34,285.26,1117.15,24.97,1922.97,93.42,52.9,2.43,63.28,0
WELL-01,2026-09-19T02:00,247.48,262.94,1062.45,25.02,1927.45,92.69,49.7,2.69,64.45,0
WELL-01,2026-09-19T03:00,263.42,286.56,1087.82,25.47,1951.34,90.55,53.3,2.33,61.9,0
WELL-01,2026-09-19T04:00,257.5,298.86,1160.59,23.73,1903.48,90.7,46.9,2.82,69.51,0
WELL-01,2026-09-19T05:00,247.18,257.66,1042.4,25.86,1979.21,89.43,50.3,2.76,63.23,0
WELL-01,2026-09-19T06:00,259.95,298.23,1147.28,25.35,1979.24,94.11,53.7,2.62,67.23,0
WELL-01,2026-09-19T07:00,245.97,280.16,1138.99,23.84,1846.16,90.68,50.1,2.85,67.91,0
WELL-01,2026-09-19T08:00,251.53,277.71,1104.07,25.37,1878.4,93.85,49.2,2.88,63.82,0
WELL-01,2026-09-19T09:00,257.77,269.99,1047.39,26.08,1884.91,94.23,48.8,2.49,69.41,0
WELL-01,2026-09-19T10:00,235.78,272.4,1155.32,25.38,1971.07,93.51,53.3,2.79,70.91,0
WELL-01,2026-09-19T11:00,243.72,258.92,1062.35,24.68,1907.04,91.01,50.4,2.63,70.12,0
WELL-01,2026-09-19T12:00,243.06,267.22,1099.42,25.12,1902.98,94.75,45.8,2.66,70.18,0
WELL-01,2026-09-19T13:00,251.85,293.11,1163.82,26.56,1960.71,93.97,50.8,2.67,73.69,0
WELL-01,2026-09-19T14:00,236.91,265.76,1121.78,25.94,1877.04,94.42,45.9,2.77,66.14,0
WELL-01,2026-09-19T15:00,242.95,284.18,1169.7,26.23,1892.55,95.51,48.8,2.73,67.4,0
WELL-01,2026-09-19T16:00,224.28,244.19,1088.77,25.68,1826.8,92.88,51.8,2.69,68.56,0
WELL-01,2026-09-19T17:00,226.13,267.54,1183.16,24.74,1825.36,93.7,49.8,3.06,71.74,0
WELL-01,2026-09-19T18:00,231.64,255.74,1104.03,26.08,1868.57,92.22,48.2,2.92,71.53,0
WELL-01,2026-09-19T19:00,223.29,244.55,1095.21,25.47,1916.2,90.79,52.3,2.97,74.27,0
WELL-01,2026-09-19T20:00,240.58,254.48,1057.79,26.83,1929.42,92.75,49.9,3.27,72.25,0
WELL-01,2026-09-19T21:00,226.68,244.2,1077.31,24.93,1853.05,91.63,46.7,3.38,71.5,0
WELL-01,2026-09-19T22:00,238.06,278.69,1170.67,25.02,1849.36,95.1,45.0,2.98,72.08,0
WELL-01,2026-09-19T23:00,228.68,272.62,1192.15,25.48,1847.0,94.59,46.6,3.56,72.47,0
WELL-01,2026-09-20T00:00,215.86,234.71,1087.33,26.76,1783.02,94.46,47.7,3.29,77.48,0
WELL-01,2026-09-20T01:00,225.25,257.2,1141.83,25.88,1894.35,92.38,51.6,3.75,74.21,0
WELL-01,2026-09-20T02:00,229.85,246.85,1073.95,27.53,1846.76,95.67,50.0,3.32,71.47,0
WELL-01,2026-09-20T03:00,217.86,258.88,1188.3,25.14,1825.17,95.72,47.5,3.83,73.72,0
WELL-01,2026-09-20T04:00,214.93,244.88,1139.35,25.96,1767.7,97.16,49.9,3.4,75.13,0
WELL-01,2026-09-20T05:00,222.53,237.9,1069.06,27.14,1853.96,94.12,48.1,3.4,74.02,0
WELL-01,2026-09-20T06:00,222.46,245.44,1103.29,26.75,1867.46,94.87,44.9,3.29,72.72,0
WELL-01,2026-09-20T07:00,206.37,244.45,1184.53,26.82,1818.36,92.27,48.7,3.68,78.26,0
WELL-01,2026-09-20T08:00,210.19,236.76,1126.42,26.08,1823.62,96.92,43.9,3.62,82.17,0
WELL-01,2026-09-20T09:00,202.66,239.46,1181.6,25.93,1758.39,96.31,50.0,4.07,79.32,0
WELL-01,2026-09-20T10:00,201.84,238.32,1180.79,25.5,1843.26,95.84,48.4,3.31,81.47,0
WELL-01,2026-09-20T11:00,214.66,251.09,1169.7,27.23,1735.4,97.26,48.5,3.37,76.18,0
WELL-01,2026-09-20T12:00,217.06,255.2,1175.72,27.6,1810.24,94.97,48.3,3.56,82.19,0
WELL-01,2026-09-20T13:00,209.28,231.5,1106.15,28.24,1784.2,94.47,50.4,3.74,78.86,0
WELL-01,2026-09-20T14:00,195.85,221.4,1130.46,26.88,1715.52,93.07,43.6,4.11,85.01,0
WELL-01,2026-09-20T15:00,209.29,230.54,1101.53,25.74,1804.13,95.99,49.7,3.79,80.8,0
WELL-01,2026-09-20T16:00,205.92,248.47,1206.6,27.92,1720.44,96.79,50.4,3.95,86.52,0
WELL-01,2026-09-20T17:00,191.66,227.47,1186.85,26.86,1786.15,95.02,44.6,3.99,79.29,0
WELL-01,2026-09-20T18:00,190.46,223.03,1171.03,28.23,1810.39,97.15,48.0,4.3,78.56,0
WELL-01,2026-09-20T19:00,205.26,244.66,1191.95,26.73,1783.24,97.36,48.0,3.78,82.32,0
WELL-01,2026-09-20T20:00,198.5,238.77,1202.92,28.34,1675.93,98.81,43.9,3.91,81.45,0
WELL-01,2026-09-20T21:00,199.98,243.77,1218.96,27.32,1713.39,97.93,45.3,4.67,82.45,0
WELL-01,2026-09-20T22:00,201.16,220.91,1098.17,26.72,1783.62,97.47,49.5,4.31,84.15,0
WELL-01,2026-09-20T23:00,186.4,226.37,1214.43,26.22,1783.36,94.78,43.5,4.42,89.25,0
WELL-01,2026-09-21T00:00,191.7,221.01,1152.91,27.98,1735.29,99.67,45.9,4.08,81.9,0
WELL-01,2026-09-21T01:00,192.34,228.46,1187.78,28.98,1698.74,94.47,45.3,4.15,84.76,0
WELL-01,2026-09-21T02:00,196.35,224.09,1141.26,28.85,1707.88,95.81,48.4,3.91,88.58,0
WELL-01,2026-09-21T03:00,187.54,219.44,1170.11,27.82,1698.85,99.46,48.8,4.16,84.67,0
WELL-01,2026-09-21T04:00,182.03,213.89,1175.06,28.74,1648.94,99.78,47.9,4.44,92.57,0
WELL-01,2026-09-21T05:00,189.83,214.34,1129.11,28.52,1642.91,95.94,42.9,4.42,93.14,1
WELL-01,2026-09-21T06:00,182.13,209.62,1150.94,27.33,1673.48,95.77,42.2,4.54,93.73,0
WELL-01,2026-09-21T07:00,183.52,215.01,1171.59,26.73,1646.13,97.99,43.6,5.11,91.2,0
WELL-01,2026-09-21T08:00,173.99,208.88,1200.58,28.28,1736.24,100.66,42.8,4.75,90.1,0
WELL-01,2026-09-21T09:00,182.29,205.31,1126.3,28.91,1682.35,98.38,46.4,4.64,87.05,0
WELL-01,2026-09-21T10:00,182.61,204.79,1121.43,28.84,1671.49,96.74,42.4,4.97,87.53,1
WELL-01,2026-09-21T11:00,177.08,220.34,1244.27,28.55,1668.08,101.04,44.3,5.07,93.91,0
WELL-01,2026-09-21T12:00,174.18,210.07,1206.01,29.8,1704.5,95.95,46.9,4.96,96.12,1
WELL-01,2026-09-21T13:00,165.71,207.14,1249.97,29.09,1631.39,99.53,48.1,5.22,88.42,0
WELL-01,2026-09-21T14:00,164.65,201.26,1222.4,27.92,1626.87,101.1,46.8,4.94,97.84,0
WELL-01,2026-09-21T15:00,168.92,195.71,1158.62,28.2,1690.48,100.47,45.1,4.46,92.44,1
WELL-01,2026-09-21T16:00,166.83,191.74,1149.36,28.87,1666.85,98.58,44.8,4.97,88.77,0
WELL-01,2026-09-21T17:00,167.52,191.78,1144.81,28.71,1681.62,99.6,41.1,5.25,99.13,1
WELL-01,2026-09-21T18:00,160.96,203.01,1261.22,29.22,1638.3,99.43,41.7,5.24,95.35,0
WELL-01,2026-09-21T19:00,159.3,197.55,1240.08,30.13,1646.5,100.51,44.9,5.14,96.63,0
WELL-01,2026-09-21T20:00,158.73,179.65,1131.82,27.78,1599.17,96.91,43.7,4.7,94.14,0
WELL-01,2026-09-21T21:00,170.18,208.72,1226.5,29.28,1617.71,101.93,41.0,5.53,97.32,0
WELL-01,2026-09-21T22:00,160.98,191.61,1190.26,30.21,1579.91,98.18,44.4,5.69,95.35,1
WELL-01,2026-09-21T23:00,159.41,181.41,1138.03,30.35,1551.62,103.12,45.9,4.74,91.75,1
WELL-01,2026-09-22T00:00,165.23,192.18,1163.11,28.32,1563.9,101.77,44.4,5.41,96.93,1
WELL-01,2026-09-22T01:00,164.43,192.81,1172.57,30.34,1620.06,99.76,46.0,4.82,99.85,0
WELL-01,2026-09-22T02:00,153.0,190.15,1242.86,30.03,1638.53,103.18,43.8,5.44,103.78,0
WELL-01,2026-09-22T03:00,156.12,182.45,1168.65,29.16,1542.11,99.5,45.4,5.91,103.01,1
WELL-01,2026-09-22T04:00,160.12,186.76,1166.37,30.22,1595.87,101.9,45.9,5.07,95.0,1
WELL-01,2026-09-22T05:00,145.93,179.59,1230.66,30.96,1602.7,100.22,39.7,6.19,97.25,0
WELL-01,2026-09-22T06:00,154.24,181.85,1179.0,30.4,1600.84,102.8,41.9,5.1,101.57,0
WELL-01,2026-09-22T07:00,145.77,181.8,1247.15,30.27,1517.07,102.59,44.4,5.52,95.91,0
WELL-01,2026-09-22T08:00,150.02,171.7,1144.52,31.17,1607.83,101.25,45.5,6.4,95.4,0
WELL-01,2026-09-22T09:00,142.76,175.76,1231.13,29.36,1497.58,103.1,41.7,5.46,100.97,0
WELL-01,2026-09-22T10:00,148.49,176.57,1189.08,28.78,1493.86,99.34,45.1,6.46,99.15,0
WELL-01,2026-09-22T11:00,144.44,176.4,1221.3,30.67,1515.03,100.4,41.4,5.24,106.68,1
WELL-01,2026-09-22T12:00,143.01,182.43,1275.63,29.5,1560.89,103.46,45.5,5.39,104.47,1
WELL-01,2026-09-22T13:00,135.72,160.39,1181.78,30.18,1549.84,99.53,43.0,5.39,107.34,1
WELL-01,2026-09-22T14:00,132.94,169.77,1277.05,31.15,1494.46,104.35,39.2,5.5,103.71,1
WELL-01,2026-09-22T15:00,138.31,163.03,1178.71,29.58,1565.73,104.51,42.6,5.39,107.82,1
WELL-01,2026-09-22T16:00,137.98,168.71,1222.7,31.39,1506.22,102.48,40.1,6.62,109.53,1
WELL-01,2026-09-22T17:00,138.63,165.45,1193.47,29.86,1557.56,100.4,43.3,6.23,110.47,1
WELL-01,2026-09-22T18:00,129.44,155.32,1199.9,29.91,1470.94,105.38,44.9,6.95,110.99,1
WELL-01,2026-09-22T19:00,127.03,160.51,1263.57,29.78,1484.09,101.1,41.5,5.7,111.32,0
WELL-01,2026-09-22T20:00,133.45,168.32,1261.25,29.88,1545.18,100.43,38.6,5.94,104.06,1
WELL-01,2026-09-22T21:00,129.32,158.16,1222.98,29.58,1507.77,103.33,39.3,6.31,112.78,1
WELL-01,2026-09-22T22:00,129.19,150.14,1162.14,30.88,1524.74,105.58,40.7,6.49,112.33,1
WELL-01,2026-09-22T23:00,122.9,160.94,1309.52,29.46,1455.47,101.52,39.1,6.68,110.49,1
WELL-01,2026-09-23T00:00,128.68,153.94,1196.34,31.65,1501.5,105.61,40.1,7.08,115.85,1
WELL-01,2026-09-23T01:00,123.48,143.9,1165.41,32.0,1458.75,100.84,44.1,6.64,116.6,1
WELL-01,2026-09-23T02:00,126.33,158.7,1256.22,32.33,1449.71,105.48,42.5,6.76,109.6,1
WELL-01,2026-09-23T03:00,115.84,142.82,1232.92,30.71,1412.6,102.07,42.5,6.66,106.17,1
WELL-01,2026-09-23T04:00,118.39,149.81,1265.46,30.9,1519.04,104.65,44.0,6.3,105.1,1
WELL-01,2026-09-23T05:00,118.6,142.71,1203.31,31.33,1433.55,105.7,39.0,6.39,109.86,1
WELL-01,2026-09-23T06:00,113.26,142.77,1260.51,30.52,1432.28,106.04,39.2,6.77,108.92,1
WELL-01,2026-09-23T07:00,115.72,145.37,1256.3,31.48,1497.69,104.97,39.0,7.54,117.8,1
WELL-01,2026-09-23T08:00,110.16,145.12,1317.34,30.0,1386.42,104.17,39.3,6.33,114.19,1
WELL-01,2026-09-23T09:00,108.44,129.62,1195.3,30.64,1457.63,106.2,37.2,6.43,116.36,1
WELL-01,2026-09-23T10:00,113.93,145.49,1277.04,32.22,1468.91,103.25,40.9,6.67,109.9,1
WELL-01,2026-09-23T11:00,115.33,137.14,1189.08,31.45,1441.1,103.75,41.1,7.39,116.12,1
WELL-01,2026-09-23T12:00,112.66,143.74,1275.93,31.02,1470.43,106.88,43.0,7.86,109.82,1
WELL-01,2026-09-23T13:00,106.78,134.32,1257.89,33.08,1426.38,103.72,38.3,6.43,119.48,1
WELL-01,2026-09-23T14:00,104.16,124.57,1195.98,31.29,1413.9,104.75,37.4,6.57,119.13,1
WELL-01,2026-09-23T15:00,104.73,135.12,1290.15,32.21,1446.41,107.55,37.3,7.79,115.3,1
WELL-01,2026-09-23T16:00,105.05,134.89,1284.08,30.81,1457.84,107.28,41.5,6.72,114.82,1
WELL-01,2026-09-23T17:00,106.06,126.11,1189.0,31.98,1405.97,108.2,42.4,6.89,116.26,1
WELL-01,2026-09-23T18:00,105.11,127.13,1209.49,32.06,1375.9,106.46,39.0,7.59,124.91,1
WELL-01,2026-09-23T19:00,103.04,123.33,1196.93,31.1,1435.71,106.67,39.9,6.97,117.3,1
WELL-01,2026-09-23T20:00,96.0,118.9,1238.55,31.74,1384.64,106.07,41.3,7.01,122.69,1
WELL-01,2026-09-23T21:00,99.65,125.8,1262.32,33.54,1418.17,105.95,38.2,8.06,125.28,1
WELL-01,2026-09-23T22:00,97.8,118.37,1210.23,32.89,1333.47,105.81,37.1,8.26,127.44,1
WELL-01,2026-09-23T23:00,97.03,118.48,1221.13,32.32,1360.77,104.28,40.5,7.28,118.2,1
WELL-01,2026-09-24T00:00,90.58,109.53,1209.2,31.12,1317.42,109.53,38.3,8.23,116.18,1
WELL-01,2026-09-24T01:00,87.08,110.46,1268.46,31.62,1338.92,106.85,39.0,7.54,116.92,1
WELL-01,2026-09-24T02:00,86.32,112.15,1299.25,33.54,1353.29,108.37,41.7,7.14,117.31,1
WELL-01,2026-09-24T03:00,93.9,115.41,1229.14,33.39,1324.24,106.68,41.5,7.28,115.79,1
WELL-01,2026-09-24T04:00,87.64,111.66,1274.14,31.17,1335.52,105.39,36.4,7.2,127.12,1
WELL-01,2026-09-24T05:00,88.32,113.11,1280.73,33.64,1328.21,103.69,36.1,7.74,129.06,1
WELL-01,2026-09-24T06:00,90.36,110.08,1218.26,32.68,1349.05,103.72,37.1,8.01,128.43,1
WELL-01,2026-09-24T07:00,89.19,114.88,1288.06,33.95,1361.74,109.67,41.1,8.48,121.21,1
WELL-01,2026-09-24T08:00,88.19,116.76,1323.97,31.05,1318.08,106.67,39.0,7.24,126.77,1
WELL-01,2026-09-24T09:00,94.41,120.94,1281.11,32.21,1351.53,108.52,38.4,7.63,115.57,1
WELL-01,2026-09-24T10:00,88.57,116.34,1313.57,33.5,1369.83,104.06,36.5,7.58,117.11,1
WELL-01,2026-09-24T11:00,88.26,109.81,1244.14,31.31,1407.42,105.48,37.4,8.22,121.8,1
WELL-01,2026-09-24T12:00,94.6,119.62,1264.41,32.97,1342.63,109.82,36.1,7.55,116.89,1
WELL-01,2026-09-24T13:00,94.06,116.36,1237.05,30.79,1316.78,108.28,39.8,7.65,123.69,1
WELL-01,2026-09-24T14:00,86.55,113.89,1315.8,32.94,1342.37,104.17,37.5,7.96,126.74,1
WELL-01,2026-09-24T15:00,90.43,116.62,1289.58,31.66,1403.86,108.68,39.6,8.01,129.85,1
WELL-01,2026-09-24T16:00,89.5,120.95,1351.44,32.26,1351.02,104.36,36.8,7.98,121.4,1
WELL-01,2026-09-24T17:00,85.99,105.42,1225.97,31.79,1305.89,106.76,40.9,8.32,128.79,1
WELL-01,2026-09-24T18:00,90.63,110.68,1221.3,33.17,1312.35,103.77,37.3,7.69,129.35,1
WELL-01,2026-09-24T19:00,87.86,114.45,1302.66,31.52,1355.3,106.06,37.4,8.02,115.95,1
WELL-01,2026-09-24T20:00,93.31,125.49,1344.88,32.36,1369.97,104.42,36.5,7.97,127.8,1
WELL-01,2026-09-24T21:00,86.19,103.37,1199.33,30.86,1318.13,108.94,41.8,7.2,125.43,1
WELL-01,2026-09-24T22:00,89.33,119.92,1342.36,33.65,1398.64,109.83,38.0,7.25,124.23,1
WELL-01,2026-09-24T23:00,89.86,121.27,1349.58,30.85,1354.92,108.6,39.5,8.23,128.3,1
WELL-01,2026-09-25T00:00,91.44,119.91,1311.27,31.06,1352.03,103.63,39.7,7.13,119.27,1
WELL-02,2026-06-27T01:00,423.02,392.71,928.34,18.38,2080.82,92.88,67.6,1.1,51.02,0
WELL-02,2026-06-27T02:00,416.97,383.98,920.89,18.59,1993.28,92.25,66.3,1.09,49.16,0
WELL-02,2026-06-27T03:00,443.56,437.53,986.4,19.34,1944.96,91.6,73.9,1.23,50.68,0
WELL-02,2026-06-27T04:00,443.41,457.38,1031.51,19.91,2057.07,90.83,74.4,1.1,49.87,0
WELL-02,2026-06-27T05:00,410.42,393.32,958.33,19.77,2022.24,93.33,70.0,1.18,50.42,0
WELL-02,2026-06-27T06:00,437.77,418.93,956.95,19.84,1965.05,93.7,67.2,1.3,47.84,0
WELL-02,2026-06-27T07:00,420.15,398.09,947.49,18.86,1969.88,94.22,74.1,1.27,47.71,0
WELL-02,2026-06-27T08:00,418.75,412.73,985.63,19.67,2033.52,91.95,72.7,1.27,50.4,0
WELL-02,2026-06-27T09:00,433.89,407.76,939.77,18.89,1952.76,91.34,75.2,1.35,51.61,0
WELL-02,2026-06-27T10:00,443.74,417.78,941.5,19.91,1963.02,93.76,68.3,1.27,50.17,0
WELL-02,2026-06-27T11:00,414.25,423.15,1021.49,19.23,2075.12,93.73,65.6,1.26,50.89,0
WELL-02,2026-06-27T12:00,435.83,446.02,1023.38,19.39,2033.49,89.25,67.1,1.16,47.59,0
WELL-02,2026-06-27T13:00,410.17,379.07,924.17,18.98,1988.82,90.0,72.6,1.17,52.11,0
WELL-02,2026-06-27T14:00,448.99,446.73,994.96,18.22,2007.24,90.0,66.5,1.11,50.15,0
WELL-02,2026-06-27T15:00,419.78,387.29,922.59,18.75,1945.17,89.17,70.3,1.18,46.99,0
WELL-02,2026-06-27T16:00,424.0,416.29,981.82,19.55,2065.92,92.54,67.8,1.26,52.52,0
WELL-02,2026-06-27T17:00,433.16,411.95,951.02,18.89,2059.98,93.4,71.4,1.33,48.75,0
WELL-02,2026-06-27T18:00,411.6,419.8,1019.91,18.61,2046.93,93.65,74.8,1.23,48.79,0
WELL-02,2026-06-27T19:00,444.15,453.24,1020.45,20.05,2005.91,93.29,65.1,1.21,47.86,0
WELL-02,2026-06-27T20:00,433.83,409.9,944.84,19.95,2052.49,92.18,66.0,1.12,48.7,0
WELL-02,2026-06-27T21:00,445.94,447.16,1002.76,18.32,1934.65,93.56,66.3,1.07,49.02,0
WELL-02,2026-06-27T22:00,427.21,418.45,979.51,18.45,2043.8,92.55,72.2,1.24,48.53,0
WELL-02,2026-06-27T23:00,444.86,448.41,1007.99,19.04,1981.55,91.17,66.1,1.08,49.68,0
WELL-02,2026-06-28T00:00,446.89,427.04,955.58,18.7,1994.36,89.22,72.1,1.32,47.71,0
WELL-02,2026-06-28T01:00,425.99,425.37,998.55,18.65,2069.39,92.41,70.6,1.31,46.72,0
WELL-02,2026-06-28T02:00,418.87,389.89,930.83,19.6,1993.46,92.49,72.4,1.28,47.4,0
WELL-02,2026-06-28T03:00,443.37,442.03,996.99,18.34,2057.38,92.45,72.2,1.27,50.87,0
WELL-02,2026-06-28T04:00,446.19,433.97,972.62,19.06,2009.61,92.27,68.5,1.16,50.37,0
WELL-02,2026-06-28T05:00,434.31,419.61,966.17,18.71,1958.18,90.43,74.4,1.18,52.21,0
WELL-02,2026-06-28T06:00,415.46,427.92,1030.01,18.91,1972.18,93.61,72.2,1.08,50.76,0
WELL-02,2026-06-28T07:00,452.62,421.75,931.79,18.46,2074.41,89.41,67.2,1.16,48.52,0
WELL-02,2026-06-28T08:00,450.29,424.64,943.03,19.32,2086.89,91.4,71.0,1.31,52.41,0
WELL-02,2026-06-28T09:00,438.42,446.27,1017.91,19.46,1956.05,89.64,65.7,1.1,51.37,0
WELL-02,2026-06-28T10:00,434.67,399.92,920.07,19.11,2001.83,93.78,75.6,1.23,47.53,0
WELL-02,2026-06-28T11:00,443.85,422.86,952.69,19.11,2057.96,92.28,71.6,1.15,48.16,0
WELL-02,2026-06-28T12:00,413.37,384.65,930.51,19.38,1977.51,91.58,74.9,1.16,48.56,0
WELL-02,2026-06-28T13:00,426.93,433.65,1015.74,20.05,1957.79,91.35,72.4,1.31,49.55,0
WELL-02,2026-06-28T14:00,418.05,392.03,937.76,18.49,1951.14,90.41,74.2,1.17,51.15,0
WELL-02,2026-06-28T15:00,413.72,426.31,1030.42,18.34,1947.37,94.35,65.5,1.24,52.41,0
WELL-02,2026-06-28T16:00,435.22,438.08,1006.55,20.05,2017.07,93.02,66.9,1.27,49.48,0
WELL-02,2026-06-28T17:00,448.79,464.06,1034.02,19.35,1989.78,93.54,67.4,1.29,49.05,0
WELL-02,2026-06-28T18:00,425.67,415.31,975.66,19.44,1950.27,91.46,73.1,1.21,49.31,0
WELL-02,2026-06-28T19:00,410.2,413.8,1008.76,18.2,1954.95,92.23,65.2,1.21,48.03,0
WELL-02,2026-06-28T20:00,428.37,394.05,919.87,19.23,2005.86,90.48,64.9,1.3,49.63,0
WELL-02,2026-06-28T21:00,420.53,401.52,954.79,19.23,1931.9,94.44,67.5,1.09,48.95,0
WELL-02,2026-06-28T22:00,431.52,422.34,978.74,18.78,2021.06,91.41,74.9,1.29,47.78,0
WELL-02,2026-06-28T23:00,440.45,410.56,932.13,19.18,2030.28,92.03,64.6,1.18,48.61,0
WELL-02,2026-06-29T00:00,445.35,436.61,980.38,18.31,2001.38,94.59,70.9,1.07,48.72,0
WELL-02,2026-06-29T01:00,439.22,438.18,997.62,19.72,1974.49,94.43,69.8,1.19,50.62,0
WELL-02,2026-06-29T02:00,442.73,407.53,920.49,19.0,1971.47,93.3,69.6,1.22,46.87,0
WELL-02,2026-06-29T03:00,451.52,421.93,934.47,18.63,2060.88,90.71,74.1,1.3,47.97,0
WELL-02,2026-06-29T04:00,427.28,402.17,941.22,19.74,1981.7,92.01,69.2,1.1,49.61,0
WELL-02,2026-06-29T05:00,429.61,399.39,929.65,19.1,2003.14,92.19,72.4,1.31,50.14,0
WELL-02,2026-06-29T06:00,429.24,396.21,923.06,18.92,2016.82,92.32,75.4,1.09,50.73,0
WELL-02,2026-06-29T07:00,439.87,415.13,943.76,19.1,1990.91,90.48,65.8,1.12,51.78,0
WELL-02,2026-06-29T08:00,430.95,418.4,970.87,19.1,1972.03,91.91,65.3,1.1,49.24,0
WELL-02,2026-06-29T09:00,432.89,438.15,1012.15,19.46,1973.89,93.94,71.1,1.15,46.96,0
WELL-02,2026-06-29T10:00,430.24,409.12,950.92,19.85,1968.18,93.45,70.0,1.27,50.08,0
WELL-02,2026-06-29T11:00,448.79,428.2,954.12,19.97,2018.46,91.65,73.9,1.14,49.41,0
WELL-02,2026-06-29T12:00,447.26,433.67,969.61,18.5,2009.08,91.29,72.5,1.17,48.69,0
WELL-02,2026-06-29T13:00,438.06,404.66,923.74,18.82,1975.38,93.94,72.1,1.08,49.43,0
WELL-02,2026-06-29T14:00,452.01,453.76,1003.87,18.36,1963.04,91.13,68.3,1.27,51.98,0
WELL-02,2026-06-29T15:00,446.24,414.56,929.02,19.76,1955.73,92.64,74.8,1.33,47.41,0
WELL-02,2026-06-29T16:00,415.07,382.34,921.15,18.57,1986.88,89.43,75.4,1.15,49.21,0
WELL-02,2026-06-29T17:00,410.41,377.72,920.35,19.7,1951.95,92.36,73.9,1.23,49.56,0
WELL-02,2026-06-29T18:00,441.84,442.0,1000.37,18.38,1954.07,91.42,71.8,1.31,49.71,0
WELL-02,2026-06-29T19:00,446.79,430.53,963.61,19.3,2070.74,94.0,68.8,1.19,51.69,0
WELL-02,2026-06-29T20:00,423.58,424.18,1001.42,19.07,2034.08,93.26,73.6,1.18,49.9,0
WELL-02,2026-06-29T21:00,451.32,462.45,1024.67,19.34,2070.29,91.82,69.7,1.35,48.38,0
WELL-02,2026-06-29T22:00,450.08,432.16,960.2,19.33,2066.19,92.17,66.9,1.28,52.11,0
WELL-02,2026-06-29T23:00,438.2,434.58,991.73,20.04,1939.4,94.36,70.4,1.27,47.22,0
WELL-02,2026-06-30T00:00,435.11,438.17,1007.03,19.57,2005.63,90.0,74.2,1.31,47.29,0
WELL-02,2026-06-30T01:00,443.68,441.58,995.26,18.91,2018.0,92.06,64.6,1.3,50.97,0
WELL-02,2026-06-30T02:00,430.55,398.83,926.33,18.54,2064.21,92.62,71.4,1.09,49.07,0
WELL-02,2026-06-30T03:00,443.72,450.04,1014.22,19.0,2015.89,91.46,66.2,1.24,46.93,0
WELL-02,2026-06-30T04:00,424.07,420.48,991.53,18.41,2013.54,90.6,68.5,1.26,47.19,0
WELL-02,2026-06-30T05:00,422.65,435.55,1030.52,18.95,2046.11,92.5,67.5,1.13,49.55,0
WELL-02,2026-06-30T06:00,448.04,429.39,958.37,19.77,1985.69,89.45,70.6,1.21,48.28,0
WELL-02,2026-06-30T07:00,448.49,461.57,1029.17,19.32,1982.2,94.02,66.6,1.17,48.44,0
WELL-02,2026-06-30T08:00,416.3,412.82,991.64,18.5,1957.73,90.02,64.6,1.1,47.98,0
WELL-02,2026-06-30T09:00,415.74,430.02,1034.35,18.65,2061.17,90.17,74.8,1.26,50.39,0
WELL-02,2026-06-30T10:00,411.29,418.02,1016.37,18.3,2010.71,91.04,75.5,1.13,46.77,0
WELL-02,2026-06-30T11:00,446.25,461.83,1034.92,19.49,2060.36,94.24,67.6,1.29,48.18,0
WELL-02,2026-06-30T12:00,422.94,410.07,969.56,18.29,2036.8,91.14,71.0,1.35,47.24,0
WELL-02,2026-06-30T13:00,425.02,402.41,946.8,18.27,1962.81,92.55,69.5,1.12,50.94,0
WELL-02,2026-06-30T14:00,421.59,404.84,960.27,18.98,2061.25,89.89,67.0,1.11,47.92,0
WELL-02,2026-06-30T15:00,433.46,411.78,949.97,18.31,2037.08,90.76,64.8,1.12,50.43,0
WELL-02,2026-06-30T16:00,410.14,412.16,1004.9,19.53,1978.1,91.78,74.8,1.25,50.67,0
WELL-02,2026-06-30T17:00,412.49,426.32,1033.53,19.48,1997.13,92.34,71.0,1.16,49.44,0
WELL-02,2026-06-30T18:00,412.22,417.94,1013.87,19.7,1987.03,92.06,72.0,1.35,48.12,0
WELL-02,2026-06-30T19:00,431.52,416.77,965.81,20.04,1960.38,91.33,71.9,1.12,51.0,0
WELL-02,2026-06-30T20:00,420.5,413.76,983.97,19.37,2033.98,89.48,69.2,1.32,50.96,0
WELL-02,2026-06-30T21:00,431.81,431.4,999.07,18.79,2077.29,94.38,71.3,1.34,49.79,0
WELL-02,2026-06-30T22:00,410.77,424.47,1033.36,18.41,2001.02,94.65,66.7,1.07,52.4,0
WELL-02,2026-06-30T23:00,444.95,452.24,1016.38,18.8,1984.7,90.2,73.8,1.09,47.8,0
WELL-02,2026-07-01T00:00,431.05,441.12,1023.38,19.48,2043.88,89.62,64.9,1.12,49.49,0
WELL-02,2026-07-01T01:00,436.85,426.29,975.83,19.17,2077.95,89.27,75.5,1.12,47.44,0
WELL-02,2026-07-01T02:00,447.67,413.03,922.62,19.43,2047.5,89.88,68.6,1.17,52.09,0
WELL-02,2026-07-01T03:00,410.18,377.55,920.46,18.43,2056.94,91.52,74.2,1.29,52.34,0
WELL-02,2026-07-01T04:00,441.17,440.79,999.13,19.28,2013.73,93.08,71.1,1.16,47.47,0
WELL-02,2026-07-01T05:00,452.51,440.89,974.33,18.34,2079.86,94.05,70.9,1.33,49.32,0
WELL-02,2026-07-01T06:00,422.74,435.77,1030.83,18.53,1945.66,90.78,74.2,1.32,50.14,0
WELL-02,2026-07-01T07:00,423.55,428.55,1011.8,18.32,2036.32,92.59,70.9,1.12,47.71,0
WELL-02,2026-07-01T08:00,450.64,422.52,937.58,19.8,1978.95,90.67,69.9,1.34,46.81,0
WELL-02,2026-07-01T09:00,441.2,452.84,1026.4,18.77,2022.96,94.37,70.8,1.19,49.88,0
WELL-02,2026-07-01T10:00,424.49,400.11,942.56,18.81,1993.96,93.36,70.2,1.35,46.85,0
WELL-02,2026-07-01T11:00,412.53,414.09,1003.77,18.52,2042.14,89.24,75.0,1.18,48.3,0
WELL-02,2026-07-01T12:00,443.78,447.64,1008.69,18.9,1947.77,90.9,64.7,1.21,51.52,0
WELL-02,2026-07-01T13:00,430.83,444.12,1030.84,19.01,1977.11,91.32,73.1,1.16,51.98,0
WELL-02,2026-07-01T14:00,440.25,432.55,982.5,18.23,2050.24,91.21,66.5,1.29,50.64,0
WELL-02,2026-07-01T15:00,432.19,433.62,1003.33,20.08,2034.28,92.36,65.8,1.28,48.81,0
WELL-02,2026-07-01T16:00,425.55,395.08,928.4,18.57,2061.91,91.65,69.2,1.18,48.89,0
WELL-02,2026-07-01T17:00,433.88,399.49,920.76,18.35,1962.13,93.72,71.3,1.35,47.16,0
WELL-02,2026-07-01T18:00,425.67,429.42,1008.82,19.22,2071.32,90.4,64.6,1.17,52.37,0
WELL-02,2026-07-01T19:00,446.04,414.1,928.39,18.28,1999.77,92.91,70.0,1.32,48.16,0
WELL-02,2026-07-01T20:00,416.12,430.41,1034.35,19.71,1993.9,93.19,74.7,1.24,51.18,0
WELL-02,2026-07-01T21:00,443.84,454.97,1025.07,19.1,2079.1,90.68,72.9,1.33,52.1,0
WELL-02,2026-07-01T22:00,416.63,414.92,995.89,19.78,2006.84,93.89,73.0,1.2,46.64,0
WELL-02,2026-07-01T23:00,437.45,416.68,952.52,18.84,2016.67,92.98,64.5,1.14,49.3,0
WELL-02,2026-07-02T00:00,422.59,392.46,928.7,20.04,1986.63,93.66,70.7,1.32,47.67,0
WELL-02,2026-07-02T01:00,437.62,436.04,996.39,18.89,1932.28,90.18,65.2,1.24,50.57,0
WELL-02,2026-07-02T02:00,442.09,424.22,959.57,18.2,2088.43,89.46,66.7,1.32,50.24,0
WELL-02,2026-07-02T03:00,441.03,407.59,924.19,19.42,1934.64,91.32,70.1,1.19,49.97,0
WELL-02,2026-07-02T04:00,424.96,407.66,959.31,18.97,1969.6,93.59,70.2,1.13,51.62,0
WELL-02,2026-07-02T05:00,430.76,439.6,1020.52,19.47,1948.22,91.84,68.2,1.32,52.12,0
WELL-02,2026-07-02T06:00,421.44,427.18,1013.6,19.07,2045.52,92.64,74.7,1.25,51.35,0
WELL-02,2026-07-02T07:00,418.74,389.96,931.25,19.08,1970.91,92.13,68.7,1.07,50.29,0
WELL-02,2026-07-02T08:00,424.69,395.57,931.44,19.28,1954.95,89.66,65.0,1.19,50.68,0
WELL-02,2026-07-02T09:00,437.79,446.0,1018.77,18.41,1967.73,92.34,71.0,1.32,50.24,0
WELL-02,2026-07-02T10:00,432.86,429.47,992.17,19.44,1931.38,91.15,70.8,1.11,48.35,0
WELL-02,2026-07-02T11:00,432.36,401.08,927.66,18.54,1974.28,90.79,71.8,1.09,46.8,0
WELL-02,2026-07-02T12:00,446.81,453.83,1015.7,18.59,2056.49,92.99,66.9,1.18,52.21,0
WELL-02,2026-07-02T13:00,442.06,451.38,1021.09,18.92,1986.19,89.59,67.9,1.19,48.97,0
WELL-02,2026-07-02T14:00,436.12,405.35,929.44,18.37,2072.59,89.38,67.3,1.16,52.18,0
WELL-02,2026-07-02T15:00,447.64,415.11,927.33,18.92,2066.51,91.91,69.8,1.32,46.8,0
WELL-02,2026-07-02T16:00,414.78,411.14,991.21,19.64,2016.14,94.53,70.4,1.3,47.99,0
WELL-02,2026-07-02T17:00,413.46,381.04,921.6,19.94,1963.44,92.14,66.3,1.23,46.97,0
WELL-02,2026-07-02T18:00,439.91,405.0,920.65,19.65,1993.94,91.27,75.7,1.36,50.73,0
WELL-02,2026-07-02T19:00,422.71,423.98,1003.02,18.98,2046.4,90.34,71.8,1.32,51.52,0
WELL-02,2026-07-02T20:00,449.6,458.52,1019.86,19.32,1956.32,91.4,74.1,1.21,48.01,0
WELL-02,2026-07-02T21:00,433.83,411.96,949.6,18.69,2029.19,91.14,74.6,1.25,51.34,0
WELL-02,2026-07-02T22:00,443.34,444.23,1002.02,18.45,1969.52,91.98,66.6,1.19,48.84,0
WELL-02,2026-07-02T23:00,426.27,410.4,962.77,19.2,2010.83,92.91,74.7,1.33,49.54,0
WELL-02,2026-07-03T00:00,445.25,423.28,950.65,19.28,2053.38,94.6,70.3,1.35,51.45,0
WELL-02,2026-07-03T01:00,425.99,414.82,973.78,19.59,2081.6,94.13,73.7,1.13,50.25,0
WELL-02,2026-07-03T02:00,452.55,452.16,999.13,19.81,2013.79,93.31,66.9,1.31,48.02,0
WELL-02,2026-07-03T03:00,423.82,390.52,921.43,19.76,2025.26,90.26,72.0,1.26,48.98,0
WELL-02,2026-07-03T04:00,410.42,423.64,1032.21,19.42,1949.19,93.2,66.7,1.15,50.89,0
WELL-02,2026-07-03T05:00,441.5,447.33,1013.21,19.82,2066.57,91.35,72.3,1.08,46.71,0
WELL-02,2026-07-03T06:00,448.89,440.65,981.65,20.06,2062.69,89.47,72.2,1.32,52.3,0
WELL-02,2026-07-03T07:00,437.48,434.57,993.34,19.38,2056.64,94.66,68.0,1.3,48.59,0
WELL-02,2026-07-03T08:00,445.56,438.3,983.7,18.65,1952.71,91.77,72.6,1.12,47.02,0
WELL-02,2026-07-03T09:00,442.39,410.26,927.36,19.38,2040.16,93.97,67.8,1.25,52.34,0
WELL-02,2026-07-03T10:00,450.16,418.33,929.28,18.74,1981.98,92.87,75.1,1.26,49.39,0
WELL-02,2026-07-03T11:00,442.41,451.98,1021.64,18.67,1987.98,91.02,67.8,1.32,47.13,0
WELL-02,2026-07-03T12:00,434.61,442.46,1018.06,18.42,2012.51,91.33,70.8,1.32,48.48,0
WELL-02,2026-07-03T13:00,416.08,425.56,1022.79,19.04,1946.82,93.17,65.8,1.15,46.75,0
WELL-02,2026-07-03T14:00,428.1,426.49,996.23,19.07,2034.62,89.55,70.0,1.3,50.96,0
WELL-02,2026-07-03T15:00,421.73,412.65,978.46,18.94,1943.99,93.08,75.2,1.19,50.46,0
WELL-02,2026-07-03T16:00,445.99,429.91,963.94,19.18,1948.95,89.58,72.8,1.31,50.85,0
WELL-02,2026-07-03T17:00,446.45,423.17,947.86,18.48,2007.62,91.77,69.7,1.35,48.31,0
WELL-02,2026-07-03T18:00,417.55,425.86,1019.92,18.44,2017.19,91.52,69.0,1.1,50.69,0
WELL-02,2026-07-03T19:00,418.19,405.65,970.02,20.1,1931.85,90.16,66.5,1.09,52.52,0
WELL-02,2026-07-03T20:00,433.73,399.46,921.0,18.41,2021.2,92.07,70.5,1.16,46.81,0
WELL-02,2026-07-03T21:00,419.25,404.88,965.73,18.88,1982.56,89.83,69.1,1.19,48.79,0
WELL-02,2026-07-03T22:00,436.15,437.91,1004.04,19.73,2071.11,94.15,64.7,1.09,50.56,0
WELL-02,2026-07-03T23:00,436.02,419.39,961.86,18.83,2026.6,93.12,74.7,1.34,51.73,0
WELL-02,2026-07-04T00:00,414.36,420.85,1015.66,19.21,2035.42,90.46,74.8,1.17,50.17,0
WELL-02,2026-07-04T01:00,445.84,438.3,983.08,18.43,1942.37,92.43,74.8,1.2,49.69,0
WELL-02,2026-07-04T02:00,451.89,451.83,999.85,19.4,1955.26,90.3,70.3,1.14,51.56,0
WELL-02,2026-07-04T03:00,435.7,420.64,965.45,18.3,2072.38,89.7,73.4,1.21,52.18,0
WELL-02,2026-07-04T04:00,418.81,404.95,966.92,18.61,1980.23,91.88,69.1,1.25,50.64,0
WELL-02,2026-07-04T05:00,440.95,422.25,957.6,19.04,1956.69,92.49,67.0,1.1,50.72,0
WELL-02,2026-07-04T06:00,433.41,422.46,974.74,18.55,2079.72,89.64,73.7,1.3,47.19,0
WELL-02,2026-07-04T07:00,411.62,406.97,988.71,19.78,2042.84,90.49,73.6,1.22,49.94,0
WELL-02,2026-07-04T08:00,419.59,412.95,984.19,19.71,1947.15,94.38,71.5,1.08,47.44,0
WELL-02,2026-07-04T09:00,414.11,410.66,991.67,19.26,1997.65,92.07,71.9,1.28,47.9,0
WELL-02,2026-07-04T10:00,430.35,431.85,1003.49,18.57,2082.67,91.69,66.3,1.21,47.21,0
WELL-02,2026-07-04T11:00,429.53,436.02,1015.12,19.63,1981.11,90.14,71.1,1.29,47.74,0
WELL-02,2026-07-04T12:00,429.7,441.8,1028.17,18.34,1969.41,91.36,73.9,1.18,48.06,0
WELL-02,2026-07-04T13:00,437.26,412.44,943.23,19.53,2004.43,92.13,71.9,1.09,49.63,0
WELL-02,2026-07-04T14:00,414.55,424.98,1025.15,18.67,1953.02,91.19,70.6,1.3,52.44,0
WELL-02,2026-07-04T15:00,417.49,424.59,1017.0,18.99,1981.29,92.03,72.0,1.34,51.9,0
WELL-02,2026-07-04T16:00,444.96,437.76,983.83,18.79,1980.31,90.38,66.5,1.18,47.64,0
WELL-02,2026-07-04T17:00,435.34,444.89,1021.94,19.9,2064.9,91.22,73.0,1.33,49.15,0
WELL-02,2026-07-04T18:00,437.61,424.78,970.68,18.61,2007.57,91.84,69.9,1.2,47.99,0
WELL-02,2026-07-04T19:00,445.0,418.41,940.26,19.45,1978.2,94.47,67.5,1.28,48.65,0
WELL-02,2026-07-04T20:00,441.22,405.65,919.38,18.44,1991.43,92.42,71.0,1.19,48.63,0
WELL-02,2026-07-04T21:00,437.91,431.39,985.11,19.43,1961.0,91.43,71.9,1.1,50.55,0
WELL-02,2026-07-04T22:00,427.02,431.47,1010.41,19.86,2021.43,94.47,67.3,1.19,50.52,0
WELL-02,2026-07-04T23:00,447.83,449.84,1004.5,19.74,2002.3,92.7,70.3,1.21,49.25,0
WELL-02,2026-07-05T00:00,441.19,439.5,996.15,19.8,2035.92,94.02,73.4,1.28,50.9,0
WELL-02,2026-07-05T01:00,429.28,432.32,1007.08,18.62,2073.84,92.05,67.1,1.33,47.12,0
WELL-02,2026-07-05T02:00,426.82,438.19,1026.66,18.59,1934.55,89.94,69.9,1.14,47.61,0
WELL-02,2026-07-05T03:00,418.04,411.17,983.56,19.83,2051.33,94.47,67.1,1.27,50.72,0
WELL-02,2026-07-05T04:00,414.77,406.59,980.28,19.36,2079.94,90.85,66.8,1.34,49.48,0
WELL-02,2026-07-05T05:00,425.42,402.45,946.0,18.9,2087.94,89.5,67.1,1.15,49.08,0
WELL-02,2026-07-05T06:00,446.45,453.28,1015.3,18.74,1975.88,91.06,74.9,1.2,47.65,0
WELL-02,2026-07-05T07:00,446.23,444.08,995.19,19.66,2022.66,89.27,74.2,1.17,50.03,0
WELL-02,2026-07-05T08:00,411.74,400.63,973.02,18.59,2047.93,91.57,67.4,1.13,51.44,0
WELL-02,2026-07-05T09:00,413.82,406.06,981.23,19.3,2003.81,94.18,72.6,1.15,51.73,0
WELL-02,2026-07-05T10:00,450.08,423.36,940.62,19.28,1990.7,94.07,72.3,1.09,51.28,0
WELL-02,2026-07-05T11:00,434.07,445.39,1026.09,18.94,1938.38,93.37,72.7,1.08,47.34,0
WELL-02,2026-07-05T12:00,429.05,415.39,968.16,19.15,2078.52,92.59,74.5,1.31,46.79,0
WELL-02,2026-07-05T13:00,409.65,403.97,986.14,18.45,2082.07,91.43,70.5,1.18,51.09,0
WELL-02,2026-07-05T14:00,443.05,423.8,956.55,20.02,2004.27,89.88,70.7,1.25,51.28,0
WELL-02,2026-07-05T15:00,433.86,443.75,1022.8,18.87,1990.07,92.23,74.7,1.2,50.83,0
WELL-02,2026-07-05T16:00,425.22,419.95,987.62,20.02,1961.1,91.62,74.7,1.18,49.26,0
WELL-02,2026-07-05T17:00,432.31,439.63,1016.95,19.28,2017.69,93.72,72.3,1.29,51.47,0
WELL-02,2026-07-05T18:00,414.51,415.12,1001.49,19.04,1990.21,93.99,65.2,1.24,52.29,0
WELL-02,2026-07-05T19:00,445.64,450.92,1011.85,20.11,1973.74,90.93,72.6,1.24,46.97,0
WELL-02,2026-07-05T20:00,428.9,428.9,1000.0,19.01,2053.04,92.06,75.4,1.22,51.23,0
WELL-02,2026-07-05T21:00,427.98,426.12,995.67,18.64,1986.15,92.97,72.2,1.31,47.32,0
WELL-02,2026-07-05T22:00,439.32,435.11,990.42,19.74,1932.77,89.68,74.1,1.25,46.7,0
WELL-02,2026-07-05T23:00,418.12,384.21,918.91,18.55,1982.88,93.42,66.9,1.12,47.11,0
WELL-02,2026-07-06T00:00,418.42,415.37,992.71,18.41,2001.93,90.87,67.8,1.21,48.34,0
WELL-02,2026-07-06T01:00,411.84,381.74,926.91,19.17,2072.97,89.8,72.9,1.24,49.95,0
WELL-02,2026-07-06T02:00,414.79,397.81,959.07,19.26,2044.49,90.88,70.4,1.29,47.68,0
WELL-02,2026-07-06T03:00,447.46,439.9,983.12,19.73,1935.75,93.12,75.7,1.33,48.08,0
WELL-02,2026-07-06T04:00,428.11,399.92,934.14,20.04,2039.17,93.47,67.1,1.28,51.32,0
WELL-02,2026-07-06T05:00,439.42,439.87,1001.01,18.72,2025.37,93.85,72.3,1.08,47.76,0
WELL-02,2026-07-06T06:00,426.24,438.83,1029.54,20.04,1964.12,92.12,74.7,1.28,47.93,0
WELL-02,2026-07-06T07:00,443.34,446.32,1006.74,19.96,1959.81,89.72,67.5,1.09,48.03,0
WELL-02,2026-07-06T08:00,426.51,412.58,967.35,18.72,2022.18,90.71,66.1,1.07,49.55,0
WELL-02,2026-07-06T09:00,421.64,427.5,1013.89,19.02,1963.09,90.22,74.1,1.11,47.9,0
WELL-02,2026-07-06T10:00,435.37,425.41,977.12,19.65,1995.78,90.0,70.0,1.1,50.97,0
WELL-02,2026-07-06T11:00,415.47,430.13,1035.29,19.79,2074.12,93.96,72.8,1.3,48.65,0
WELL-02,2026-07-06T12:00,442.18,420.52,951.02,19.25,2011.19,92.59,73.9,1.15,49.5,0
WELL-02,2026-07-06T13:00,436.6,411.04,941.46,18.73,1971.61,93.87,67.9,1.2,49.16,0
WELL-02,2026-07-06T14:00,429.45,409.93,954.54,19.64,1996.1,90.06,69.5,1.35,49.26,0
WELL-02,2026-07-06T15:00,451.45,437.89,969.95,19.08,2087.1,89.26,68.6,1.17,49.68,0
WELL-02,2026-07-06T16:00,421.52,390.08,925.42,18.99,1937.45,94.58,72.7,1.27,46.69,0
WELL-02,2026-07-06T17:00,440.48,419.25,951.8,20.01,1945.11,92.66,71.4,1.18,51.0,0
WELL-02,2026-07-06T18:00,444.87,418.99,941.84,19.44,2038.83,93.37,70.3,1.08,50.08,0
WELL-02,2026-07-06T19:00,419.54,410.77,979.1,19.91,1936.18,89.22,65.4,1.24,50.71,0
WELL-02,2026-07-06T20:00,412.53,407.19,987.07,20.1,1973.25,90.49,72.8,1.23,49.06,0
WELL-02,2026-07-06T21:00,429.91,397.03,923.52,19.34,2028.75,89.36,68.1,1.13,47.84,0
WELL-02,2026-07-06T22:00,435.05,408.0,937.84,20.01,2015.12,90.46,66.3,1.33,49.75,0
WELL-02,2026-07-06T23:00,418.84,424.71,1014.03,19.03,2057.91,91.81,66.6,1.25,48.23,0
WELL-02,2026-07-07T00:00,446.45,440.42,986.5,19.36,2073.61,89.34,70.6,1.31,46.85,0
WELL-02,2026-07-07T01:00,415.3,408.01,982.45,19.48,2039.5,89.52,66.7,1.35,47.7,0
WELL-02,2026-07-07T02:00,448.3,413.86,923.17,18.39,2020.31,91.4,73.5,1.28,48.32,0
WELL-02,2026-07-07T03:00,431.67,414.58,960.41,18.32,2009.52,93.98,72.8,1.14,49.18,0
WELL-02,2026-07-07T04:00,452.2,450.15,995.45,19.02,2064.85,90.37,67.2,1.23,50.31,0
WELL-02,2026-07-07T05:00,426.59,429.17,1006.04,19.62,1955.32,91.03,64.9,1.35,49.84,0
WELL-02,2026-07-07T06:00,450.13,416.1,924.39,19.89,1996.62,90.84,64.6,1.25,47.77,0
WELL-02,2026-07-07T07:00,443.04,457.79,1033.31,19.12,1960.4,92.96,73.4,1.35,48.37,0
WELL-02,2026-07-07T08:00,420.15,419.3,997.97,19.44,2021.11,89.59,75.1,1.13,49.28,0
WELL-02,2026-07-07T09:00,423.33,411.42,971.87,20.05,2084.24,93.04,68.6,1.18,48.95,0
WELL-02,2026-07-07T10:00,413.05,403.29,976.38,19.46,2009.63,92.9,69.7,1.09,48.38,0
WELL-02,2026-07-07T11:00,429.81,427.01,993.49,19.61,2051.31,94.56,70.1,1.33,46.88,0
WELL-02,2026-07-07T12:00,444.83,415.22,933.44,19.05,1994.73,93.95,65.1,1.34,51.24,0
WELL-02,2026-07-07T13:00,451.48,432.25,957.4,18.88,2085.25,91.52,64.9,1.24,51.48,0
WELL-02,2026-07-07T14:00,420.61,405.04,962.99,19.18,1995.49,94.2,65.2,1.14,48.85,0
WELL-02,2026-07-07T15:00,413.39,415.73,1005.66,19.1,1986.26,91.48,68.8,1.14,51.79,0
WELL-02,2026-07-07T16:00,435.5,423.87,973.28,18.53,2080.17,90.98,65.5,1.17,46.96,0
WELL-02,2026-07-07T17:00,448.56,435.04,969.86,18.74,2067.97,89.3,71.5,1.19,48.74,0
WELL-02,2026-07-07T18:00,418.38,407.71,974.49,19.64,2090.08,92.08,66.4,1.12,47.45,0
WELL-02,2026-07-07T19:00,441.47,429.7,973.34,19.03,1949.94,94.03,73.6,1.24,51.62,0
WELL-02,2026-07-07T20:00,441.84,418.09,946.26,19.55,2037.79,90.25,71.0,1.35,48.66,0
WELL-02,2026-07-07T21:00,438.13,429.78,980.93,19.25,1946.23,92.24,69.0,1.19,48.53,0
WELL-02,2026-07-07T22:00,439.46,428.61,975.32,18.75,1937.93,92.29,74.9,1.29,49.1,0
WELL-02,2026-07-07T23:00,414.3,428.14,1033.39,19.47,1981.2,90.27,74.9,1.09,47.4,0
WELL-02,2026-07-08T00:00,443.58,407.55,918.79,19.02,1978.94,90.77,68.9,1.14,48.34,0
WELL-02,2026-07-08T01:00,442.65,430.13,971.73,19.1,1989.27,94.59,73.0,1.25,48.09,0
WELL-02,2026-07-08T02:00,413.82,391.93,947.1,18.54,1958.43,93.73,69.0,1.2,47.7,0
WELL-02,2026-07-08T03:00,420.27,419.66,998.55,18.68,1941.92,92.37,75.3,1.24,51.45,0
WELL-02,2026-07-08T04:00,423.5,390.56,922.22,18.46,2000.89,89.57,66.6,1.25,50.66,0
WELL-02,2026-07-08T05:00,450.9,437.24,969.72,18.52,2021.71,91.97,70.5,1.24,49.06,0
WELL-02,2026-07-08T06:00,417.24,405.75,972.46,18.98,1989.73,92.7,72.8,1.32,50.4,0
WELL-02,2026-07-08T07:00,434.81,443.63,1020.3,18.27,2051.11,89.77,65.8,1.35,49.5,0
WELL-02,2026-07-08T08:00,447.42,458.65,1025.09,18.76,2024.22,90.42,67.6,1.28,50.54,0
WELL-02,2026-07-08T09:00,426.78,395.06,925.67,19.26,2006.94,93.86,75.7,1.09,48.21,0
WELL-02,2026-07-08T10:00,443.78,411.68,927.66,19.37,1934.13,92.22,72.6,1.08,52.32,0
WELL-02,2026-07-08T11:00,415.27,407.66,981.68,19.06,1957.93,92.88,73.7,1.1,49.22,0
WELL-02,2026-07-08T12:00,439.28,425.36,968.31,18.55,1987.73,89.73,73.5,1.32,47.19,0
WELL-02,2026-07-08T13:00,412.76,427.15,1034.88,18.52,2001.92,91.64,72.7,1.09,48.03,0
WELL-02,2026-07-08T14:00,434.8,446.05,1025.87,20.01,2017.2,89.64,73.7,1.31,48.48,0
WELL-02,2026-07-08T15:00,452.16,457.69,1012.24,19.5,2034.44,93.13,72.4,1.26,50.7,0
WELL-02,2026-07-08T16:00,415.05,417.92,1006.9,19.12,2061.76,91.05,68.8,1.1,52.02,0
WELL-02,2026-07-08T17:00,410.79,417.32,1015.91,18.73,1940.74,90.97,67.6,1.32,49.11,0
WELL-02,2026-07-08T18:00,425.9,440.46,1034.18,18.73,2018.42,93.5,65.7,1.15,51.53,0
WELL-02,2026-07-08T19:00,409.68,396.68,968.27,19.93,1985.31,89.53,71.1,1.09,47.8,0
WELL-02,2026-07-08T20:00,415.58,401.83,966.9,18.7,2062.02,89.49,73.9,1.34,49.55,0
WELL-02,2026-07-08T21:00,432.36,406.35,939.85,19.09,2042.7,90.88,65.8,1.09,46.99,0
WELL-02,2026-07-08T22:00,412.3,395.69,959.73,18.39,2079.89,93.01,75.6,1.26,50.23,0
WELL-02,2026-07-08T23:00,447.65,462.73,1033.68,18.59,2084.43,91.41,65.0,1.26,50.5,0
WELL-02,2026-07-09T00:00,431.12,407.46,945.11,19.08,1994.94,89.63,72.5,1.17,46.72,0
WELL-02,2026-07-09T01:00,445.49,448.95,1007.77,20.01,2002.2,91.79,71.1,1.24,46.95,0
WELL-02,2026-07-09T02:00,417.8,404.65,968.54,19.68,1979.34,92.11,74.4,1.15,49.44,0
WELL-02,2026-07-09T03:00,446.99,454.78,1017.44,19.4,2018.27,89.33,67.9,1.14,51.94,0
WELL-02,2026-07-09T04:00,452.56,459.6,1015.56,19.61,2009.31,94.59,70.4,1.34,50.33,0
WELL-02,2026-07-09T05:00,446.01,417.14,935.27,20.07,2047.87,92.82,69.9,1.34,47.78,0
WELL-02,2026-07-09T06:00,443.76,427.06,962.37,19.89,2076.42,90.67,75.1,1.1,52.37,0
WELL-02,2026-07-09T07:00,420.77,389.1,924.72,19.5,2051.83,89.76,65.5,1.14,50.16,0
WELL-02,2026-07-09T08:00,413.86,413.91,1000.11,18.27,2058.2,91.26,74.7,1.24,52.16,0
WELL-02,2026-07-09T09:00,442.31,415.17,938.64,19.87,1974.32,94.38,72.1,1.28,47.54,0
WELL-02,2026-07-09T10:00,447.88,451.9,1008.98,18.89,1974.46,91.87,73.2,1.13,46.87,0
WELL-02,2026-07-09T11:00,412.21,409.52,993.49,18.7,2086.88,91.51,75.1,1.34,52.1,0
WELL-02,2026-07-09T12:00,437.71,415.16,948.49,18.94,2051.92,94.67,74.1,1.22,50.45,0
WELL-02,2026-07-09T13:00,411.21,395.23,961.14,19.96,1940.76,91.7,70.0,1.08,47.43,0
WELL-02,2026-07-09T14:00,427.7,411.5,962.13,20.1,2084.99,91.9,75.2,1.1,49.29,0
WELL-02,2026-07-09T15:00,410.07,397.8,970.07,19.14,1983.09,89.71,65.2,1.32,50.72,0
WELL-02,2026-07-09T16:00,423.13,432.97,1023.27,19.65,2089.52,93.27,66.2,1.1,51.62,0
WELL-02,2026-07-09T17:00,452.28,436.52,965.16,19.98,1995.53,91.11,66.5,1.15,48.68,0
WELL-02,2026-07-09T18:00,449.38,419.69,933.93,18.97,1954.73,94.02,71.6,1.1,47.18,0
WELL-02,2026-07-09T19:00,443.21,408.4,921.45,19.36,1935.62,90.88,65.7,1.16,51.81,0
WELL-02,2026-07-09T20:00,437.81,446.0,1018.72,19.29,1969.51,93.98,71.8,1.35,48.53,0
WELL-02,2026-07-09T21:00,449.48,459.0,1021.19,19.19,2011.47,94.05,71.0,1.17,48.45,0
WELL-02,2026-07-09T22:00,413.2,385.71,933.45,19.02,1967.88,91.28,70.1,1.29,49.23,0
WELL-02,2026-07-09T23:00,435.69,445.83,1023.28,19.65,2064.3,91.94,69.8,1.19,48.93,0
WELL-02,2026-07-10T00:00,414.02,394.11,951.91,18.6,2026.1,92.42,72.2,1.35,47.66,0
WELL-02,2026-07-10T01:00,434.43,406.52,935.75,19.0,1943.62,91.14,70.7,1.3,48.05,0
WELL-02,2026-07-10T02:00,410.46,414.54,1009.93,19.84,1955.06,91.41,65.5,1.24,51.29,0
WELL-02,2026-07-10T03:00,450.86,463.55,1028.14,19.0,2088.33,93.26,71.3,1.23,49.19,0
WELL-02,2026-07-10T04:00,422.59,427.39,1011.36,19.95,1931.49,92.51,69.5,1.31,52.13,0
WELL-02,2026-07-10T05:00,424.66,403.41,949.95,19.11,2072.97,92.26,70.9,1.17,47.7,0
WELL-02,2026-07-10T06:00,421.46,389.31,923.71,19.5,2066.28,90.95,69.4,1.21,48.4,0
WELL-02,2026-07-10T07:00,445.6,430.2,965.43,19.46,2055.6,93.11,75.0,1.09,46.99,0
WELL-02,2026-07-10T08:00,426.6,422.96,991.48,19.59,1983.32,89.98,75.2,1.26,51.47,0
WELL-02,2026-07-10T09:00,427.44,408.72,956.21,19.56,2057.79,89.21,68.4,1.27,51.94,0
WELL-02,2026-07-10T10:00,415.7,428.78,1031.47,18.92,2079.63,94.35,69.4,1.18,51.36,0
WELL-02,2026-07-10T11:00,425.1,434.13,1021.26,19.21,1972.28,93.8,71.8,1.19,52.32,0
WELL-02,2026-07-10T12:00,439.13,454.55,1035.12,18.65,1949.07,89.56,70.6,1.19,49.78,0
WELL-02,2026-07-10T13:00,428.94,431.48,1005.94,18.27,1983.95,92.64,73.3,1.33,49.87,0
WELL-02,2026-07-10T14:00,437.9,408.87,933.72,19.07,2066.77,90.97,72.1,1.17,52.48,0
WELL-02,2026-07-10T15:00,436.12,441.07,1011.34,19.16,1978.23,90.34,74.0,1.33,48.72,0
WELL-02,2026-07-10T16:00,435.38,450.14,1033.92,18.42,1942.29,93.39,64.9,1.21,50.41,0
WELL-02,2026-07-10T17:00,439.95,404.77,920.04,19.5,2074.17,91.14,74.0,1.12,46.75,0
WELL-02,2026-07-10T18:00,417.2,420.25,1007.32,18.92,1986.12,92.57,75.0,1.16,51.05,0
WELL-02,2026-07-10T19:00,425.94,407.38,956.41,18.46,2044.18,89.19,74.5,1.32,51.48,0
WELL-02,2026-07-10T20:00,433.77,415.55,957.99,20.1,2090.17,94.01,64.8,1.25,50.62,0
WELL-02,2026-07-10T21:00,411.46,406.78,988.62,19.86,2048.58,90.81,69.7,1.34,49.8,0
WELL-02,2026-07-10T22:00,431.7,433.05,1003.12,18.85,1935.49,93.59,64.7,1.3,49.05,0
WELL-02,2026-07-10T23:00,431.33,421.17,976.46,19.28,1962.08,94.44,74.9,1.13,47.31,0
WELL-02,2026-07-11T00:00,427.64,407.65,953.25,18.9,1992.02,93.8,74.2,1.13,51.93,0
WELL-02,2026-07-11T01:00,429.65,421.34,980.66,18.46,2053.66,93.71,72.2,1.35,47.09,0
WELL-02,2026-07-11T02:00,436.24,400.93,919.07,19.97,1964.38,92.31,74.9,1.3,47.06,0
WELL-02,2026-07-11T03:00,416.75,393.79,944.91,19.25,2068.81,92.78,75.3,1.34,51.73,0
WELL-02,2026-07-11T04:00,442.8,422.73,954.66,18.35,2091.16,90.92,72.4,1.23,52.06,0
WELL-02,2026-07-11T05:00,445.97,438.31,982.83,19.67,1962.88,92.72,68.7,1.13,51.96,0
WELL-02,2026-07-11T06:00,418.84,407.48,972.87,18.91,2046.87,92.76,67.5,1.33,52.35,0
WELL-02,2026-07-11T07:00,451.54,425.82,943.03,19.82,1998.22,89.48,68.9,1.26,51.56,0
WELL-02,2026-07-11T08:00,436.67,432.38,990.19,18.59,1960.27,92.32,65.2,1.07,50.09,0
WELL-02,2026-07-11T09:00,441.21,436.07,988.35,18.37,2034.9,89.72,74.7,1.11,52.54,0
WELL-02,2026-07-11T10:00,435.35,449.07,1031.53,20.05,2081.71,90.92,75.4,1.34,50.43,0
WELL-02,2026-07-11T11:00,417.3,391.69,938.64,19.79,2058.16,93.94,72.1,1.36,47.09,0
WELL-02,2026-07-11T12:00,412.59,419.73,1017.29,18.94,1975.84,90.06,73.8,1.25,48.46,0
WELL-02,2026-07-11T13:00,448.25,415.74,927.48,18.28,1946.87,91.95,67.4,1.35,47.72,0
WELL-02,2026-07-11T14:00,438.84,436.81,995.38,20.08,2070.03,90.46,72.3,1.1,50.64,0
WELL-02,2026-07-11T15:00,436.68,406.23,930.27,19.93,2091.54,91.23,68.9,1.13,49.43,0
WELL-02,2026-07-11T16:00,443.15,426.7,962.89,19.75,1982.64,91.95,75.2,1.35,49.93,0
WELL-02,2026-07-11T17:00,425.61,435.38,1022.96,18.32,1957.08,90.66,70.4,1.32,49.66,0
WELL-02,2026-07-11T18:00,445.96,449.51,1007.97,19.88,1999.5,89.41,66.8,1.23,51.35,0
WELL-02,2026-07-11T19:00,416.83,386.45,927.1,18.63,1971.35,92.68,73.0,1.18,49.73,0
WELL-02,2026-07-11T20:00,447.46,439.18,981.5,19.25,2029.32,91.31,72.8,1.2,50.47,0
WELL-02,2026-07-11T21:00,413.04,391.13,946.97,19.16,2066.74,90.58,66.9,1.25,52.16,0
WELL-02,2026-07-11T22:00,450.75,427.24,947.85,18.46,1996.22,94.17,68.4,1.22,48.99,0
WELL-02,2026-07-11T23:00,422.08,406.12,962.19,18.6,2080.89,93.59,72.0,1.15,50.94,0
WELL-02,2026-07-12T00:00,446.36,462.11,1035.29,18.24,1935.73,94.44,72.1,1.11,48.89,0
WELL-02,2026-07-12T01:00,432.44,428.5,990.88,19.36,1995.93,92.84,66.1,1.07,51.89,0
WELL-02,2026-07-12T02:00,411.37,412.42,1002.56,19.17,2055.41,91.6,69.3,1.22,51.14,0
WELL-02,2026-07-12T03:00,445.43,413.01,927.22,19.24,2089.23,93.05,68.2,1.29,52.48,0
WELL-02,2026-07-12T04:00,413.82,382.69,924.78,19.82,2068.91,93.5,73.2,1.07,48.73,0
WELL-02,2026-07-12T05:00,421.28,434.92,1032.36,18.44,1932.81,91.37,68.0,1.26,48.14,0
WELL-02,2026-07-12T06:00,421.25,420.61,998.48,19.2,1937.73,93.28,70.1,1.25,52.57,0
WELL-02,2026-07-12T07:00,441.1,433.05,981.77,18.88,2081.29,93.7,67.1,1.29,51.69,0
WELL-02,2026-07-12T08:00,418.79,425.36,1015.68,18.46,2069.97,92.89,75.2,1.31,47.61,0
WELL-02,2026-07-12T09:00,437.72,415.93,950.22,18.25,2016.51,91.94,67.4,1.17,48.78,0
WELL-02,2026-07-12T10:00,415.25,403.61,971.96,19.03,1959.59,92.04,68.6,1.29,51.75,0
WELL-02,2026-07-12T11:00,437.27,448.75,1026.25,18.52,1949.35,89.77,72.8,1.14,52.38,0
WELL-02,2026-07-12T12:00,412.11,390.06,946.51,18.62,1962.73,90.97,75.3,1.07,48.81,0
WELL-02,2026-07-12T13:00,414.6,388.24,936.42,19.58,1941.47,94.46,65.7,1.34,47.64,0
WELL-02,2026-07-12T14:00,424.56,390.83,920.53,19.86,1939.81,91.84,73.4,1.3,46.83,0
WELL-02,2026-07-12T15:00,450.8,450.7,999.79,19.03,1951.12,94.28,66.3,1.1,47.01,0
WELL-02,2026-07-12T16:00,452.27,456.0,1008.26,19.95,1988.05,90.56,70.2,1.17,51.22,0
WELL-02,2026-07-12T17:00,433.0,429.08,990.95,19.7,1978.69,92.25,71.9,1.22,51.94,0
WELL-02,2026-07-12T18:00,417.44,383.38,918.42,19.21,2051.27,93.92,70.3,1.12,47.81,0
WELL-02,2026-07-12T19:00,410.07,398.6,972.02,19.36,2042.73,90.09,66.7,1.1,48.26,0
WELL-02,2026-07-12T20:00,439.79,441.64,1004.19,19.03,1944.46,93.21,71.6,1.08,46.73,0
WELL-02,2026-07-12T21:00,430.27,419.28,974.46,19.61,1963.13,90.65,73.8,1.15,50.56,0
WELL-02,2026-07-12T22:00,434.35,438.0,1008.41,19.3,2069.42,94.35,73.8,1.19,48.72,0
WELL-02,2026-07-12T23:00,439.37,441.08,1003.9,19.9,2053.44,94.62,64.7,1.19,50.92,0
WELL-02,2026-07-13T00:00,444.4,423.13,952.15,19.99,2058.0,93.36,69.0,1.16,48.56,0
WELL-02,2026-07-13T01:00,452.56,460.57,1017.72,19.47,2079.62,91.41,74.4,1.07,51.88,0
WELL-02,2026-07-13T02:00,430.32,434.83,1010.46,19.75,2000.67,93.8,68.8,1.33,46.76,0
WELL-02,2026-07-13T03:00,439.29,409.86,933.01,19.53,2030.39,91.29,72.8,1.26,51.68,0
WELL-02,2026-07-13T04:00,420.09,418.61,996.48,18.87,1935.75,92.69,71.5,1.25,47.0,0
WELL-02,2026-07-13T05:00,444.73,456.47,1026.39,18.58,2058.8,92.18,72.7,1.32,50.24,0
WELL-02,2026-07-13T06:00,415.29,397.7,957.64,19.83,2030.73,91.46,69.3,1.16,47.87,0
WELL-02,2026-07-13T07:00,451.47,422.81,936.52,19.32,2032.4,89.99,67.4,1.21,47.51,0
WELL-02,2026-07-13T08:00,440.65,425.92,966.59,19.44,1933.66,92.5,71.3,1.35,48.52,0
WELL-02,2026-07-13T09:00,423.34,394.7,932.35,18.91,2056.32,91.05,74.4,1.23,49.07,0
WELL-02,2026-07-13T10:00,418.45,422.31,1009.21,18.26,2002.16,94.29,67.9,1.2,48.85,0
WELL-02,2026-07-13T11:00,440.03,404.91,920.19,18.7,2058.11,90.22,66.1,1.32,52.07,0
WELL-02,2026-07-13T12:00,430.22,438.69,1019.69,19.82,1966.01,90.47,72.5,1.23,48.12,0
WELL-02,2026-07-13T13:00,440.3,405.5,920.98,19.98,2078.71,94.67,72.6,1.26,51.91,0
WELL-02,2026-07-13T14:00,428.33,401.18,936.61,18.97,2022.94,91.64,73.2,1.08,51.03,0
WELL-02,2026-07-13T15:00,425.72,398.87,936.93,18.86,1958.53,91.71,71.4,1.25,49.28,0
WELL-02,2026-07-13T16:00,445.75,456.91,1025.03,18.78,2007.25,94.47,65.0,1.26,48.15,0
WELL-02,2026-07-13T17:00,441.76,456.7,1033.83,19.04,2016.91,91.14,72.1,1.16,52.35,0
WELL-02,2026-07-13T18:00,418.38,424.97,1015.75,18.77,2032.18,94.59,69.2,1.15,49.91,0
WELL-02,2026-07-13T19:00,424.94,416.6,980.36,19.74,1932.68,91.97,69.2,1.33,51.74,0
WELL-02,2026-07-13T20:00,446.79,420.92,942.08,18.88,2084.83,89.55,66.4,1.12,50.58,0
WELL-02,2026-07-13T21:00,441.72,406.76,920.85,19.49,1981.29,90.1,75.1,1.31,49.16,0
WELL-02,2026-07-13T22:00,422.98,424.34,1003.2,18.42,2016.7,94.18,73.6,1.11,48.51,0
WELL-02,2026-07-13T23:00,440.2,417.77,949.05,18.49,2020.85,93.4,75.5,1.19,50.11,0
WELL-02,2026-07-14T00:00,446.64,424.8,951.1,19.96,1993.17,94.13,67.7,1.12,49.87,0
WELL-02,2026-07-14T01:00,444.03,437.14,984.49,19.52,2064.98,90.48,68.1,1.33,49.55,0
WELL-02,2026-07-14T02:00,438.98,452.23,1030.18,18.29,1998.6,90.8,73.3,1.08,48.24,0
WELL-02,2026-07-14T03:00,415.07,407.61,982.02,19.54,2010.64,90.49,68.4,1.33,52.53,0
WELL-02,2026-07-14T04:00,451.5,467.02,1034.36,19.23,2046.04,89.2,67.7,1.35,49.24,0
WELL-02,2026-07-14T05:00,414.98,405.78,977.84,19.72,1959.99,91.04,66.1,1.26,48.06,0
WELL-02,2026-07-14T06:00,435.55,417.9,959.48,18.54,2003.76,89.42,67.5,1.09,49.13,0
WELL-02,2026-07-14T07:00,424.48,395.84,932.51,19.15,2077.24,89.59,72.9,1.28,49.82,0
WELL-02,2026-07-14T08:00,433.03,423.18,977.25,18.64,2014.22,91.44,73.5,1.24,48.91,0
WELL-02,2026-07-14T09:00,443.3,417.39,941.55,19.95,2021.74,93.78,69.9,1.28,51.49,0
WELL-02,2026-07-14T10:00,451.16,461.35,1022.57,19.48,2014.06,90.84,67.7,1.29,48.64,0
WELL-02,2026-07-14T11:00,411.82,383.73,931.78,19.91,1944.76,94.03,70.8,1.13,50.12,0
WELL-02,2026-07-14T12:00,447.27,424.65,949.42,19.02,2079.67,89.38,70.3,1.34,48.93,0
WELL-02,2026-07-14T13:00,417.59,410.03,981.9,18.2,1940.04,94.28,75.6,1.16,47.48,0
WELL-02,2026-07-14T14:00,442.59,455.61,1029.41,19.01,1960.68,90.84,71.1,1.17,50.23,0
WELL-02,2026-07-14T15:00,444.85,427.24,960.41,19.6,1945.52,92.01,72.5,1.28,50.84,0
WELL-02,2026-07-14T16:00,438.79,429.78,979.46,19.86,2090.1,89.54,66.9,1.24,47.51,0
WELL-02,2026-07-14T17:00,412.81,409.85,992.82,19.83,1992.26,93.64,66.0,1.22,51.25,0
WELL-02,2026-07-14T18:00,445.82,420.9,944.12,20.08,2050.71,90.17,69.7,1.16,50.46,0
WELL-02,2026-07-14T19:00,427.0,401.44,940.14,20.08,2087.85,90.4,75.4,1.15,48.41,0
WELL-02,2026-07-14T20:00,429.79,434.18,1010.2,19.27,1966.55,89.57,66.8,1.24,47.46,0
WELL-02,2026-07-14T21:00,435.69,400.76,919.83,18.48,2073.11,94.43,73.6,1.32,46.68,0
WELL-02,2026-07-14T22:00,436.31,428.4,981.87,18.69,2051.62,89.98,70.7,1.33,48.02,0
WELL-02,2026-07-14T23:00,445.06,432.44,971.65,18.29,1994.4,93.04,70.7,1.15,50.11,0
WELL-02,2026-07-15T00:00,449.82,439.24,976.48,19.61,1934.37,89.97,70.9,1.1,49.49,0
WELL-02,2026-07-15T01:00,437.14,411.29,940.86,18.59,2017.85,94.56,74.3,1.26,51.9,0
WELL-02,2026-07-15T02:00,448.37,436.92,974.45,19.51,1943.27,89.5,69.8,1.1,48.45,0
WELL-02,2026-07-15T03:00,422.6,394.62,933.79,18.99,2078.16,90.16,64.6,1.13,52.37,0
WELL-02,2026-07-15T04:00,423.63,396.19,935.21,18.41,1976.34,90.4,70.7,1.24,47.76,0
WELL-02,2026-07-15T05:00,425.69,400.22,940.16,18.52,1977.63,94.07,65.5,1.27,48.06,0
WELL-02,2026-07-15T06:00,428.84,433.36,1010.54,19.16,1975.94,90.93,69.4,1.07,49.04,0
WELL-02,2026-07-15T07:00,440.16,412.39,936.92,19.27,2042.02,92.55,66.1,1.25,49.04,0
WELL-02,2026-07-15T08:00,441.13,437.75,992.34,18.28,1965.58,89.74,67.9,1.14,47.76,0
WELL-02,2026-07-15T09:00,444.73,455.77,1024.84,18.63,2091.51,89.65,73.7,1.34,46.82,0
WELL-02,2026-07-15T10:00,427.68,419.93,981.88,19.1,2027.76,91.83,71.9,1.27,46.84,0
WELL-02,2026-07-15T11:00,438.88,436.3,994.12,19.1,2008.72,90.37,67.4,1.13,49.49,0
WELL-02,2026-07-15T12:00,450.55,444.94,987.54,19.19,2036.13,90.42,69.1,1.21,48.9,0
WELL-02,2026-07-15T13:00,448.02,460.91,1028.78,19.64,1990.19,93.68,69.3,1.1,48.65,0
WELL-02,2026-07-15T14:00,417.95,386.85,925.59,19.3,1989.09,94.24,67.5,1.09,50.5,0
WELL-02,2026-07-15T15:00,449.41,452.63,1007.16,18.53,2018.76,89.23,68.2,1.26,51.65,0
WELL-02,2026-07-15T16:00,442.27,429.49,971.11,18.71,1932.12,94.56,73.0,1.18,50.87,0
WELL-02,2026-07-15T17:00,433.84,403.0,928.91,19.65,2010.21,89.88,72.7,1.14,46.93,0
WELL-02,2026-07-15T18:00,428.95,433.97,1011.72,19.8,2057.27,90.27,70.4,1.18,48.2,0
WELL-02,2026-07-15T19:00,410.59,395.41,963.01,20.08,2031.34,91.5,67.9,1.08,49.63,0
WELL-02,2026-07-15T20:00,433.74,399.99,922.17,18.74,2053.98,92.89,70.5,1.23,47.04,0
WELL-02,2026-07-15T21:00,409.59,405.73,990.56,19.89,1947.68,90.15,65.9,1.25,49.19,0
WELL-02,2026-07-15T22:00,441.52,456.56,1034.07,19.99,2029.72,89.61,72.2,1.31,49.32,0
WELL-02,2026-07-15T23:00,419.4,392.96,936.95,19.6,2010.74,92.96,72.2,1.21,49.87,0
WELL-02,2026-07-16T00:00,424.65,406.89,958.19,18.77,2089.17,89.83,68.3,1.09,46.87,0
WELL-02,2026-07-16T01:00,428.89,440.0,1025.91,19.26,1951.97,92.17,65.1,1.17,52.43,0
WELL-02,2026-07-16T02:00,444.37,424.95,956.29,19.1,2034.85,94.3,72.3,1.17,49.94,0
WELL-02,2026-07-16T03:00,451.05,437.41,969.76,19.36,2078.29,90.42,66.0,1.18,49.92,0
WELL-02,2026-07-16T04:00,417.12,425.95,1021.17,18.82,2010.26,92.77,72.9,1.25,47.02,0
WELL-02,2026-07-16T05:00,413.54,418.25,1011.4,19.8,1989.4,92.0,71.7,1.09,46.96,0
WELL-02,2026-07-16T06:00,435.48,411.69,945.38,19.34,1942.26,89.51,69.2,1.12,50.16,0
WELL-02,2026-07-16T07:00,428.57,422.58,986.03,18.91,1946.86,90.72,65.6,1.25,49.15,0
WELL-02,2026-07-16T08:00,419.95,412.43,982.1,19.17,2023.38,90.15,68.0,1.32,47.11,0
WELL-02,2026-07-16T09:00,423.52,390.77,922.68,19.82,1961.19,94.62,74.1,1.23,48.2,0
WELL-02,2026-07-16T10:00,435.08,423.84,974.17,19.1,2040.86,92.08,73.0,1.1,49.4,0
WELL-02,2026-07-16T11:00,429.97,438.37,1019.53,18.27,1988.42,92.9,65.2,1.11,52.4,0
WELL-02,2026-07-16T12:00,445.65,421.02,944.75,19.21,2086.1,92.71,65.6,1.09,49.98,0
WELL-02,2026-07-16T13:00,432.85,416.28,961.73,18.7,2015.85,91.71,66.3,1.1,49.58,0
WELL-02,2026-07-16T14:00,414.93,417.32,1005.77,19.78,1986.96,89.79,69.6,1.33,52.57,0
WELL-02,2026-07-16T15:00,450.97,456.24,1011.68,18.29,2082.36,92.59,72.7,1.31,48.56,0
WELL-02,2026-07-16T16:00,412.51,387.63,939.7,18.73,2078.95,94.61,66.5,1.34,47.9,0
WELL-02,2026-07-16T17:00,421.24,425.1,1009.16,19.44,1932.0,89.25,74.2,1.31,47.46,0
WELL-02,2026-07-16T18:00,434.2,448.0,1031.79,18.67,2025.06,94.5,68.0,1.35,48.26,0
WELL-02,2026-07-16T19:00,420.06,428.81,1020.83,19.14,2049.96,91.68,72.8,1.29,50.33,0
WELL-02,2026-07-16T20:00,421.79,436.29,1034.39,19.29,1998.72,92.38,67.3,1.26,47.65,0
WELL-02,2026-07-16T21:00,417.88,400.46,958.32,20.01,1936.84,91.08,75.4,1.2,47.22,0
WELL-02,2026-07-16T22:00,413.49,385.5,932.31,19.32,1994.97,93.45,72.6,1.22,52.22,0
WELL-02,2026-07-16T23:00,426.96,397.9,931.94,19.33,2038.39,93.47,65.0,1.25,49.22,0
WELL-02,2026-07-17T00:00,439.65,451.62,1027.22,19.33,1994.1,89.35,65.7,1.31,47.5,0
WELL-02,2026-07-17T01:00,447.76,411.2,918.35,19.63,1947.54,91.76,73.5,1.15,49.84,0
WELL-02,2026-07-17T02:00,417.78,398.83,954.64,18.74,1975.43,93.42,69.9,1.25,52.28,0
WELL-02,2026-07-17T03:00,434.89,444.64,1022.43,18.53,2052.7,91.47,72.4,1.25,49.92,0
WELL-02,2026-07-17T04:00,441.25,426.64,966.89,19.89,2078.13,92.57,68.5,1.21,48.63,0
WELL-02,2026-07-17T05:00,421.6,436.33,1034.95,19.98,1999.51,93.02,67.4,1.24,51.43,0
WELL-02,2026-07-17T06:00,424.39,399.55,941.48,18.47,2066.8,92.96,69.2,1.32,52.11,0
WELL-02,2026-07-17T07:00,436.77,416.22,952.94,19.61,2018.92,93.44,69.4,1.25,49.94,0
WELL-02,2026-07-17T08:00,420.36,409.29,973.67,19.68,2086.64,93.66,72.7,1.29,48.72,0
WELL-02,2026-07-17T09:00,449.92,416.88,926.56,19.08,1965.73,92.42,74.4,1.27,50.73,0
WELL-02,2026-07-17T10:00,440.65,437.16,992.09,18.5,2076.0,94.27,65.1,1.29,48.93,0
WELL-02,2026-07-17T11:00,434.68,406.41,934.98,19.9,2056.31,92.44,67.9,1.28,48.27,0
WELL-02,2026-07-17T12:00,410.56,385.91,939.97,19.9,2078.39,89.76,69.9,1.11,48.02,0
WELL-02,2026-07-17T13:00,434.51,420.74,968.29,19.18,2078.64,92.27,65.9,1.36,48.94,0
WELL-02,2026-07-17T14:00,440.89,447.71,1015.46,19.83,1968.19,92.57,71.0,1.15,46.87,0
WELL-02,2026-07-17T15:00,434.7,436.94,1005.14,18.7,2005.24,90.57,71.4,1.28,52.21,0
WELL-02,2026-07-17T16:00,410.96,416.81,1014.23,18.39,2049.98,89.53,73.9,1.28,49.85,0
WELL-02,2026-07-17T17:00,431.28,403.18,934.85,18.7,2069.71,92.36,65.0,1.22,50.19,0
WELL-02,2026-07-17T18:00,445.95,415.67,932.1,19.77,2025.42,93.48,70.3,1.23,50.32,0
WELL-02,2026-07-17T19:00,448.72,412.86,920.08,18.47,2041.39,89.99,73.8,1.32,51.64,0
WELL-02,2026-07-17T20:00,428.8,425.35,991.95,20.08,1969.3,93.91,69.4,1.35,47.86,0
WELL-02,2026-07-17T21:00,451.58,421.5,933.38,19.78,2008.66,92.12,70.3,1.22,47.6,0
WELL-02,2026-07-17T22:00,411.67,390.1,947.6,18.25,1944.47,90.71,68.3,1.3,48.85,0
WELL-02,2026-07-17T23:00,429.28,409.33,953.52,19.64,1962.67,90.66,72.7,1.31,52.04,0
WELL-02,2026-07-18T00:00,448.59,447.35,997.23,19.96,1941.77,94.05,73.6,1.16,51.29,0
WELL-02,2026-07-18T01:00,412.86,414.55,1004.08,19.29,1999.46,93.62,66.6,1.08,51.41,0
WELL-02,2026-07-18T02:00,435.26,421.73,968.91,19.53,1963.57,90.26,75.2,1.19,52.04,0
WELL-02,2026-07-18T03:00,423.26,433.16,1023.41,18.76,1992.1,92.2,74.4,1.33,47.68,0
WELL-02,2026-07-18T04:00,444.52,436.91,982.87,19.59,2091.36,89.23,68.1,1.33,50.73,0
WELL-02,2026-07-18T05:00,422.58,424.11,1003.62,19.34,1932.7,93.15,70.5,1.28,48.11,0
WELL-02,2026-07-18T06:00,441.55,451.0,1021.4,18.42,2032.81,94.65,73.7,1.32,49.31,0
WELL-02,2026-07-18T07:00,425.1,420.6,989.43,19.81,1941.68,92.16,65.7,1.14,51.91,0
WELL-02,2026-07-18T08:00,431.68,404.51,937.06,18.82,2042.21,89.24,72.3,1.27,48.01,0
WELL-02,2026-07-18T09:00,418.59,419.41,1001.94,19.41,1964.61,90.26,72.3,1.11,50.3,0
WELL-02,2026-07-18T10:00,434.45,407.71,938.44,18.78,2048.23,89.61,72.9,1.11,49.2,0
WELL-02,2026-07-18T11:00,414.04,423.05,1021.74,19.17,1998.81,91.44,69.0,1.34,50.71,0
WELL-02,2026-07-18T12:00,434.4,445.55,1025.67,18.87,1942.25,90.46,75.5,1.29,46.84,0
WELL-02,2026-07-18T13:00,435.07,410.09,942.6,19.41,2051.44,93.79,69.4,1.08,51.11,0
WELL-02,2026-07-18T14:00,424.79,394.57,928.85,20.01,2026.95,89.67,73.6,1.07,47.61,0
WELL-02,2026-07-18T15:00,424.97,411.02,967.18,19.77,1968.61,90.96,67.7,1.24,51.73,0
WELL-02,2026-07-18T16:00,418.89,395.24,943.54,19.64,2082.8,89.72,69.1,1.35,51.37,0
WELL-02,2026-07-18T17:00,424.5,431.4,1016.27,19.16,2071.3,94.51,71.2,1.16,48.29,0
WELL-02,2026-07-18T18:00,450.48,436.42,968.79,19.19,2019.17,93.45,68.7,1.24,52.57,0
WELL-02,2026-07-18T19:00,434.51,442.57,1018.55,19.97,2024.15,94.16,71.1,1.2,51.17,0
WELL-02,2026-07-18T20:00,418.13,424.52,1015.28,18.92,1993.88,94.07,72.2,1.27,50.58,0
WELL-02,2026-07-18T21:00,428.49,419.31,978.59,19.3,2042.54,94.33,74.3,1.12,47.23,0
WELL-02,2026-07-18T22:00,422.03,395.18,936.37,19.91,1948.0,94.2,74.8,1.29,51.82,0
WELL-02,2026-07-18T23:00,429.25,394.92,920.04,18.96,1999.03,92.77,75.4,1.22,50.94,0
WELL-02,2026-07-19T00:00,438.39,431.79,984.95,19.83,2044.03,93.54,72.8,1.22,49.52,0
WELL-02,2026-07-19T01:00,434.52,413.17,950.86,19.85,2078.58,90.84,74.2,1.12,52.0,0
WELL-02,2026-07-19T02:00,413.17,426.34,1031.89,18.56,2025.64,93.85,69.4,1.29,49.22,0
WELL-02,2026-07-19T03:00,446.69,444.33,994.72,19.68,2089.24,90.26,68.3,1.09,49.68,0
WELL-02,2026-07-19T04:00,430.12,444.96,1034.49,19.46,2061.75,91.56,70.6,1.2,47.45,0
WELL-02,2026-07-19T05:00,430.27,400.39,930.56,19.63,1959.4,89.32,72.4,1.18,47.29,0
WELL-02,2026-07-19T06:00,417.52,429.16,1027.88,18.56,2040.03,92.43,74.3,1.23,50.58,0
WELL-02,2026-07-19T07:00,413.25,424.61,1027.5,19.71,2023.03,90.27,70.3,1.33,50.47,0
WELL-02,2026-07-19T08:00,410.18,407.31,992.99,19.01,1934.74,90.55,71.3,1.32,48.32,0
WELL-02,2026-07-19T09:00,425.65,439.05,1031.49,18.71,2033.06,92.51,69.0,1.09,52.26,0
WELL-02,2026-07-19T10:00,412.46,421.02,1020.73,18.72,1968.31,90.14,72.9,1.15,52.29,0
WELL-02,2026-07-19T11:00,450.89,433.39,961.18,19.63,1976.44,90.71,65.1,1.23,52.11,0
WELL-02,2026-07-19T12:00,445.51,420.01,942.75,18.89,1980.01,92.2,67.6,1.27,52.31,0
WELL-02,2026-07-19T13:00,448.39,415.77,927.24,18.38,1943.79,90.3,74.2,1.26,47.12,0
WELL-02,2026-07-19T14:00,431.63,400.08,926.9,18.89,2037.88,92.61,69.7,1.15,52.16,0
WELL-02,2026-07-19T15:00,417.16,429.14,1028.73,19.26,1981.8,94.53,70.9,1.24,46.97,0
WELL-02,2026-07-19T16:00,448.32,443.24,988.66,18.87,1954.45,92.48,67.4,1.35,47.05,0
WELL-02,2026-07-19T17:00,439.52,453.18,1031.07,18.69,1968.27,92.82,72.8,1.25,47.97,0
WELL-02,2026-07-19T18:00,440.34,445.34,1011.37,19.95,1961.13,89.41,66.1,1.34,47.4,0
WELL-02,2026-07-19T19:00,443.71,419.61,945.67,19.86,1977.36,92.46,74.1,1.32,47.88,0
WELL-02,2026-07-19T20:00,448.37,445.66,993.97,18.98,2026.73,90.22,67.4,1.34,51.88,0
WELL-02,2026-07-19T21:00,445.68,445.83,1000.33,18.75,2091.3,92.49,65.7,1.17,50.39,0
WELL-02,2026-07-19T22:00,424.04,434.65,1025.03,18.41,1959.01,91.65,69.5,1.24,47.85,0
WELL-02,2026-07-19T23:00,418.39,388.37,928.26,19.16,1954.29,91.36,65.6,1.27,50.27,0
WELL-02,2026-07-20T00:00,429.41,427.6,995.77,19.4,2016.56,90.77,70.3,1.19,46.98,0
WELL-02,2026-07-20T01:00,422.62,404.11,956.22,20.08,2075.76,92.54,73.2,1.17,48.96,0
WELL-02,2026-07-20T02:00,411.39,385.03,935.92,19.83,2086.49,94.42,66.5,1.22,49.94,0
WELL-02,2026-07-20T03:00,448.99,449.52,1001.17,19.42,1993.99,94.54,72.5,1.2,47.33,0
WELL-02,2026-07-20T04:00,428.15,435.26,1016.6,20.0,2014.42,91.79,69.5,1.08,47.9,0
WELL-02,2026-07-20T05:00,438.31,431.56,984.61,18.37,2066.95,93.89,65.8,1.1,49.12,0
WELL-02,2026-07-20T06:00,413.64,424.89,1027.19,18.77,2001.39,94.35,72.1,1.11,51.54,0
WELL-02,2026-07-20T07:00,445.08,456.57,1025.81,18.71,2074.31,90.35,69.6,1.14,51.19,0
WELL-02,2026-07-20T08:00,435.35,428.05,983.23,19.14,2073.22,94.34,74.3,1.21,49.89,0
WELL-02,2026-07-20T09:00,423.33,410.26,969.13,19.56,2086.79,93.85,67.5,1.24,47.59,0
WELL-02,2026-07-20T10:00,449.26,433.61,965.18,19.61,1941.6,92.45,74.3,1.27,49.98,0
WELL-02,2026-07-20T11:00,444.27,420.19,945.8,19.34,2074.0,91.71,65.0,1.32,49.84,0
WELL-02,2026-07-20T12:00,421.93,424.53,1006.17,18.75,2057.77,90.83,74.8,1.27,49.92,0
WELL-02,2026-07-20T13:00,451.59,455.09,1007.75,19.59,2012.97,90.85,71.9,1.14,49.42,0
WELL-02,2026-07-20T14:00,420.4,419.18,997.1,19.04,2088.22,91.05,65.5,1.29,49.22,0
WELL-02,2026-07-20T15:00,430.42,424.4,986.02,19.95,2045.9,94.62,65.3,1.33,47.27,0
WELL-02,2026-07-20T16:00,443.02,408.4,921.84,18.65,2074.11,90.67,66.9,1.24,51.16,0
WELL-02,2026-07-20T17:00,416.52,391.89,940.86,18.42,2048.93,90.14,73.5,1.29,49.19,0
WELL-02,2026-07-20T18:00,430.3,426.87,992.03,18.72,2049.97,92.77,72.3,1.15,46.84,0
WELL-02,2026-07-20T19:00,426.36,405.82,951.81,18.51,1934.16,94.02,73.1,1.17,49.2,0
WELL-02,2026-07-20T20:00,437.13,445.8,1019.83,18.95,1986.22,89.73,71.6,1.19,48.49,0
WELL-02,2026-07-20T21:00,442.13,406.07,918.44,19.1,2033.42,92.39,66.8,1.32,47.55,0
WELL-02,2026-07-20T22:00,413.21,423.27,1024.36,19.75,2085.49,94.13,66.9,1.29,46.97,0
WELL-02,2026-07-20T23:00,437.96,409.34,934.64,18.91,2032.79,91.92,70.5,1.07,48.91,0
WELL-02,2026-07-21T00:00,423.57,412.9,974.81,19.96,2062.51,92.68,74.3,1.11,49.28,0
WELL-02,2026-07-21T01:00,427.26,425.36,995.55,18.89,1941.67,93.41,67.1,1.17,47.21,0
WELL-02,2026-07-21T02:00,445.14,444.89,999.44,19.97,2037.21,94.14,75.0,1.12,52.2,0
WELL-02,2026-07-21T03:00,445.1,446.74,1003.68,19.94,1985.21,90.4,65.8,1.17,48.78,0
WELL-02,2026-07-21T04:00,443.5,425.48,959.37,19.38,2005.81,92.75,69.0,1.28,48.86,0
WELL-02,2026-07-21T05:00,420.82,388.71,923.68,18.46,2052.76,94.65,68.8,1.26,47.36,0
WELL-02,2026-07-21T06:00,439.22,405.87,924.06,19.5,1935.15,93.34,67.6,1.35,49.33,0
WELL-02,2026-07-21T07:00,422.1,432.27,1024.08,19.26,2007.94,89.61,65.8,1.29,50.75,0
WELL-02,2026-07-21T08:00,418.93,421.4,1005.9,18.74,2042.74,91.29,64.5,1.15,51.97,0
WELL-02,2026-07-21T09:00,448.95,412.88,919.66,18.33,2076.44,89.29,67.5,1.28,49.88,0
WELL-02,2026-07-21T10:00,439.67,419.28,953.64,18.59,2080.94,90.4,65.9,1.19,50.5,0
WELL-02,2026-07-21T11:00,427.08,394.69,924.15,19.38,1974.11,90.85,74.4,1.34,51.79,0
WELL-02,2026-07-21T12:00,415.49,399.47,961.45,19.28,2082.42,92.42,68.3,1.33,48.89,0
WELL-02,2026-07-21T13:00,439.64,427.46,972.28,18.44,1951.22,89.7,70.2,1.19,52.18,0
WELL-02,2026-07-21T14:00,427.24,420.01,983.08,19.81,2024.8,93.51,67.8,1.2,50.94,0
WELL-02,2026-07-21T15:00,425.18,395.45,930.08,19.44,2037.24,89.66,74.0,1.2,50.35,0
WELL-02,2026-07-21T16:00,451.43,447.4,991.06,18.44,2051.55,94.6,68.0,1.3,52.35,0
WELL-02,2026-07-21T17:00,446.55,456.17,1021.53,18.42,2061.05,93.05,69.9,1.29,51.84,0
WELL-02,2026-07-21T18:00,413.31,420.97,1018.54,18.41,1972.61,91.9,65.5,1.3,48.1,0
WELL-02,2026-07-21T19:00,433.66,399.41,921.0,20.09,2054.32,91.66,66.4,1.12,52.05,0
WELL-02,2026-07-21T20:00,451.03,448.85,995.17,18.89,2071.84,94.29,69.7,1.18,47.29,0
WELL-02,2026-07-21T21:00,442.73,423.64,956.88,18.58,2005.58,94.17,71.2,1.35,50.16,0
WELL-02,2026-07-21T22:00,421.04,420.75,999.31,19.37,2012.01,94.63,73.6,1.26,48.32,0
WELL-02,2026-07-21T23:00,427.7,416.98,974.93,18.69,2032.03,94.42,67.6,1.34,47.62,0
WELL-02,2026-07-22T00:00,409.95,390.59,952.79,19.55,2063.47,94.33,70.2,1.28,51.95,0
WELL-02,2026-07-22T01:00,446.96,448.73,1003.97,18.48,2013.79,92.29,69.4,1.08,51.51,0
WELL-02,2026-07-22T02:00,437.83,409.0,934.14,18.71,1965.97,90.92,71.6,1.32,47.8,0
WELL-02,2026-07-22T03:00,439.25,450.07,1024.62,19.7,2034.29,93.73,73.9,1.19,49.31,0
WELL-02,2026-07-22T04:00,447.38,415.03,927.7,18.52,1967.63,90.54,67.5,1.11,50.45,0
WELL-02,2026-07-22T05:00,429.63,427.85,995.85,18.46,1987.55,90.89,71.3,1.1,51.03,0
WELL-02,2026-07-22T06:00,433.25,406.54,938.35,19.19,1954.46,89.24,68.7,1.3,50.36,0
WELL-02,2026-07-22T07:00,416.31,394.7,948.1,19.54,1986.2,90.77,68.9,1.28,50.91,0
WELL-02,2026-07-22T08:00,436.79,403.14,922.95,19.08,1960.31,91.71,65.5,1.29,48.67,0
WELL-02,2026-07-22T09:00,452.09,458.49,1014.17,19.32,2021.5,93.69,73.9,1.32,48.75,0
WELL-02,2026-07-22T10:00,450.92,424.08,940.48,20.06,1964.17,92.93,71.8,1.16,50.48,0
WELL-02,2026-07-22T11:00,414.64,390.18,941.0,18.23,1935.65,89.48,64.9,1.35,47.61,0
WELL-02,2026-07-22T12:00,409.8,385.84,941.52,19.46,2048.34,94.14,66.2,1.36,52.15,0
WELL-02,2026-07-22T13:00,444.72,446.29,1003.53,19.66,1958.05,93.84,74.2,1.17,52.56,0
WELL-02,2026-07-22T14:00,425.18,426.4,1002.86,19.04,2013.34,93.11,66.5,1.34,50.19,0
WELL-02,2026-07-22T15:00,417.05,384.28,921.43,18.2,2049.42,93.78,65.5,1.22,51.5,0
WELL-02,2026-07-22T16:00,424.03,410.92,969.07,18.78,1947.53,90.97,69.4,1.17,49.23,0
WELL-02,2026-07-22T17:00,416.16,415.97,999.54,19.24,1998.09,89.63,73.1,1.35,49.82,0
WELL-02,2026-07-22T18:00,449.44,455.5,1013.49,18.95,2068.03,89.23,71.0,1.16,51.39,0
WELL-02,2026-07-22T19:00,433.4,416.1,960.07,19.36,2060.93,89.31,68.2,1.08,49.9,0
WELL-02,2026-07-22T20:00,420.4,403.58,960.0,19.9,1973.01,91.05,74.3,1.25,52.49,0
WELL-02,2026-07-22T21:00,415.41,386.28,929.89,19.38,2023.2,93.23,68.5,1.18,47.09,0
WELL-02,2026-07-22T22:00,420.04,387.9,923.48,19.33,2078.83,89.65,66.3,1.2,50.89,0
WELL-02,2026-07-22T23:00,446.33,441.04,988.14,19.26,2068.16,90.99,66.2,1.14,46.9,0
WELL-02,2026-07-23T00:00,416.5,388.73,933.33,19.94,2057.16,93.51,71.0,1.35,50.21,0
WELL-02,2026-07-23T01:00,440.06,454.65,1033.17,18.58,2053.56,90.04,68.6,1.3,51.15,0
WELL-02,2026-07-23T02:00,446.77,439.42,983.54,19.73,1931.51,90.99,67.0,1.35,50.39,0
WELL-02,2026-07-23T03:00,428.69,440.9,1028.5,18.49,1953.53,93.94,65.8,1.27,47.26,0
WELL-02,2026-07-23T04:00,417.78,390.38,934.4,19.59,2087.61,89.77,67.7,1.11,49.85,0
WELL-02,2026-07-23T05:00,439.54,440.88,1003.05,18.36,2057.51,94.14,68.0,1.33,51.5,0
WELL-02,2026-07-23T06:00,444.81,424.32,953.93,18.57,2011.92,91.38,69.2,1.1,49.31,0
WELL-02,2026-07-23T07:00,436.25,405.87,930.37,19.81,1932.4,92.26,65.7,1.16,47.22,0
WELL-02,2026-07-23T08:00,442.37,417.93,944.77,18.5,1983.73,91.72,70.1,1.14,51.63,0
WELL-02,2026-07-23T09:00,427.28,424.58,993.68,20.1,2063.14,92.85,68.4,1.34,48.72,0
WELL-02,2026-07-23T10:00,428.26,442.04,1032.17,19.68,2038.01,90.04,69.4,1.15,50.05,0
WELL-02,2026-07-23T11:00,419.84,420.46,1001.47,19.59,2085.93,94.65,66.3,1.18,49.97,0
WELL-02,2026-07-23T12:00,440.63,426.96,968.96,18.72,2066.17,92.44,72.4,1.23,52.45,0
WELL-02,2026-07-23T13:00,434.57,431.0,991.77,18.34,2002.37,89.66,75.7,1.13,50.52,0
WELL-02,2026-07-23T14:00,438.59,408.56,931.52,18.67,2013.17,89.44,68.4,1.07,48.24,0
WELL-02,2026-07-23T15:00,451.31,437.03,968.35,18.35,2085.89,94.05,70.5,1.19,46.75,0
WELL-02,2026-07-23T16:00,409.63,380.21,928.19,19.73,2057.54,90.08,74.5,1.15,48.47,0
WELL-02,2026-07-23T17:00,422.61,395.24,935.25,18.86,2029.08,94.46,74.0,1.29,50.91,0
WELL-02,2026-07-23T18:00,428.18,436.57,1019.59,18.34,1932.88,91.44,72.6,1.31,50.86,0
WELL-02,2026-07-23T19:00,426.29,408.57,958.44,18.54,1955.56,90.66,75.1,1.14,47.0,0
WELL-02,2026-07-23T20:00,449.79,425.68,946.4,19.37,2027.28,91.95,67.1,1.17,46.69,0
WELL-02,2026-07-23T21:00,432.84,447.77,1034.5,20.08,2044.45,89.69,72.8,1.15,46.83,0
WELL-02,2026-07-23T22:00,426.4,424.11,994.63,18.72,1941.97,90.19,75.5,1.26,51.06,0
WELL-02,2026-07-23T23:00,431.25,419.25,972.18,18.84,1983.54,91.67,64.6,1.27,46.76,0
WELL-02,2026-07-24T00:00,447.63,413.48,923.69,20.04,2074.67,94.38,68.7,1.08,49.73,0
WELL-02,2026-07-24T01:00,441.33,443.58,1005.12,19.22,1951.59,92.54,65.6,1.21,51.51,0
WELL-02,2026-07-24T02:00,439.0,422.4,962.17,19.48,2003.71,89.56,75.4,1.12,52.51,0
WELL-02,2026-07-24T03:00,440.08,410.66,933.13,19.55,2012.49,93.71,69.8,1.12,52.19,0
WELL-02,2026-07-24T04:00,429.2,421.0,980.89,18.8,2045.77,94.07,68.6,1.14,50.07,0
WELL-02,2026-07-24T05:00,424.6,434.35,1022.96,19.67,2046.73,90.98,68.3,1.23,49.38,0
WELL-02,2026-07-24T06:00,419.04,388.38,926.85,19.89,2014.9,89.37,71.1,1.19,50.65,0
WELL-02,2026-07-24T07:00,419.36,424.46,1012.16,19.04,2061.62,92.73,66.0,1.08,47.02,0
WELL-02,2026-07-24T08:00,450.07,431.22,958.13,18.49,2038.2,94.34,67.0,1.2,49.06,0
WELL-02,2026-07-24T09:00,414.42,381.58,920.75,19.42,2013.15,93.22,68.0,1.3,50.4,0
WELL-02,2026-07-24T10:00,450.7,426.33,945.92,19.11,1986.62,92.65,74.9,1.33,46.94,0
WELL-02,2026-07-24T11:00,449.59,448.35,997.23,18.21,2091.27,89.91,70.7,1.17,50.83,0
WELL-02,2026-07-24T12:00,435.14,430.67,989.73,18.57,1953.38,89.52,70.4,1.33,50.86,0
WELL-02,2026-07-24T13:00,438.53,404.24,921.81,19.72,2043.34,90.57,64.8,1.11,51.31,0
WELL-02,2026-07-24T14:00,415.72,411.58,990.04,19.59,2080.8,90.8,69.7,1.34,52.35,0
WELL-02,2026-07-24T15:00,415.65,427.89,1029.44,18.23,2033.03,92.41,71.3,1.07,49.38,0
WELL-02,2026-07-24T16:00,436.23,414.67,950.57,20.02,1939.74,92.73,65.2,1.29,49.59,0
WELL-02,2026-07-24T17:00,422.97,432.0,1021.33,19.15,1977.08,94.37,66.3,1.22,52.41,0
WELL-02,2026-07-24T18:00,417.23,403.3,966.62,19.49,1949.9,93.32,69.7,1.07,52.35,0
WELL-02,2026-07-24T19:00,440.32,430.88,978.58,18.38,1986.66,92.73,74.4,1.27,48.05,0
WELL-02,2026-07-24T20:00,428.05,425.3,993.57,19.75,1962.56,89.66,69.0,1.29,51.39,0
WELL-02,2026-07-24T21:00,437.9,419.77,958.59,19.73,2085.66,89.92,71.6,1.27,49.17,0
WELL-02,2026-07-24T22:00,452.33,458.92,1014.56,18.2,2069.01,92.4,69.9,1.23,49.39,0
WELL-02,2026-07-24T23:00,435.84,449.42,1031.15,18.87,2039.8,93.16,69.7,1.35,47.43,0
WELL-02,2026-07-25T00:00,435.77,442.44,1015.31,19.83,2066.86,89.77,68.0,1.12,51.98,0
WELL-02,2026-07-25T01:00,422.7,399.67,945.52,19.01,1968.22,93.87,71.9,1.2,48.17,0
WELL-02,2026-07-25T02:00,435.72,430.46,987.92,18.96,2056.14,92.25,70.9,1.27,49.77,0
WELL-02,2026-07-25T03:00,433.75,403.99,931.38,18.46,1991.28,89.91,69.0,1.27,51.84,0
WELL-02,2026-07-25T04:00,448.79,415.52,925.86,19.37,1965.11,94.11,71.4,1.11,49.87,0
WELL-02,2026-07-25T05:00,417.46,409.71,981.42,19.65,1989.08,90.28,66.5,1.17,50.72,0
WELL-02,2026-07-25T06:00,410.35,414.52,1010.17,20.1,2028.31,93.94,75.4,1.12,51.44,0
WELL-02,2026-07-25T07:00,413.58,426.48,1031.18,19.22,2073.29,92.75,65.5,1.34,48.07,0
WELL-02,2026-07-25T08:00,427.87,398.42,931.17,18.73,1999.24,91.49,73.2,1.12,47.67,0
WELL-02,2026-07-25T09:00,411.37,416.67,1012.88,18.71,1933.89,91.8,70.9,1.14,48.4,0
WELL-02,2026-07-25T10:00,422.89,414.76,980.77,19.18,2011.68,93.56,75.1,1.35,51.31,0
WELL-02,2026-07-25T11:00,414.88,389.59,939.04,18.21,1985.27,89.95,73.3,1.1,46.74,0
WELL-02,2026-07-25T12:00,416.67,421.5,1011.59,19.27,2003.09,93.87,71.7,1.1,47.43,0
WELL-02,2026-07-25T13:00,433.7,403.6,930.58,19.66,2043.22,89.59,64.8,1.25,50.14,0
WELL-02,2026-07-25T14:00,420.53,403.12,958.6,19.24,2025.12,90.62,67.8,1.27,51.06,0
WELL-02,2026-07-25T15:00,418.29,388.0,927.57,19.61,1962.42,91.53,69.3,1.13,52.06,0
WELL-02,2026-07-25T16:00,431.52,434.96,1007.97,19.06,1982.27,93.8,65.5,1.15,50.04,0
WELL-02,2026-07-25T17:00,447.68,419.7,937.48,18.24,2001.79,94.29,75.6,1.16,48.3,0
WELL-02,2026-07-25T18:00,428.99,395.55,922.06,18.92,1983.72,92.93,65.8,1.19,47.83,0
WELL-02,2026-07-25T19:00,440.98,439.35,996.31,19.14,2059.35,92.06,65.0,1.08,51.99,0
WELL-02,2026-07-25T20:00,437.94,444.1,1014.06,19.48,1938.87,93.24,68.7,1.24,50.28,0
WELL-02,2026-07-25T21:00,448.3,462.41,1031.46,18.59,2076.69,89.66,71.0,1.21,48.41,0
WELL-02,2026-07-25T22:00,416.17,415.57,998.54,18.55,1992.06,90.11,74.1,1.2,50.04,0
WELL-02,2026-07-25T23:00,421.72,396.02,939.08,18.22,2075.26,93.5,72.5,1.09,51.0,0
WELL-02,2026-07-26T00:00,420.72,432.86,1028.85,19.66,1975.48,91.91,68.7,1.15,50.72,0
WELL-02,2026-07-26T01:00,412.34,382.95,928.72,18.95,2057.86,94.61,72.6,1.08,48.4,0
WELL-02,2026-07-26T02:00,429.44,406.43,946.42,18.44,1955.21,90.27,69.8,1.22,50.25,0
WELL-02,2026-07-26T03:00,417.95,384.48,919.92,19.1,1958.43,90.0,65.2,1.34,52.03,0
WELL-02,2026-07-26T04:00,440.03,444.94,1011.15,19.32,1995.59,90.39,70.7,1.35,51.31,0
WELL-02,2026-07-26T05:00,419.24,422.03,1006.67,18.71,1965.25,90.46,71.6,1.34,51.58,0
WELL-02,2026-07-26T06:00,410.8,393.71,958.41,18.26,1955.85,94.39,69.4,1.23,49.35,0
WELL-02,2026-07-26T07:00,451.91,417.95,924.85,19.7,2089.03,89.82,75.0,1.35,47.94,0
WELL-02,2026-07-26T08:00,433.79,411.41,948.4,18.42,2046.74,89.59,64.7,1.31,51.23,0
WELL-02,2026-07-26T09:00,445.5,436.12,978.93,19.65,2019.0,92.64,65.5,1.27,46.81,0
WELL-02,2026-07-26T10:00,436.62,428.9,982.32,19.99,2021.59,94.4,73.9,1.34,49.81,0
WELL-02,2026-07-26T11:00,427.67,403.86,944.34,19.04,1971.55,94.07,72.4,1.26,47.74,0
WELL-02,2026-07-26T12:00,410.7,384.65,936.56,18.59,2045.57,93.26,67.8,1.19,50.88,0
WELL-02,2026-07-26T13:00,448.82,445.05,991.6,19.02,2022.97,94.39,65.4,1.34,52.19,0
WELL-02,2026-07-26T14:00,425.69,438.3,1029.61,18.42,2032.72,93.01,75.3,1.15,50.61,0
WELL-02,2026-07-26T15:00,430.07,397.29,923.78,18.41,1980.41,92.09,65.1,1.36,49.28,0
WELL-02,2026-07-26T16:00,437.77,453.26,1035.38,18.43,2053.09,92.64,64.5,1.23,50.44,0
WELL-02,2026-07-26T17:00,451.18,435.77,965.83,19.27,1964.96,92.97,69.7,1.25,47.09,0
WELL-02,2026-07-26T18:00,435.79,446.13,1023.72,19.14,1933.03,90.57,73.5,1.14,48.35,0
WELL-02,2026-07-26T19:00,425.47,437.61,1028.54,18.45,1952.2,90.01,75.7,1.08,49.29,0
WELL-02,2026-07-26T20:00,411.45,382.6,929.89,19.04,2015.22,89.23,74.1,1.14,51.73,0
WELL-02,2026-07-26T21:00,438.89,453.66,1033.65,18.49,1951.81,91.7,65.5,1.35,50.08,0
WELL-02,2026-07-26T22:00,418.56,415.38,992.41,18.79,1944.96,93.99,71.1,1.19,51.16,0
WELL-02,2026-07-26T23:00,450.64,425.72,944.7,18.37,2052.2,93.47,71.7,1.32,49.74,0
WELL-02,2026-07-27T00:00,410.34,393.94,960.06,19.39,1943.46,89.86,73.4,1.35,47.13,0
WELL-02,2026-07-27T01:00,438.2,441.61,1007.79,18.62,1983.4,92.5,71.9,1.09,50.96,0
WELL-02,2026-07-27T02:00,446.16,456.49,1023.16,19.14,2090.91,93.37,69.8,1.3,46.71,0
WELL-02,2026-07-27T03:00,432.94,430.06,993.35,19.43,1984.23,92.04,70.3,1.25,48.89,0
WELL-02,2026-07-27T04:00,440.32,455.25,1033.9,18.37,2075.1,92.56,74.7,1.35,47.8,0
WELL-02,2026-07-27T05:00,410.0,407.26,993.31,20.05,1989.5,93.62,71.8,1.15,51.12,0
WELL-02,2026-07-27T06:00,447.84,425.15,949.33,19.11,1947.63,89.66,72.7,1.14,50.91,0
WELL-02,2026-07-27T07:00,417.35,396.74,950.62,18.33,2004.78,92.65,68.6,1.23,47.05,0
WELL-02,2026-07-27T08:00,418.77,392.32,936.83,18.45,1935.5,92.87,69.9,1.18,48.37,0
WELL-02,2026-07-27T09:00,441.26,408.03,924.69,19.25,2049.31,93.35,69.8,1.18,50.38,0
WELL-02,2026-07-27T10:00,439.4,451.73,1028.06,19.29,2020.5,90.86,73.4,1.21,51.3,0
WELL-02,2026-07-27T11:00,421.62,414.74,983.7,19.77,2022.23,90.19,67.7,1.32,50.69,0
WELL-02,2026-07-27T12:00,411.13,379.11,922.12,18.79,2006.65,89.64,66.9,1.17,49.84,0
WELL-02,2026-07-27T13:00,426.03,435.83,1023.0,19.4,1945.83,93.17,75.6,1.13,52.54,0
WELL-02,2026-07-27T14:00,446.6,429.86,962.51,18.54,2057.22,90.61,67.9,1.12,52.22,0
WELL-02,2026-07-27T15:00,435.79,449.43,1031.28,18.93,1947.06,92.85,74.7,1.11,48.62,0
WELL-02,2026-07-27T16:00,435.69,437.84,1004.95,19.78,1933.9,93.25,71.9,1.19,48.93,0
WELL-02,2026-07-27T17:00,444.02,418.24,941.94,19.16,1955.74,91.61,65.6,1.32,52.34,0
WELL-02,2026-07-27T18:00,452.15,432.5,956.52,20.0,2052.14,94.58,66.2,1.27,51.67,0
WELL-02,2026-07-27T19:00,430.45,431.57,1002.6,18.26,2065.0,90.1,74.8,1.32,48.13,0
WELL-02,2026-07-27T20:00,431.09,438.81,1017.91,19.77,1947.63,94.6,64.8,1.33,48.08,0
WELL-02,2026-07-27T21:00,435.54,404.94,929.74,19.81,2027.75,91.66,71.7,1.24,49.04,0
WELL-02,2026-07-27T22:00,410.35,400.08,974.97,19.08,1963.0,89.71,74.2,1.34,51.09,0
WELL-02,2026-07-27T23:00,437.17,443.74,1015.02,18.44,2076.5,91.59,66.5,1.1,46.81,0
WELL-02,2026-07-28T00:00,436.11,406.84,932.89,18.67,2059.64,89.42,69.2,1.11,51.9,0
WELL-02,2026-07-28T01:00,410.95,386.36,940.16,19.83,1995.86,91.74,67.2,1.12,46.77,0
WELL-02,2026-07-28T02:00,446.02,454.18,1018.29,18.93,2052.15,91.51,65.6,1.2,49.88,0
WELL-02,2026-07-28T03:00,451.64,432.82,958.33,19.39,2018.47,90.71,70.6,1.07,50.12,0
WELL-02,2026-07-28T04:00,443.8,435.83,982.04,20.01,2046.33,92.58,72.0,1.36,50.51,0
WELL-02,2026-07-28T05:00,434.39,434.24,999.65,18.58,2074.9,93.39,70.2,1.26,52.42,0
WELL-02,2026-07-28T06:00,411.37,392.19,953.38,19.39,2045.39,94.32,74.8,1.22,46.78,0
WELL-02,2026-07-28T07:00,451.63,461.95,1022.86,19.38,2005.75,92.55,73.0,1.35,51.42,0
WELL-02,2026-07-28T08:00,451.5,451.89,1000.87,18.41,1999.6,90.69,66.6,1.25,49.42,0
WELL-02,2026-07-28T09:00,411.73,384.81,934.61,19.83,2046.05,89.42,67.4,1.35,50.47,0
WELL-02,2026-07-28T10:00,448.48,425.36,948.44,18.64,2010.39,93.55,70.3,1.26,51.57,0
WELL-02,2026-07-28T11:00,447.39,460.25,1028.75,19.01,2024.48,90.8,73.6,1.13,50.94,0
WELL-02,2026-07-28T12:00,442.0,446.59,1010.38,18.39,2068.64,89.72,72.0,1.27,52.53,0
WELL-02,2026-07-28T13:00,448.23,411.64,918.37,18.9,1961.48,94.25,69.9,1.3,49.19,0
WELL-02,2026-07-28T14:00,416.59,387.18,929.42,18.58,2073.44,93.9,69.9,1.2,49.91,0
WELL-02,2026-07-28T15:00,421.9,416.88,988.1,19.76,1983.7,93.65,70.6,1.32,49.08,0
WELL-02,2026-07-28T16:00,437.77,436.28,996.6,18.41,2073.55,91.56,74.7,1.34,49.19,0
WELL-02,2026-07-28T17:00,427.03,400.84,938.65,18.6,2016.91,94.23,72.0,1.34,50.19,0
WELL-02,2026-07-28T18:00,436.28,422.55,968.52,18.87,2057.46,90.05,67.1,1.31,49.5,0
WELL-02,2026-07-28T19:00,424.86,416.7,980.81,18.41,2015.77,93.21,66.8,1.18,48.54,0
WELL-02,2026-07-28T20:00,414.26,421.49,1017.45,18.84,2055.63,91.94,68.8,1.07,47.81,0
WELL-02,2026-07-28T21:00,431.62,419.4,971.69,19.3,1986.42,92.95,74.3,1.25,47.88,0
WELL-02,2026-07-28T22:00,446.02,435.61,976.65,18.93,2041.61,93.41,65.9,1.18,48.74,0
WELL-02,2026-07-28T23:00,442.46,415.47,939.0,18.8,1949.74,90.96,66.6,1.22,46.67,0
WELL-02,2026-07-29T00:00,447.64,432.64,966.49,19.19,2064.34,92.05,73.5,1.11,48.57,0
WELL-02,2026-07-29T01:00,430.79,404.19,938.26,19.83,2029.26,91.09,72.9,1.24,46.8,0
WELL-02,2026-07-29T02:00,417.42,401.97,962.99,19.35,1986.3,89.34,68.9,1.24,48.38,0
WELL-02,2026-07-29T03:00,442.47,420.37,950.05,19.62,2086.82,89.6,67.8,1.29,49.39,0
WELL-02,2026-07-29T04:00,431.8,428.77,992.98,18.24,2027.79,94.02,64.6,1.2,49.75,0
WELL-02,2026-07-29T05:00,427.74,422.47,987.68,18.44,2004.03,91.25,73.1,1.19,48.11,0
WELL-02,2026-07-29T06:00,434.99,417.2,959.1,18.78,2064.28,92.63,69.2,1.35,51.51,0
WELL-02,2026-07-29T07:00,421.76,397.81,943.22,19.79,1939.04,93.19,65.9,1.2,48.89,0
WELL-02,2026-07-29T08:00,430.6,420.25,975.98,19.73,1942.03,89.66,67.7,1.08,50.29,0
WELL-02,2026-07-29T09:00,447.89,459.96,1026.96,19.66,2080.42,94.01,67.0,1.13,52.08,0
WELL-02,2026-07-29T10:00,447.23,422.75,945.27,19.61,1955.04,93.38,69.8,1.15,48.4,0
WELL-02,2026-07-29T11:00,451.47,441.9,978.8,20.1,2007.89,94.52,69.3,1.33,51.1,0
WELL-02,2026-07-29T12:00,433.85,408.97,942.65,18.46,1969.46,91.57,74.2,1.19,48.05,0
WELL-02,2026-07-29T13:00,426.36,394.09,924.3,18.8,2034.77,89.2,67.9,1.16,51.71,0
WELL-02,2026-07-29T14:00,430.56,404.58,939.65,19.14,1936.22,92.72,74.4,1.1,49.38,0
WELL-02,2026-07-29T15:00,437.88,451.62,1031.36,18.45,2017.23,92.18,73.5,1.27,50.03,0
WELL-02,2026-07-29T16:00,433.54,428.43,988.21,18.91,1990.19,91.55,74.2,1.2,49.19,0
WELL-02,2026-07-29T17:00,414.88,416.33,1003.51,18.64,2046.54,90.85,73.9,1.22,47.05,0
WELL-02,2026-07-29T18:00,411.61,390.62,949.0,18.93,2089.9,89.52,68.1,1.12,48.01,0
WELL-02,2026-07-29T19:00,422.38,427.46,1012.01,18.81,2078.69,90.3,68.0,1.21,48.9,0
WELL-02,2026-07-29T20:00,411.05,381.32,927.66,18.3,1949.75,93.55,64.8,1.26,47.99,0
WELL-02,2026-07-29T21:00,452.58,458.49,1013.08,18.7,1947.38,90.54,75.1,1.25,49.6,0
WELL-02,2026-07-29T22:00,442.78,430.01,971.16,19.87,1999.88,90.6,73.3,1.09,49.38,0
WELL-02,2026-07-29T23:00,447.28,441.92,988.01,18.67,1953.98,92.44,70.6,1.23,49.49,0
WELL-02,2026-07-30T00:00,441.12,447.59,1014.67,20.02,2042.17,91.81,65.1,1.31,48.9,0
WELL-02,2026-07-30T01:00,436.23,416.45,954.65,19.84,1995.07,92.12,67.0,1.11,48.53,0
WELL-02,2026-07-30T02:00,425.14,413.87,973.47,19.89,2081.03,89.35,72.7,1.31,47.26,0
WELL-02,2026-07-30T03:00,425.71,430.9,1012.18,19.36,2043.53,94.49,65.3,1.34,49.38,0
WELL-02,2026-07-30T04:00,444.04,435.33,980.4,19.63,2023.77,93.25,64.5,1.17,51.75,0
WELL-02,2026-07-30T05:00,448.6,445.35,992.76,19.95,1959.43,93.39,70.2,1.18,47.96,0
WELL-02,2026-07-30T06:00,429.65,416.16,968.61,19.49,1958.84,94.39,73.4,1.2,48.9,0
WELL-02,2026-07-30T07:00,412.41,398.03,965.11,19.1,1964.22,89.69,67.2,1.25,52.01,0
WELL-02,2026-07-30T08:00,432.63,405.43,937.14,19.51,2070.19,89.27,73.7,1.2,50.83,0
WELL-02,2026-07-30T09:00,431.6,415.14,961.88,19.05,1978.64,92.72,75.5,1.24,48.88,0
WELL-02,2026-07-30T10:00,428.47,420.2,980.71,18.39,1950.08,93.58,69.1,1.1,51.66,0
WELL-02,2026-07-30T11:00,410.65,417.5,1016.68,18.6,2084.57,90.86,67.4,1.35,52.41,0
WELL-02,2026-07-30T12:00,419.29,420.06,1001.83,18.69,2037.92,93.64,73.6,1.15,49.56,0
WELL-02,2026-07-30T13:00,440.13,436.78,992.39,18.7,2042.25,91.93,66.6,1.14,46.82,0
WELL-02,2026-07-30T14:00,439.83,452.03,1027.76,18.2,2091.48,93.33,66.9,1.29,51.73,0
WELL-02,2026-07-30T15:00,429.05,428.32,998.28,20.03,1970.97,90.27,71.9,1.24,50.25,0
WELL-02,2026-07-30T16:00,420.56,399.95,950.98,19.09,2027.85,92.6,74.5,1.23,47.84,0
WELL-02,2026-07-30T17:00,418.86,406.63,970.79,19.6,1980.04,90.74,68.3,1.15,48.13,0
WELL-02,2026-07-30T18:00,426.33,409.45,960.4,19.38,2083.37,92.38,75.0,1.08,48.33,0
WELL-02,2026-07-30T19:00,430.68,416.76,967.68,18.71,1963.06,92.75,68.2,1.25,50.28,0
WELL-02,2026-07-30T20:00,415.54,384.43,925.13,19.94,1934.3,93.67,71.1,1.19,50.37,0
WELL-02,2026-07-30T21:00,451.42,435.34,964.39,18.82,2019.76,89.87,74.6,1.18,49.35,0
WELL-02,2026-07-30T22:00,433.39,426.51,984.12,19.06,1951.7,89.83,73.9,1.26,50.19,0
WELL-02,2026-07-30T23:00,411.83,397.67,965.62,18.39,2064.43,91.48,71.2,1.28,47.46,0
WELL-02,2026-07-31T00:00,430.08,433.53,1008.02,19.43,2001.51,90.56,71.7,1.11,50.06,0
WELL-02,2026-07-31T01:00,450.15,427.23,949.09,18.35,2026.1,90.95,73.9,1.2,46.71,0
WELL-02,2026-07-31T02:00,420.38,407.8,970.08,19.16,1956.57,89.64,72.9,1.07,48.72,0
WELL-02,2026-07-31T03:00,447.56,417.66,933.21,19.83,2048.62,91.93,74.7,1.1,51.28,0
WELL-02,2026-07-31T04:00,430.12,425.75,989.85,18.25,1938.1,92.86,68.0,1.12,50.03,0
WELL-02,2026-07-31T05:00,410.48,389.69,949.36,18.68,1972.73,91.32,69.5,1.21,50.98,0
WELL-02,2026-07-31T06:00,435.88,446.6,1024.6,18.77,1981.36,92.72,69.4,1.09,52.21,0
WELL-02,2026-07-31T07:00,448.91,424.76,946.2,19.11,2081.94,90.4,68.5,1.17,47.75,0
WELL-02,2026-07-31T08:00,426.76,393.25,921.49,18.87,2011.97,90.36,75.5,1.09,50.31,0
WELL-02,2026-07-31T09:00,411.31,421.81,1025.52,19.37,2048.81,94.07,69.5,1.1,49.68,0
WELL-02,2026-07-31T10:00,429.68,415.51,967.02,19.59,2046.57,91.27,64.6,1.15,46.66,0
WELL-02,2026-07-31T11:00,414.47,396.23,955.99,18.52,1963.0,92.27,72.9,1.31,49.07,0
WELL-02,2026-07-31T12:00,422.03,389.09,921.93,19.49,1932.57,91.71,73.6,1.34,49.94,0
WELL-02,2026-07-31T13:00,432.12,446.35,1032.92,18.81,2020.26,89.16,74.1,1.27,47.12,0
WELL-02,2026-07-31T14:00,428.77,434.3,1012.88,18.19,1934.16,90.98,72.1,1.13,49.97,0
WELL-02,2026-07-31T15:00,450.77,424.29,941.26,20.03,2058.45,94.28,71.3,1.19,51.43,0
WELL-02,2026-07-31T16:00,416.7,425.96,1022.22,18.27,1976.49,89.75,68.0,1.1,48.49,0
WELL-02,2026-07-31T17:00,429.45,425.63,991.11,20.03,1986.27,92.84,67.6,1.09,51.53,0
WELL-02,2026-07-31T18:00,412.68,423.45,1026.09,19.33,1963.2,94.5,71.7,1.17,51.34,0
WELL-02,2026-07-31T19:00,438.44,448.3,1022.5,19.15,2000.33,89.99,66.2,1.07,48.25,0
WELL-02,2026-07-31T20:00,443.01,439.96,993.12,18.51,2032.08,93.9,68.2,1.21,50.01,0
WELL-02,2026-07-31T21:00,447.32,442.1,988.32,19.7,2081.42,89.94,66.1,1.24,47.52,0
WELL-02,2026-07-31T22:00,446.0,431.35,967.16,19.26,2066.49,90.5,73.4,1.11,48.23,0
WELL-02,2026-07-31T23:00,440.13,453.46,1030.3,19.15,2076.68,89.42,73.6,1.23,47.75,0
WELL-02,2026-08-01T00:00,422.34,389.15,921.41,18.5,1975.19,93.58,72.2,1.14,47.49,0
WELL-02,2026-08-01T01:00,424.18,409.07,964.39,19.59,2063.34,89.52,68.9,1.32,50.78,0
WELL-02,2026-08-01T02:00,449.37,446.06,992.63,19.27,1942.44,94.36,67.0,1.3,50.45,0
WELL-02,2026-08-01T03:00,428.49,431.67,1007.42,18.87,2001.75,92.66,67.9,1.17,50.31,0
WELL-02,2026-08-01T04:00,437.53,421.38,963.09,19.34,1945.01,90.83,73.1,1.14,51.79,0
WELL-02,2026-08-01T05:00,445.96,458.51,1028.13,19.48,1959.91,91.99,69.9,1.12,46.81,0
WELL-02,2026-08-01T06:00,448.14,427.33,953.58,19.43,1981.16,91.31,69.7,1.2,49.26,0
WELL-02,2026-08-01T07:00,440.05,407.09,925.11,18.78,2050.32,94.02,64.7,1.16,47.23,0
WELL-02,2026-08-01T08:00,411.91,385.56,936.02,18.86,2068.26,91.11,66.3,1.31,49.44,0
WELL-02,2026-08-01T09:00,426.59,405.9,951.49,19.73,1968.56,91.2,65.1,1.18,51.38,0
WELL-02,2026-08-01T10:00,443.29,434.73,980.69,19.73,2015.6,90.88,65.7,1.26,48.02,0
WELL-02,2026-08-01T11:00,439.93,434.92,988.62,19.67,1970.97,90.22,69.1,1.19,49.35,0
WELL-02,2026-08-01T12:00,439.9,450.55,1024.21,20.08,2064.66,94.14,70.4,1.18,47.45,0
WELL-02,2026-08-01T13:00,420.11,432.1,1028.53,18.47,2013.54,92.78,70.9,1.27,51.44,0
WELL-02,2026-08-01T14:00,430.99,408.49,947.81,18.23,2034.05,93.5,65.8,1.24,49.07,0
WELL-02,2026-08-01T15:00,421.36,406.46,964.63,19.71,1937.9,92.64,66.2,1.14,50.54,0
WELL-02,2026-08-01T16:00,432.06,419.58,971.1,18.84,2036.85,90.72,66.0,1.28,49.33,0
WELL-02,2026-08-01T17:00,420.17,424.93,1011.31,19.82,2057.91,91.6,72.7,1.14,52.03,0
WELL-02,2026-08-01T18:00,413.94,424.01,1024.33,19.44,1990.17,89.99,67.5,1.35,52.09,0
WELL-02,2026-08-01T19:00,446.47,456.36,1022.16,19.48,1965.17,92.21,69.5,1.24,50.86,0
WELL-02,2026-08-01T20:00,449.71,460.82,1024.71,18.22,2067.68,90.25,65.4,1.18,49.64,0
WELL-02,2026-08-01T21:00,423.66,419.89,991.1,19.98,1973.05,94.51,75.5,1.1,48.98,0
WELL-02,2026-08-01T22:00,430.68,401.37,931.95,19.84,2088.02,92.38,73.6,1.25,51.91,0
WELL-02,2026-08-01T23:00,441.3,408.34,925.31,19.93,2059.32,91.18,72.7,1.07,49.53,0
WELL-02,2026-08-02T00:00,431.81,439.53,1017.88,19.33,1995.67,89.73,72.3,1.27,48.51,0
WELL-02,2026-08-02T01:00,415.11,418.44,1008.01,18.81,1945.44,92.3,68.4,1.33,50.76,0
WELL-02,2026-08-02T02:00,413.58,395.87,957.19,19.08,2019.71,92.11,65.0,1.28,47.68,0
WELL-02,2026-08-02T03:00,431.7,422.37,978.38,18.99,1990.64,91.5,69.8,1.1,46.88,0
WELL-02,2026-08-02T04:00,423.49,416.44,983.35,19.84,2061.27,92.88,73.9,1.29,52.22,0
WELL-02,2026-08-02T05:00,442.97,419.55,947.11,19.25,2075.78,90.31,73.6,1.35,46.94,0
WELL-02,2026-08-02T06:00,451.32,444.76,985.45,18.34,2049.78,93.82,73.8,1.08,47.58,0
WELL-02,2026-08-02T07:00,421.04,429.97,1021.21,18.73,2045.32,89.41,70.1,1.16,47.5,0
WELL-02,2026-08-02T08:00,411.26,417.3,1014.7,19.76,1946.13,94.57,72.8,1.12,46.78,0
WELL-02,2026-08-02T09:00,441.01,420.84,954.25,18.5,1984.67,94.29,73.6,1.31,51.96,0
WELL-02,2026-08-02T10:00,444.97,445.49,1001.16,18.34,1938.86,94.18,67.2,1.26,52.44,0
WELL-02,2026-08-02T11:00,419.62,400.66,954.81,18.83,1985.56,90.41,66.2,1.25,48.65,0
WELL-02,2026-08-02T12:00,425.37,405.54,953.39,18.99,2016.99,89.39,65.4,1.22,47.59,0
WELL-02,2026-08-02T13:00,414.05,387.0,934.69,18.38,2051.25,91.48,73.3,1.12,48.36,0
WELL-02,2026-08-02T14:00,429.4,429.28,999.73,19.1,2014.77,92.33,68.8,1.22,49.53,0
WELL-02,2026-08-02T15:00,441.25,455.5,1032.29,18.29,2049.89,93.37,66.2,1.11,51.33,0
WELL-02,2026-08-02T16:00,445.13,454.08,1020.11,18.3,1980.4,89.51,70.6,1.3,49.77,0
WELL-02,2026-08-02T17:00,435.82,447.25,1026.22,19.82,1951.89,93.95,73.4,1.22,48.91,0
WELL-02,2026-08-02T18:00,436.94,429.03,981.89,18.51,2005.88,92.44,66.2,1.09,51.46,0
WELL-02,2026-08-02T19:00,428.36,421.23,983.37,18.32,2079.55,91.9,68.0,1.1,49.14,0
WELL-02,2026-08-02T20:00,430.21,396.68,922.05,19.43,2029.52,91.07,75.5,1.13,49.71,0
WELL-02,2026-08-02T21:00,437.22,445.04,1017.88,18.98,1978.55,92.69,70.1,1.13,51.99,0
WELL-02,2026-08-02T22:00,419.11,432.15,1031.11,19.66,2030.56,93.98,75.2,1.25,48.13,0
WELL-02,2026-08-02T23:00,428.67,400.88,935.18,18.81,1969.18,91.51,74.8,1.15,52.54,0
WELL-02,2026-08-03T00:00,430.7,442.33,1027.0,19.85,2046.15,93.26,75.2,1.34,50.49,0
WELL-02,2026-08-03T01:00,411.27,411.21,999.84,18.79,1937.85,94.34,67.4,1.23,46.72,0
WELL-02,2026-08-03T02:00,450.98,424.49,941.27,19.1,1957.77,94.65,69.1,1.3,52.5,0
WELL-02,2026-08-03T03:00,425.56,433.11,1017.74,18.96,1969.83,90.78,66.5,1.14,48.89,0
WELL-02,2026-08-03T04:00,435.2,408.66,939.02,19.55,1987.4,93.56,74.6,1.34,47.76,0
WELL-02,2026-08-03T05:00,427.66,405.1,947.24,19.96,2031.02,93.9,73.7,1.31,48.79,0
WELL-02,2026-08-03T06:00,416.11,411.38,988.64,19.77,2080.49,90.26,71.8,1.18,50.8,0
WELL-02,2026-08-03T07:00,427.41,429.74,1005.46,18.78,2008.13,90.26,70.6,1.11,49.33,0
WELL-02,2026-08-03T08:00,434.86,448.87,1032.22,19.31,2054.19,90.84,64.9,1.31,49.87,0
WELL-02,2026-08-03T09:00,440.67,454.5,1031.38,19.36,1960.89,89.78,74.6,1.33,47.08,0
WELL-02,2026-08-03T10:00,417.99,397.52,951.04,19.72,2069.03,94.11,71.5,1.11,50.43,0
WELL-02,2026-08-03T11:00,448.58,457.01,1018.8,20.02,2044.83,92.83,70.9,1.27,50.84,0
WELL-02,2026-08-03T12:00,423.28,402.91,951.89,19.66,2058.89,93.45,74.6,1.15,52.08,0
WELL-02,2026-08-03T13:00,432.33,399.91,925.01,19.9,2076.73,92.99,72.1,1.23,48.21,0
WELL-02,2026-08-03T14:00,427.0,421.66,987.51,18.96,2066.32,89.78,68.0,1.29,49.58,0
WELL-02,2026-08-03T15:00,450.9,448.14,993.87,19.47,2007.94,92.87,65.6,1.29,49.79,0
WELL-02,2026-08-03T16:00,422.57,433.14,1025.0,19.92,1977.11,93.63,71.3,1.12,47.86,0
WELL-02,2026-08-03T17:00,429.3,423.85,987.31,18.87,2007.36,89.17,66.0,1.19,52.07,0
WELL-02,2026-08-03T18:00,441.02,416.62,944.66,19.24,2074.08,89.91,74.0,1.29,48.02,0
WELL-02,2026-08-03T19:00,442.6,454.75,1027.46,19.57,2043.04,91.58,70.1,1.1,48.86,0
WELL-02,2026-08-03T20:00,422.72,426.48,1008.88,18.67,2065.63,90.07,67.2,1.1,51.23,0
WELL-02,2026-08-03T21:00,437.84,407.91,931.65,18.33,2083.33,94.35,68.2,1.14,46.91,0
WELL-02,2026-08-03T22:00,420.94,416.53,989.54,19.11,2001.4,92.91,70.9,1.28,47.7,0
WELL-02,2026-08-03T23:00,431.58,443.88,1028.49,19.32,2012.35,89.63,65.6,1.12,51.64,0
WELL-02,2026-08-04T00:00,417.11,403.93,968.41,19.78,2073.23,93.43,73.6,1.27,47.39,0
WELL-02,2026-08-04T01:00,431.26,405.55,940.38,20.07,2013.27,91.25,71.4,1.33,49.05,0
WELL-02,2026-08-04T02:00,442.59,427.0,964.79,19.23,2088.3,91.35,66.4,1.08,50.47,0
WELL-02,2026-08-04T03:00,441.23,443.15,1004.34,18.22,1964.47,94.6,67.0,1.24,46.85,0
WELL-02,2026-08-04T04:00,431.91,425.83,985.94,19.2,2056.14,93.07,74.3,1.14,49.94,0
WELL-02,2026-08-04T05:00,448.81,461.75,1028.84,18.32,1932.94,93.8,66.6,1.17,46.8,0
WELL-02,2026-08-04T06:00,421.19,407.07,966.47,18.21,2027.62,91.84,73.9,1.31,52.42,0
WELL-02,2026-08-04T07:00,451.04,417.94,926.61,19.5,2081.4,92.02,70.1,1.2,49.56,0
WELL-02,2026-08-04T08:00,429.43,415.72,968.06,19.08,2002.17,89.57,67.9,1.1,47.85,0
WELL-02,2026-08-04T09:00,426.59,413.38,969.03,19.57,2003.0,91.54,75.4,1.19,49.85,0
WELL-02,2026-08-04T10:00,430.28,401.64,933.44,18.76,2051.08,91.01,71.1,1.29,48.11,0
WELL-02,2026-08-04T11:00,450.57,422.44,937.59,18.77,1954.2,89.2,69.3,1.09,48.82,0
WELL-02,2026-08-04T12:00,441.46,445.73,1009.66,19.14,1934.76,90.47,73.4,1.25,49.17,0
WELL-02,2026-08-04T13:00,418.06,407.05,973.69,19.44,1965.32,89.76,71.0,1.3,47.48,0
WELL-02,2026-08-04T14:00,427.61,424.26,992.17,18.52,1955.38,91.81,74.8,1.07,47.84,0
WELL-02,2026-08-04T15:00,449.63,452.83,1007.12,19.71,1987.02,92.07,68.7,1.07,49.51,0
WELL-02,2026-08-04T16:00,436.76,446.73,1022.81,19.03,1999.48,91.36,67.8,1.09,48.83,0
WELL-02,2026-08-04T17:00,437.73,421.38,962.65,19.29,1934.99,91.93,68.5,1.25,47.74,0
WELL-02,2026-08-04T18:00,450.02,438.48,974.36,18.31,1956.23,92.29,65.0,1.2,46.67,0
WELL-02,2026-08-04T19:00,433.92,415.68,957.98,18.58,1988.52,89.35,73.6,1.07,49.31,0
WELL-02,2026-08-04T20:00,451.08,425.24,942.71,18.58,2010.36,90.46,74.3,1.25,47.75,0
WELL-02,2026-08-04T21:00,452.7,459.24,1014.44,19.07,1969.87,91.09,72.3,1.21,51.88,0
WELL-02,2026-08-04T22:00,423.53,424.12,1001.39,19.51,2031.49,89.95,64.6,1.17,47.86,0
WELL-02,2026-08-04T23:00,434.27,413.76,952.78,18.96,2062.4,94.17,69.7,1.27,49.45,0
WELL-02,2026-08-05T00:00,446.38,450.71,1009.71,19.47,2033.52,94.2,70.4,1.14,46.68,0
WELL-02,2026-08-05T01:00,440.23,450.35,1023.0,19.48,2014.72,91.53,66.2,1.28,49.11,0
WELL-02,2026-08-05T02:00,419.88,411.67,980.46,18.55,1995.56,93.32,70.6,1.1,50.45,0
WELL-02,2026-08-05T03:00,444.77,438.12,985.03,19.81,2041.27,92.28,72.9,1.11,51.06,0
WELL-02,2026-08-05T04:00,431.71,413.89,958.71,18.61,2030.03,89.68,67.5,1.25,50.45,0
WELL-02,2026-08-05T05:00,420.88,389.48,925.4,19.98,2029.16,90.84,74.5,1.28,49.77,0
WELL-02,2026-08-05T06:00,418.4,401.95,960.69,18.29,2053.46,90.01,65.7,1.13,52.17,0
WELL-02,2026-08-05T07:00,418.05,419.69,1003.91,20.09,1947.49,94.04,75.6,1.08,48.41,0
WELL-02,2026-08-05T08:00,410.39,419.04,1021.07,19.33,2012.81,92.15,66.0,1.25,51.18,0
WELL-02,2026-08-05T09:00,417.88,426.94,1021.67,19.85,2075.26,93.76,74.9,1.12,52.02,0
WELL-02,2026-08-05T10:00,414.28,401.98,970.32,20.0,2025.21,89.89,74.5,1.18,49.24,0
WELL-02,2026-08-05T11:00,410.36,392.85,957.34,19.88,1939.71,91.41,72.2,1.12,46.75,0
WELL-02,2026-08-05T12:00,430.39,441.46,1025.73,18.95,2074.14,91.5,67.7,1.35,49.87,0
WELL-02,2026-08-05T13:00,434.23,426.96,983.27,18.86,2040.8,92.33,69.4,1.29,47.85,0
WELL-02,2026-08-05T14:00,425.37,412.82,970.49,18.48,1969.81,90.01,72.2,1.23,48.79,0
WELL-02,2026-08-05T15:00,446.82,438.77,981.98,19.89,1979.39,89.43,71.5,1.26,48.3,0
WELL-02,2026-08-05T16:00,448.49,437.27,974.99,19.16,2035.43,90.7,73.2,1.29,49.88,0
WELL-02,2026-08-05T17:00,433.54,429.51,990.71,18.24,1930.95,89.28,69.7,1.13,48.64,0
WELL-02,2026-08-05T18:00,435.2,431.23,990.86,20.06,2026.09,93.93,72.5,1.27,50.42,0
WELL-02,2026-08-05T19:00,431.25,416.46,965.7,19.13,2006.61,90.24,70.2,1.1,50.16,0
WELL-02,2026-08-05T20:00,418.67,423.76,1012.17,18.5,1996.72,90.87,72.5,1.19,49.2,0
WELL-02,2026-08-05T21:00,451.64,426.62,944.61,19.01,2034.66,90.04,69.6,1.07,49.81,0
WELL-02,2026-08-05T22:00,413.39,401.45,971.11,18.78,2084.23,92.81,65.3,1.17,49.03,0
WELL-02,2026-08-05T23:00,428.39,393.84,919.36,20.01,2069.16,94.07,69.4,1.22,50.56,0
WELL-02,2026-08-06T00:00,432.51,441.9,1021.69,19.35,2050.66,92.42,71.9,1.13,49.04,0
WELL-02,2026-08-06T01:00,445.49,445.98,1001.09,19.85,2050.18,93.87,67.5,1.35,52.32,0
WELL-02,2026-08-06T02:00,412.96,396.91,961.12,19.39,2033.06,92.37,67.4,1.08,51.38,0
WELL-02,2026-08-06T03:00,422.49,412.7,976.84,18.41,1970.13,92.12,67.6,1.09,51.39,0
WELL-02,2026-08-06T04:00,436.75,418.63,958.52,19.06,2070.95,90.2,74.5,1.2,50.47,0
WELL-02,2026-08-06T05:00,422.76,389.06,920.29,18.29,2011.94,93.69,73.3,1.19,52.54,0
WELL-02,2026-08-06T06:00,441.78,447.59,1013.16,18.25,1958.46,91.45,74.6,1.13,47.04,0
WELL-02,2026-08-06T07:00,410.51,386.8,942.23,19.18,2012.24,91.36,73.5,1.32,49.12,0
WELL-02,2026-08-06T08:00,442.4,420.33,950.11,19.63,2025.27,94.28,64.7,1.23,48.15,0
WELL-02,2026-08-06T09:00,450.77,433.17,960.96,18.54,1986.34,93.88,75.3,1.2,50.7,0
WELL-02,2026-08-06T10:00,445.06,445.38,1000.73,18.52,1971.08,93.24,69.9,1.18,51.71,0
WELL-02,2026-08-06T11:00,419.6,418.08,996.36,18.57,1940.23,93.35,65.7,1.31,46.64,0
WELL-02,2026-08-06T12:00,418.92,416.71,994.74,19.27,2042.45,94.46,70.7,1.23,49.59,0
WELL-02,2026-08-06T13:00,429.22,425.78,991.97,20.07,1971.22,90.22,72.2,1.07,50.5,0
WELL-02,2026-08-06T14:00,422.09,411.08,973.92,20.06,2008.73,93.61,68.0,1.09,49.86,0
WELL-02,2026-08-06T15:00,437.76,426.16,973.5,18.82,2022.48,89.35,70.0,1.25,46.85,0
WELL-02,2026-08-06T16:00,425.29,417.91,982.65,18.3,2075.84,89.32,71.8,1.27,52.49,0
WELL-02,2026-08-06T17:00,443.8,451.66,1017.73,19.62,1935.99,94.38,73.1,1.28,52.38,0
WELL-02,2026-08-06T18:00,449.74,447.7,995.47,18.65,1939.51,91.55,74.6,1.34,51.01,0
WELL-02,2026-08-06T19:00,414.32,408.33,985.53,18.37,2066.07,90.18,74.5,1.27,48.4,0
WELL-02,2026-08-06T20:00,450.43,455.64,1011.57,19.15,2065.29,93.09,72.9,1.12,52.06,0
WELL-02,2026-08-06T21:00,419.84,421.22,1003.28,18.98,1962.81,90.84,65.3,1.11,46.85,0
WELL-02,2026-08-06T22:00,419.58,393.08,936.83,18.77,1984.37,92.39,72.5,1.23,47.7,0
WELL-02,2026-08-06T23:00,441.56,406.63,920.89,19.31,2065.78,89.35,69.0,1.27,46.68,0
WELL-02,2026-08-07T00:00,417.49,416.18,996.85,19.26,2007.5,93.13,67.0,1.16,48.79,0
WELL-02,2026-08-07T01:00,448.97,430.44,958.74,20.06,2009.05,91.91,72.1,1.11,47.07,0
WELL-02,2026-08-07T02:00,428.41,438.9,1024.48,19.04,2007.22,91.9,75.6,1.08,50.22,0
WELL-02,2026-08-07T03:00,428.88,418.91,976.75,18.64,2007.16,93.14,69.0,1.28,48.18,0
WELL-02,2026-08-07T04:00,421.32,412.44,978.92,19.7,2049.16,94.21,67.4,1.19,49.02,0
WELL-02,2026-08-07T05:00,417.34,403.67,967.25,19.95,2070.89,92.08,74.7,1.27,50.37,0
WELL-02,2026-08-07T06:00,419.25,422.89,1008.7,18.84,1990.74,93.57,73.8,1.08,52.25,0
WELL-02,2026-08-07T07:00,444.71,434.55,977.15,18.6,2091.43,93.44,65.0,1.18,49.54,0
WELL-02,2026-08-07T08:00,435.51,447.23,1026.91,18.95,1938.78,91.57,71.6,1.26,48.82,0
WELL-02,2026-08-07T09:00,449.8,434.22,965.35,19.19,2010.11,89.77,72.0,1.27,47.16,0
WELL-02,2026-08-07T10:00,419.58,427.37,1018.58,19.56,2080.62,91.39,71.0,1.26,47.37,0
WELL-02,2026-08-07T11:00,439.57,431.74,982.19,19.3,2018.39,90.56,67.1,1.08,49.43,0
WELL-02,2026-08-07T12:00,451.17,463.67,1027.71,19.45,1946.06,92.05,65.7,1.18,52.11,0
WELL-02,2026-08-07T13:00,438.45,425.07,969.48,18.38,1968.64,90.52,70.2,1.14,50.96,0
WELL-02,2026-08-07T14:00,432.82,441.96,1021.11,18.34,2075.41,92.17,74.5,1.31,47.06,0
WELL-02,2026-08-07T15:00,450.12,459.86,1021.63,18.43,1983.14,93.13,65.6,1.32,51.86,0
WELL-02,2026-08-07T16:00,410.74,385.39,938.26,20.09,2009.87,91.12,71.0,1.19,52.56,0
WELL-02,2026-08-07T17:00,438.73,410.61,935.91,18.75,1978.22,92.25,70.6,1.09,47.42,0
WELL-02,2026-08-07T18:00,410.16,422.45,1029.97,18.78,1954.27,92.16,68.3,1.35,48.21,0
WELL-02,2026-08-07T19:00,449.4,448.64,998.31,19.79,1997.72,90.57,74.4,1.2,51.22,0
WELL-02,2026-08-07T20:00,432.25,423.27,979.22,19.81,1969.31,94.21,73.9,1.07,51.53,0
WELL-02,2026-08-07T21:00,442.23,433.11,979.37,18.97,2070.41,90.23,67.1,1.16,48.22,0
WELL-02,2026-08-07T22:00,421.59,392.76,931.61,18.57,1974.82,90.55,73.1,1.1,47.47,0
WELL-02,2026-08-07T23:00,413.91,381.76,922.31,18.51,2084.43,90.72,65.8,1.15,52.13,0
WELL-02,2026-08-08T00:00,451.11,416.52,923.32,18.65,2042.48,94.23,69.3,1.32,47.9,0
WELL-02,2026-08-08T01:00,445.96,450.76,1010.77,18.8,1941.6,90.21,73.7,1.28,49.97,0
WELL-02,2026-08-08T02:00,425.84,420.89,988.37,19.11,2087.94,93.78,72.3,1.32,50.89,0
WELL-02,2026-08-08T03:00,431.63,442.61,1025.45,18.89,1946.38,92.45,73.1,1.24,51.94,0
WELL-02,2026-08-08T04:00,448.94,447.88,997.64,19.41,2010.28,92.89,68.8,1.15,51.1,0
WELL-02,2026-08-08T05:00,444.67,426.2,958.47,19.1,2069.2,91.73,74.0,1.31,50.9,0
WELL-02,2026-08-08T06:00,446.73,443.49,992.76,19.59,2013.92,89.78,70.6,1.26,50.92,0
WELL-02,2026-08-08T07:00,449.52,440.09,979.04,18.47,2050.43,89.99,75.5,1.19,50.16,0
WELL-02,2026-08-08T08:00,410.22,379.46,925.02,19.0,1931.21,89.81,64.9,1.32,48.0,0
WELL-02,2026-08-08T09:00,416.73,404.12,969.74,18.84,2041.4,92.9,73.2,1.22,48.13,0
WELL-02,2026-08-08T10:00,419.25,423.3,1009.66,18.59,2024.03,93.23,73.9,1.35,47.79,0
WELL-02,2026-08-08T11:00,413.26,398.29,963.79,19.02,1977.64,93.45,71.3,1.18,47.11,0
WELL-02,2026-08-08T12:00,452.13,419.71,928.29,18.65,2088.14,91.93,71.2,1.13,50.45,0
WELL-02,2026-08-08T13:00,446.7,440.55,986.23,19.61,2066.05,90.21,69.9,1.07,49.48,0
WELL-02,2026-08-08T14:00,446.72,454.48,1017.37,19.25,2079.89,93.56,72.1,1.26,48.19,0
WELL-02,2026-08-08T15:00,447.14,455.85,1019.49,18.65,2025.51,93.6,74.9,1.11,50.92,0
WELL-02,2026-08-08T16:00,436.57,405.44,928.69,18.61,2072.15,92.99,73.6,1.24,49.72,0
WELL-02,2026-08-08T17:00,426.83,398.22,932.98,19.37,2016.95,89.8,69.2,1.09,50.4,0
WELL-02,2026-08-08T18:00,432.14,441.31,1021.22,18.89,2083.29,91.07,73.0,1.19,47.19,0
WELL-02,2026-08-08T19:00,413.37,401.9,972.26,18.68,2000.79,93.77,67.3,1.13,46.76,0
WELL-02,2026-08-08T20:00,437.32,444.44,1016.27,19.78,1949.23,93.69,66.8,1.25,51.11,0
WELL-02,2026-08-08T21:00,414.44,398.88,962.45,18.84,2058.88,92.24,69.0,1.26,49.04,0
WELL-02,2026-08-08T22:00,418.43,429.94,1027.52,18.46,2030.64,90.25,68.7,1.3,51.84,0
WELL-02,2026-08-08T23:00,423.3,429.84,1015.45,18.91,1984.69,92.52,75.5,1.31,50.95,0
WELL-02,2026-08-09T00:00,423.78,430.28,1015.34,18.81,1963.86,93.48,66.3,1.33,49.5,0
WELL-02,2026-08-09T01:00,425.06,403.84,950.09,19.5,2062.48,94.21,69.0,1.18,49.79,0
WELL-02,2026-08-09T02:00,424.98,420.24,988.86,19.3,1933.57,93.52,71.6,1.07,50.21,0
WELL-02,2026-08-09T03:00,439.18,451.71,1028.52,19.03,1933.69,90.09,67.4,1.25,48.81,0
WELL-02,2026-08-09T04:00,429.22,396.03,922.67,20.08,1941.25,92.3,74.3,1.15,49.38,0
WELL-02,2026-08-09T05:00,420.65,430.47,1023.35,19.88,2004.04,94.48,74.6,1.24,47.59,0
WELL-02,2026-08-09T06:00,438.96,437.15,995.88,19.43,1959.62,93.29,67.1,1.31,48.61,0
WELL-02,2026-08-09T07:00,441.5,432.56,979.74,19.11,2031.56,90.1,73.5,1.2,49.39,0
WELL-02,2026-08-09T08:00,427.68,435.68,1018.7,18.34,2028.88,91.01,66.1,1.35,49.39,0
WELL-02,2026-08-09T09:00,422.7,422.94,1000.57,19.46,2043.77,89.85,74.5,1.21,50.93,0
WELL-02,2026-08-09T10:00,421.19,401.65,953.61,19.53,1984.7,90.43,67.2,1.2,47.82,0
WELL-02,2026-08-09T11:00,417.87,410.54,982.46,18.95,2055.35,91.45,73.8,1.33,50.62,0
WELL-02,2026-08-09T12:00,417.45,429.32,1028.43,19.68,1992.83,92.56,74.0,1.32,51.41,0
WELL-02,2026-08-09T13:00,446.21,420.59,942.58,19.29,1997.04,92.92,68.1,1.08,50.15,0
WELL-02,2026-08-09T14:00,450.43,431.29,957.5,18.43,2000.96,91.42,71.0,1.15,50.97,0
WELL-02,2026-08-09T15:00,441.15,455.94,1033.54,18.79,1949.32,92.83,68.0,1.3,48.81,0
WELL-02,2026-08-09T16:00,423.34,401.03,947.32,18.53,1973.14,93.59,67.2,1.33,49.91,0
WELL-02,2026-08-09T17:00,423.97,430.31,1014.97,18.75,2031.84,91.36,71.3,1.24,52.01,0
WELL-02,2026-08-09T18:00,412.25,397.82,964.99,19.45,2025.69,94.0,66.0,1.28,47.34,0
WELL-02,2026-08-09T19:00,439.46,426.63,970.81,18.39,1968.01,89.85,72.3,1.13,49.78,0
WELL-02,2026-08-09T20:00,443.43,443.88,1001.02,19.61,2027.25,91.27,68.5,1.08,52.05,0
WELL-02,2026-08-09T21:00,445.12,446.82,1003.81,18.7,1998.43,90.44,71.2,1.14,51.41,0
WELL-02,2026-08-09T22:00,418.21,397.45,950.36,19.95,2060.9,93.23,73.8,1.27,48.36,0
WELL-02,2026-08-09T23:00,452.08,421.17,931.63,19.35,1952.09,90.82,68.4,1.21,49.85,0
WELL-02,2026-08-10T00:00,433.06,430.6,994.32,19.24,1966.13,94.34,69.0,1.22,48.82,0
WELL-02,2026-08-10T01:00,428.45,434.86,1014.96,19.15,1969.71,92.98,74.7,1.31,51.49,0
WELL-02,2026-08-10T02:00,421.93,411.8,975.98,19.84,1943.17,93.18,71.5,1.15,47.42,0
WELL-02,2026-08-10T03:00,446.37,434.5,973.42,18.31,2072.5,92.66,66.5,1.14,46.99,0
WELL-02,2026-08-10T04:00,437.3,424.15,969.93,18.96,1935.2,91.65,70.2,1.33,51.0,0
WELL-02,2026-08-10T05:00,431.59,444.71,1030.4,19.32,2019.27,93.74,66.6,1.33,51.34,0
WELL-02,2026-08-10T06:00,426.94,423.55,992.05,19.9,2032.07,92.88,68.2,1.1,50.27,0
WELL-02,2026-08-10T07:00,446.59,423.9,949.18,18.85,2068.63,92.13,70.2,1.21,52.26,0
WELL-02,2026-08-10T08:00,433.36,439.85,1014.97,18.27,1955.46,90.1,74.9,1.12,51.85,0
WELL-02,2026-08-10T09:00,411.83,381.49,926.33,19.12,1948.28,90.23,68.4,1.1,51.21,0
WELL-02,2026-08-10T10:00,443.2,412.53,930.8,19.3,2021.17,93.03,65.8,1.22,51.42,0
WELL-02,2026-08-10T11:00,433.93,414.95,956.26,19.81,2087.82,91.04,67.5,1.1,50.84,0
WELL-02,2026-08-10T12:00,448.0,433.06,966.66,18.92,2081.15,94.36,75.0,1.31,51.92,0
WELL-02,2026-08-10T13:00,436.07,412.71,946.43,19.15,1946.28,91.3,68.0,1.15,51.6,0
WELL-02,2026-08-10T14:00,425.8,409.74,962.28,19.47,2044.84,93.62,65.8,1.17,50.13,0
WELL-02,2026-08-10T15:00,420.55,395.59,940.65,19.23,2079.3,92.75,71.4,1.26,52.38,0
WELL-02,2026-08-10T16:00,452.51,449.5,993.36,20.02,2088.39,89.37,65.8,1.1,48.38,0
WELL-02,2026-08-10T17:00,415.01,384.37,926.17,19.57,2016.99,93.73,74.8,1.08,48.48,0
WELL-02,2026-08-10T18:00,422.32,403.02,954.31,19.0,2048.33,90.99,73.6,1.25,50.62,0
WELL-02,2026-08-10T19:00,438.3,404.02,921.77,18.77,1985.5,92.4,66.4,1.19,51.37,0
WELL-02,2026-08-10T20:00,451.09,451.87,1001.74,18.78,2003.51,91.49,68.4,1.09,49.07,0
WELL-02,2026-08-10T21:00,432.55,423.25,978.5,18.45,2081.55,90.43,72.5,1.25,49.53,0
WELL-02,2026-08-10T22:00,440.68,432.11,980.56,19.57,2077.67,92.73,73.9,1.15,51.43,0
WELL-02,2026-08-10T23:00,428.37,436.97,1020.07,18.92,2020.07,90.67,70.4,1.34,47.48,0
WELL-02,2026-08-11T00:00,445.01,420.66,945.3,19.88,2089.04,90.22,66.1,1.31,51.31,0
WELL-02,2026-08-11T01:00,447.3,417.32,932.98,19.6,1981.92,93.36,71.5,1.21,48.74,0
WELL-02,2026-08-11T02:00,449.73,416.72,926.6,18.71,1987.88,93.56,69.6,1.2,51.95,0
WELL-02,2026-08-11T03:00,420.49,386.32,918.73,19.6,1956.42,94.03,64.6,1.1,48.16,0
WELL-02,2026-08-11T04:00,412.71,395.43,958.14,18.71,1944.08,89.18,70.6,1.26,50.42,0
WELL-02,2026-08-11T05:00,439.04,433.99,988.5,18.31,2044.37,93.23,66.9,1.27,47.94,0
WELL-02,2026-08-11T06:00,446.55,450.45,1008.72,18.37,2048.14,93.77,70.7,1.2,48.33,0
WELL-02,2026-08-11T07:00,415.96,402.17,966.86,18.58,1978.95,91.45,73.0,1.14,49.45,0
WELL-02,2026-08-11T08:00,440.74,437.03,991.58,19.86,1980.17,92.37,72.7,1.17,49.19,0
WELL-02,2026-08-11T09:00,428.27,418.12,976.29,19.77,1963.16,92.26,71.7,1.09,49.41,0
WELL-02,2026-08-11T10:00,432.33,443.83,1026.61,19.16,2046.96,93.87,70.5,1.3,48.44,0
WELL-02,2026-08-11T11:00,431.06,438.47,1017.19,19.61,1975.03,89.29,68.6,1.23,48.55,0
WELL-02,2026-08-11T12:00,413.21,384.47,930.44,19.73,2023.77,91.47,69.8,1.35,50.58,0
WELL-02,2026-08-11T13:00,411.01,412.18,1002.84,18.9,1997.08,90.45,65.0,1.29,47.44,0
WELL-02,2026-08-11T14:00,449.19,420.54,936.21,18.33,1975.08,91.4,73.4,1.31,52.48,0
WELL-02,2026-08-11T15:00,449.46,435.59,969.14,18.89,2038.97,91.12,65.4,1.22,49.88,0
WELL-02,2026-08-11T16:00,410.26,402.04,979.96,18.47,1973.84,92.42,69.3,1.19,48.26,0
WELL-02,2026-08-11T17:00,418.43,423.63,1012.42,19.71,1941.29,90.69,69.9,1.13,50.75,0
WELL-02,2026-08-11T18:00,432.75,418.82,967.81,19.13,2017.97,91.01,67.0,1.18,48.5,0
WELL-02,2026-08-11T19:00,448.35,461.66,1029.69,20.09,2064.22,89.81,65.0,1.31,51.4,0
WELL-02,2026-08-11T20:00,411.42,388.0,943.09,19.35,2000.74,94.2,64.8,1.36,52.35,0
WELL-02,2026-08-11T21:00,419.38,424.75,1012.79,19.65,1983.11,93.86,69.3,1.13,47.16,0
WELL-02,2026-08-11T22:00,410.41,411.04,1001.52,18.72,1976.27,92.49,68.6,1.22,49.47,0
WELL-02,2026-08-11T23:00,443.21,419.48,946.47,19.44,1932.64,90.89,64.9,1.25,49.83,0
WELL-02,2026-08-12T00:00,437.88,408.57,933.07,19.05,2025.08,93.04,72.3,1.11,51.82,0
WELL-02,2026-08-12T01:00,441.33,412.36,934.36,18.28,1955.47,92.34,72.5,1.14,50.09,0
WELL-02,2026-08-12T02:00,445.17,417.68,938.25,19.0,1952.06,93.64,65.6,1.34,52.27,0
WELL-02,2026-08-12T03:00,430.95,416.67,966.86,18.74,2064.08,94.19,69.1,1.32,47.58,0
WELL-02,2026-08-12T04:00,417.19,414.36,993.22,19.27,2075.37,90.67,65.0,1.32,46.94,0
WELL-02,2026-08-12T05:00,424.29,400.67,944.32,18.86,1999.51,93.6,73.9,1.35,48.67,0
WELL-02,2026-08-12T06:00,432.56,401.64,928.51,18.55,2081.19,89.47,72.6,1.29,50.56,0
WELL-02,2026-08-12T07:00,418.8,430.84,1028.74,19.66,1957.58,93.94,69.5,1.16,50.16,0
WELL-02,2026-08-12T08:00,442.13,437.29,989.05,18.21,2064.36,89.39,69.8,1.25,49.05,0
WELL-02,2026-08-12T09:00,441.31,447.07,1013.06,19.45,2001.1,93.38,75.3,1.1,46.7,0
WELL-02,2026-08-12T10:00,412.16,405.28,983.3,19.83,2004.94,92.44,66.8,1.11,50.28,0
WELL-02,2026-08-12T11:00,431.77,401.05,928.85,19.88,2004.6,92.86,64.7,1.27,47.96,0
WELL-02,2026-08-12T12:00,436.58,429.25,983.21,19.25,2020.54,91.53,71.6,1.33,52.57,0
WELL-02,2026-08-12T13:00,436.1,402.67,923.35,19.57,1948.41,92.61,70.4,1.07,46.81,0
WELL-02,2026-08-12T14:00,411.49,395.27,960.57,18.83,2067.31,90.95,68.4,1.13,51.03,0
WELL-02,2026-08-12T15:00,451.75,423.07,936.51,19.27,2060.93,92.45,69.5,1.13,50.12,0
WELL-02,2026-08-12T16:00,439.6,425.26,967.38,19.57,1970.07,91.15,65.0,1.25,51.6,0
WELL-02,2026-08-12T17:00,414.41,406.35,980.54,19.84,1937.29,91.12,68.6,1.21,49.8,0
WELL-02,2026-08-12T18:00,438.38,403.8,921.12,20.04,2064.23,89.2,65.3,1.17,51.17,0
WELL-02,2026-08-12T19:00,433.42,442.07,1019.95,18.46,2082.08,91.63,70.1,1.11,47.77,0
WELL-02,2026-08-12T20:00,451.34,457.11,1012.78,19.5,1933.77,90.43,64.8,1.1,48.72,0
WELL-02,2026-08-12T21:00,424.68,427.69,1007.07,20.09,2010.97,90.63,74.6,1.29,48.88,0
WELL-02,2026-08-12T22:00,444.72,424.53,954.6,19.4,1996.09,92.56,75.1,1.32,47.06,0
WELL-02,2026-08-12T23:00,428.74,422.03,984.34,18.23,2021.39,93.28,74.8,1.14,47.94,0
WELL-02,2026-08-13T00:00,429.67,444.54,1034.61,19.41,2044.65,91.0,71.8,1.16,48.04,0
WELL-02,2026-08-13T01:00,426.41,414.89,972.98,20.01,1937.06,92.37,75.2,1.18,51.17,0
WELL-02,2026-08-13T02:00,435.42,436.29,1002.0,19.17,1979.58,89.25,65.1,1.13,50.73,0
WELL-02,2026-08-13T03:00,418.01,405.18,969.29,19.63,2028.74,89.24,71.8,1.1,49.94,0
WELL-02,2026-08-13T04:00,413.79,380.55,919.67,19.79,2005.72,93.13,73.0,1.33,47.93,0
WELL-02,2026-08-13T05:00,412.52,391.21,948.35,19.47,1948.53,89.56,69.3,1.32,50.05,0
WELL-02,2026-08-13T06:00,415.98,423.92,1019.08,19.88,2002.95,91.68,64.9,1.32,48.76,0
WELL-02,2026-08-13T07:00,412.68,384.22,931.05,18.35,1956.82,94.44,72.9,1.1,51.67,0
WELL-02,2026-08-13T08:00,421.6,414.36,982.81,19.59,2048.27,94.57,73.0,1.18,51.67,0
WELL-02,2026-08-13T09:00,419.22,432.71,1032.18,18.49,2039.6,92.11,70.8,1.34,52.34,0
WELL-02,2026-08-13T10:00,411.94,395.13,959.18,18.99,2024.62,90.64,71.3,1.27,50.56,0
WELL-02,2026-08-13T11:00,413.38,405.69,981.39,18.22,1982.31,89.36,67.1,1.22,48.09,0
WELL-02,2026-08-13T12:00,416.07,390.53,938.6,19.07,1968.49,93.47,70.9,1.22,49.01,0
WELL-02,2026-08-13T13:00,431.47,444.6,1030.42,19.54,1976.99,91.54,73.8,1.17,49.84,0
WELL-02,2026-08-13T14:00,445.63,417.39,936.63,19.33,2008.16,89.17,66.0,1.24,51.97,0
WELL-02,2026-08-13T15:00,432.45,413.03,955.09,19.27,1996.58,90.06,66.6,1.08,51.14,0
WELL-02,2026-08-13T16:00,442.7,411.04,928.47,19.01,2052.66,92.96,65.7,1.32,48.12,0
WELL-02,2026-08-13T17:00,446.12,445.52,998.67,18.88,2012.61,89.41,70.9,1.19,51.2,0
WELL-02,2026-08-13T18:00,433.27,437.49,1009.74,19.15,1932.83,91.25,68.9,1.34,48.59,0
WELL-02,2026-08-13T19:00,416.99,403.8,968.37,19.57,1963.91,93.29,71.6,1.25,50.5,0
WELL-02,2026-08-13T20:00,427.79,408.36,954.59,19.68,2001.41,90.48,67.6,1.16,50.82,0
WELL-02,2026-08-13T21:00,439.38,451.34,1027.21,18.88,1976.8,91.73,73.4,1.25,52.28,0
WELL-02,2026-08-13T22:00,412.67,400.79,971.21,18.71,2087.15,92.38,73.6,1.08,49.4,0
WELL-02,2026-08-13T23:00,445.31,420.98,945.37,18.33,2002.44,91.77,73.2,1.35,51.35,0
WELL-02,2026-08-14T00:00,411.38,397.41,966.04,19.83,1983.61,94.67,71.3,1.1,52.24,0
WELL-02,2026-08-14T01:00,411.13,407.92,992.2,19.03,1993.82,91.36,73.5,1.17,47.76,0
WELL-02,2026-08-14T02:00,434.71,409.92,942.98,18.95,2052.23,89.52,66.5,1.32,49.9,0
WELL-02,2026-08-14T03:00,435.6,407.67,935.87,19.31,1945.39,89.58,75.1,1.27,48.48,0
WELL-02,2026-08-14T04:00,447.37,451.97,1010.28,19.76,1972.66,90.56,65.0,1.27,50.45,0
WELL-02,2026-08-14T05:00,420.53,419.88,998.46,18.27,1967.91,90.51,75.3,1.14,51.21,0
WELL-02,2026-08-14T06:00,446.47,461.89,1034.52,20.03,1942.76,92.84,68.4,1.28,50.49,0
WELL-02,2026-08-14T07:00,414.18,420.98,1016.4,19.35,1961.08,92.7,74.0,1.14,49.15,0
WELL-02,2026-08-14T08:00,447.67,450.05,1005.31,19.39,1962.45,89.2,71.1,1.08,46.7,0
WELL-02,2026-08-14T09:00,416.66,394.18,946.06,18.26,2006.17,92.33,72.4,1.24,49.51,0
WELL-02,2026-08-14T10:00,409.61,417.14,1018.4,18.7,2005.39,93.37,74.9,1.22,49.17,0
WELL-02,2026-08-14T11:00,418.45,423.04,1010.99,19.2,2089.96,90.92,65.0,1.25,48.24,0
WELL-02,2026-08-14T12:00,451.66,466.2,1032.18,18.25,1961.79,93.29,72.7,1.34,47.05,0
WELL-02,2026-08-14T13:00,428.14,402.54,940.2,19.56,2014.42,94.24,74.3,1.1,51.85,0
WELL-02,2026-08-14T14:00,435.99,438.21,1005.09,18.69,1948.72,90.54,70.2,1.29,51.21,0
WELL-02,2026-08-14T15:00,441.33,442.3,1002.2,19.28,2053.19,90.12,70.9,1.25,50.09,0
WELL-02,2026-08-14T16:00,437.52,405.21,926.15,18.49,1972.11,93.77,73.5,1.33,49.94,0
WELL-02,2026-08-14T17:00,430.05,398.64,926.94,18.67,1934.45,91.65,73.0,1.25,52.5,0
WELL-02,2026-08-14T18:00,432.03,425.41,984.67,18.42,2018.98,94.17,64.7,1.11,50.22,0
WELL-02,2026-08-14T19:00,423.83,400.18,944.2,18.73,1993.3,92.61,67.6,1.09,48.33,0
WELL-02,2026-08-14T20:00,425.54,392.96,923.44,19.57,1962.34,89.75,66.4,1.18,48.68,0
WELL-02,2026-08-14T21:00,418.54,432.86,1034.22,18.47,2086.06,89.22,71.3,1.29,50.16,0
WELL-02,2026-08-14T22:00,436.33,415.03,951.19,19.06,2051.92,89.23,70.7,1.3,49.45,0
WELL-02,2026-08-14T23:00,431.57,410.66,951.56,18.84,2042.58,93.7,69.2,1.2,47.72,0
WELL-02,2026-08-15T00:00,428.8,441.16,1028.81,19.15,2062.11,94.5,72.4,1.2,47.93,0
WELL-02,2026-08-15T01:00,412.99,392.25,949.78,18.81,1961.36,90.32,70.1,1.14,49.62,0
WELL-02,2026-08-15T02:00,416.28,385.09,925.07,20.08,2037.74,94.31,65.0,1.34,48.33,0
WELL-02,2026-08-15T03:00,414.09,407.74,984.64,19.9,2004.63,92.84,70.1,1.11,50.66,0
WELL-02,2026-08-15T04:00,449.08,426.42,949.54,19.88,1938.62,92.89,69.8,1.07,47.2,0
WELL-02,2026-08-15T05:00,438.92,406.17,925.38,18.82,2016.99,94.43,66.8,1.1,49.69,0
WELL-02,2026-08-15T06:00,450.61,420.9,934.06,18.28,1950.42,94.22,69.6,1.17,48.27,0
WELL-02,2026-08-15T07:00,417.25,395.22,947.21,19.95,1932.94,94.39,67.3,1.3,51.0,0
WELL-02,2026-08-15T08:00,416.97,427.61,1025.52,18.69,1989.68,90.58,70.5,1.18,51.76,0
WELL-02,2026-08-15T09:00,412.62,414.14,1003.69,18.58,1970.41,90.75,70.7,1.18,50.64,0
WELL-02,2026-08-15T10:00,420.92,388.25,922.39,18.83,1984.76,90.16,73.8,1.14,50.18,0
WELL-02,2026-08-15T11:00,419.81,434.38,1034.69,18.46,2088.54,89.62,73.0,1.14,50.48,0
WELL-02,2026-08-15T12:00,437.55,409.34,935.55,19.02,2028.0,93.3,65.7,1.11,48.96,0
WELL-02,2026-08-15T13:00,439.97,440.31,1000.77,18.42,1947.52,89.25,66.1,1.3,51.58,0
WELL-02,2026-08-15T14:00,415.41,387.52,932.87,18.8,1993.87,90.98,73.6,1.28,51.09,0
WELL-02,2026-08-15T15:00,429.73,403.3,938.49,19.13,2026.64,91.68,74.9,1.33,47.5,0
WELL-02,2026-08-15T16:00,448.6,454.54,1013.23,19.36,2024.87,93.68,71.7,1.11,50.91,0
WELL-02,2026-08-15T17:00,411.77,400.36,972.3,18.36,1970.51,93.85,75.0,1.25,50.92,0
WELL-02,2026-08-15T18:00,421.14,412.76,980.09,19.5,1963.64,90.58,69.6,1.3,47.91,0
WELL-02,2026-08-15T19:00,446.83,461.54,1032.91,18.84,2018.94,90.62,71.7,1.22,50.91,0
WELL-02,2026-08-15T20:00,413.08,418.19,1012.38,19.37,2062.48,93.57,70.5,1.24,47.88,0
WELL-02,2026-08-15T21:00,450.87,458.89,1017.8,19.56,2036.63,92.32,74.6,1.08,46.76,0
WELL-02,2026-08-15T22:00,434.48,444.94,1024.06,19.42,2040.84,91.33,69.2,1.3,46.85,0
WELL-02,2026-08-15T23:00,427.19,439.54,1028.91,19.33,2001.15,90.36,70.5,1.1,48.59,0
WELL-02,2026-08-16T00:00,417.78,419.73,1004.67,19.28,1985.75,90.68,67.8,1.15,49.46,0
WELL-02,2026-08-16T01:00,410.32,422.39,1029.43,18.21,1944.6,94.08,74.0,1.12,50.98,0
WELL-02,2026-08-16T02:00,443.99,414.58,933.76,18.84,2001.37,90.58,68.7,1.15,48.76,0
WELL-02,2026-08-16T03:00,413.55,424.52,1026.54,18.49,1929.73,91.02,68.1,1.34,47.56,0
WELL-02,2026-08-16T04:00,413.37,394.91,955.35,18.57,1929.24,90.48,68.1,1.3,53.19,0
WELL-02,2026-08-16T05:00,427.53,422.27,987.69,18.99,2036.26,92.74,71.6,1.36,51.08,0
WELL-02,2026-08-16T06:00,418.73,435.98,1041.22,18.98,1979.04,92.12,63.8,1.22,54.12,0
WELL-02,2026-08-16T07:00,433.72,406.65,937.6,19.58,1993.53,91.63,71.4,1.43,53.65,0
WELL-02,2026-08-16T08:00,418.39,393.78,941.18,19.49,1986.31,95.67,65.8,1.43,51.07,0
WELL-02,2026-08-16T09:00,393.1,406.28,1033.53,18.82,1970.07,94.73,64.6,1.4,52.44,0
WELL-02,2026-08-16T10:00,388.58,395.51,1017.83,20.79,2022.96,91.55,63.5,1.29,54.99,0
WELL-02,2026-08-16T11:00,406.57,387.24,952.47,19.25,2010.71,95.18,70.1,1.35,54.25,0
WELL-02,2026-08-16T12:00,401.93,388.54,966.68,20.51,1991.98,91.17,65.7,1.34,54.7,0
WELL-02,2026-08-16T13:00,401.91,378.59,941.98,20.35,1896.0,93.16,71.7,1.65,56.4,0
WELL-02,2026-08-16T14:00,403.81,392.78,972.66,21.01,1979.72,96.59,71.5,1.72,54.22,0
WELL-02,2026-08-16T15:00,413.81,399.43,965.23,19.39,1850.03,92.61,69.7,1.68,54.55,0
WELL-02,2026-08-16T16:00,405.06,431.54,1065.36,20.16,1982.6,92.9,64.9,1.76,52.96,0
WELL-02,2026-08-16T17:00,403.55,408.8,1013.0,21.0,1881.84,96.66,65.4,1.49,54.32,0
WELL-02,2026-08-16T18:00,388.37,399.41,1028.42,20.32,1894.99,96.38,65.8,1.54,60.12,0
WELL-02,2026-08-16T19:00,373.28,364.74,977.11,19.58,1896.39,95.99,69.2,1.81,59.84,0
WELL-02,2026-08-16T20:00,382.22,403.51,1055.7,20.34,1841.93,92.7,62.2,1.89,58.25,0
WELL-02,2026-08-16T21:00,382.4,408.13,1067.29,19.97,1840.29,96.71,65.3,2.01,60.25,0
WELL-02,2026-08-16T22:00,374.49,364.84,974.24,20.21,1917.18,94.9,61.5,1.84,61.79,0
WELL-02,2026-08-16T23:00,386.89,418.75,1082.34,20.38,1858.13,95.07,64.6,1.85,61.33,0
WELL-02,2026-08-17T00:00,360.22,356.46,989.56,20.54,1858.95,95.51,71.0,1.97,56.72,0
WELL-02,2026-08-17T01:00,359.01,371.04,1033.49,21.53,1798.32,95.21,62.7,1.96,59.01,0
WELL-02,2026-08-17T02:00,352.81,349.55,990.74,20.28,1809.66,94.11,70.8,2.09,59.82,0
WELL-02,2026-08-17T03:00,378.87,408.18,1077.35,20.17,1890.03,94.32,64.5,2.08,60.72,0
WELL-02,2026-08-17T04:00,378.49,375.02,990.83,21.13,1776.92,99.15,68.6,1.98,64.38,0
WELL-02,2026-08-17T05:00,360.57,366.99,1017.79,20.73,1776.63,97.91,70.4,1.98,63.21,0
WELL-02,2026-08-17T06:00,339.87,373.17,1097.98,20.55,1843.67,97.22,64.6,2.23,66.38,0
WELL-02,2026-08-17T07:00,352.13,382.18,1085.33,22.09,1770.71,100.16,66.9,2.35,62.78,0
WELL-02,2026-08-17T08:00,354.87,369.09,1040.07,21.0,1883.44,95.6,64.6,2.07,63.52,0
WELL-02,2026-08-17T09:00,345.98,342.44,989.75,21.74,1762.31,97.74,63.8,2.12,65.65,0
WELL-02,2026-08-17T10:00,346.48,373.85,1078.99,21.38,1862.44,96.08,66.6,2.5,66.94,0
WELL-02,2026-08-17T11:00,330.18,346.68,1049.96,22.61,1741.23,99.5,60.3,2.38,69.78,0
WELL-02,2026-08-17T12:00,336.01,335.78,999.34,21.87,1849.93,98.37,61.9,2.46,70.05,0
WELL-02,2026-08-17T13:00,323.24,351.9,1088.68,21.44,1748.99,97.46,67.6,2.53,66.31,0
WELL-02,2026-08-17T14:00,332.44,370.69,1115.05,22.49,1735.94,99.73,62.9,2.65,71.86,0
WELL-02,2026-08-17T15:00,328.45,352.23,1072.41,21.11,1710.69,101.38,66.5,2.46,68.36,0
WELL-02,2026-08-17T16:00,315.64,342.38,1084.73,21.56,1820.88,100.91,63.0,2.44,66.87,0
WELL-02,2026-08-17T17:00,312.85,343.48,1097.92,21.85,1795.36,98.68,64.6,2.59,66.88,0
WELL-02,2026-08-17T18:00,321.91,322.99,1003.36,23.52,1809.05,97.42,64.1,2.56,74.29,0
WELL-02,2026-08-17T19:00,326.84,351.07,1074.13,22.85,1809.72,102.35,58.9,3.14,72.59,0
WELL-02,2026-08-17T20:00,305.67,325.79,1065.84,22.41,1728.21,101.97,65.6,3.0,71.16,0
WELL-02,2026-08-17T21:00,307.55,336.02,1092.59,21.65,1708.89,98.64,59.8,2.8,69.38,0
WELL-02,2026-08-17T22:00,326.15,362.23,1110.64,22.62,1770.89,99.29,58.6,3.04,70.56,0
WELL-02,2026-08-17T23:00,307.04,343.98,1120.33,22.54,1686.1,98.53,61.9,3.07,77.0,0
WELL-02,2026-08-18T00:00,311.27,333.08,1070.07,23.13,1687.96,100.12,65.9,3.07,74.24,0
WELL-02,2026-08-18T01:00,303.93,317.94,1046.1,23.42,1688.88,101.07,59.8,3.18,74.2,0
WELL-02,2026-08-18T02:00,295.59,314.78,1064.92,22.9,1690.28,103.83,59.3,3.01,75.8,0
WELL-02,2026-08-18T03:00,296.74,331.63,1117.59,24.26,1721.4,98.91,59.5,3.34,76.17,0
WELL-02,2026-08-18T04:00,302.46,334.47,1105.84,22.33,1619.78,103.65,58.2,3.3,79.24,0
WELL-02,2026-08-18T05:00,296.6,306.49,1033.34,23.98,1615.3,101.37,65.8,3.07,73.12,0
WELL-02,2026-08-18T06:00,294.93,338.25,1146.88,24.35,1645.42,101.0,57.8,3.64,79.08,0
WELL-02,2026-08-18T07:00,295.87,320.58,1083.52,22.66,1617.47,99.94,60.0,3.53,79.74,0
WELL-02,2026-08-18T08:00,277.08,289.0,1043.03,22.57,1724.86,102.01,60.2,3.99,75.6,0
WELL-02,2026-08-18T09:00,272.54,301.12,1104.85,23.73,1675.22,101.77,57.8,3.4,82.05,0
WELL-02,2026-08-18T10:00,297.22,315.95,1063.03,22.67,1696.48,102.15,60.9,3.55,82.67,0
WELL-02,2026-08-18T11:00,283.16,309.31,1092.37,23.35,1637.32,99.97,57.9,4.13,82.45,0
WELL-02,2026-08-18T12:00,286.72,330.58,1152.94,23.76,1651.95,104.96,60.8,3.34,82.01,0
WELL-02,2026-08-18T13:00,288.26,309.22,1072.71,24.34,1666.48,104.77,62.2,3.78,81.41,0
WELL-02,2026-08-18T14:00,280.18,296.86,1059.53,25.18,1585.71,105.55,64.0,3.76,80.88,0
WELL-02,2026-08-18T15:00,264.22,296.78,1123.23,24.81,1661.82,100.79,57.3,3.64,80.88,0
WELL-02,2026-08-18T16:00,279.71,291.42,1041.87,25.23,1585.12,106.19,55.9,3.75,88.24,0
WELL-02,2026-08-18T17:00,263.14,281.09,1068.2,23.77,1583.65,101.32,54.4,3.61,88.41,0
WELL-02,2026-08-18T18:00,255.7,294.01,1149.82,24.95,1582.95,106.22,58.0,4.02,81.57,0
WELL-02,2026-08-18T19:00,261.06,285.49,1093.56,24.33,1530.85,101.27,58.4,4.67,86.17,0
WELL-02,2026-08-18T20:00,260.35,299.15,1149.05,23.86,1631.13,106.12,56.5,4.08,83.7,0
WELL-02,2026-08-18T21:00,252.82,286.23,1132.13,23.55,1528.96,102.9,62.2,4.1,87.34,0
WELL-02,2026-08-18T22:00,240.02,282.76,1178.04,24.54,1577.25,107.03,57.1,3.95,92.61,1
WELL-02,2026-08-18T23:00,240.54,277.82,1154.97,24.52,1561.36,107.34,54.1,4.32,84.27,0
WELL-02,2026-08-19T00:00,251.78,282.46,1121.86,26.03,1525.22,104.52,60.9,4.93,85.98,0
WELL-02,2026-08-19T01:00,253.58,275.29,1085.64,23.68,1516.37,105.5,60.9,4.66,88.26,0
WELL-02,2026-08-19T02:00,244.59,284.44,1162.93,25.34,1487.02,104.89,61.6,4.21,92.99,0
WELL-02,2026-08-19T03:00,230.37,273.0,1185.07,26.29,1584.05,107.23,58.9,4.42,94.8,0
WELL-02,2026-08-19T04:00,236.93,274.73,1159.53,25.97,1498.05,104.19,55.5,4.46,88.58,0
WELL-02,2026-08-19T05:00,230.95,269.66,1167.58,23.97,1565.23,103.74,59.9,4.3,97.36,1
WELL-02,2026-08-19T06:00,221.09,260.52,1178.35,26.0,1534.58,105.95,58.0,5.14,98.14,0
WELL-02,2026-08-19T07:00,239.17,279.64,1169.21,24.61,1502.61,109.32,57.2,4.66,89.42,1
WELL-02,2026-08-19T08:00,234.05,252.0,1076.71,25.52,1507.07,108.05,56.1,4.83,98.11,0
WELL-02,2026-08-19T09:00,220.74,240.0,1087.22,24.64,1555.62,107.25,55.0,4.87,95.63,1
WELL-02,2026-08-19T10:00,216.63,250.65,1157.07,25.35,1549.92,108.19,51.7,4.97,99.45,0
WELL-02,2026-08-19T11:00,217.87,240.79,1105.16,26.1,1485.33,109.66,54.2,5.77,98.52,0
WELL-02,2026-08-19T12:00,224.61,251.74,1120.81,26.3,1463.86,104.13,58.2,4.79,98.65,1
WELL-02,2026-08-19T13:00,220.39,251.58,1141.53,24.93,1455.6,107.89,52.8,4.8,99.27,1
WELL-02,2026-08-19T14:00,212.43,239.42,1127.03,26.86,1441.31,105.98,54.4,4.92,97.93,1
WELL-02,2026-08-19T15:00,216.15,263.2,1217.64,26.69,1453.67,109.46,52.9,5.03,104.62,0
WELL-02,2026-08-19T16:00,206.43,241.08,1167.85,25.19,1413.51,109.38,56.8,5.71,101.78,1
WELL-02,2026-08-19T17:00,201.17,232.4,1155.26,25.29,1477.9,105.92,56.3,5.05,101.73,0
WELL-02,2026-08-19T18:00,203.48,222.96,1095.76,26.7,1397.33,105.78,54.4,5.3,105.54,1
WELL-02,2026-08-19T19:00,194.89,237.16,1216.89,26.53,1407.62,105.6,51.6,6.3,102.09,0
WELL-02,2026-08-19T20:00,205.3,238.28,1160.63,26.72,1411.23,109.69,51.1,5.82,99.97,1
WELL-02,2026-08-19T21:00,197.35,235.22,1191.94,25.96,1405.61,109.92,53.6,6.15,100.56,1
WELL-02,2026-08-19T22:00,185.7,219.99,1184.67,25.8,1454.58,106.56,57.9,5.48,106.98,1
WELL-02,2026-08-19T23:00,194.6,225.68,1159.74,27.64,1455.8,109.33,49.4,5.86,111.22,0
WELL-02,2026-08-20T00:00,193.33,222.16,1149.12,25.72,1382.12,109.78,49.9,6.05,100.17,0
WELL-02,2026-08-20T01:00,186.77,230.15,1232.25,26.29,1378.73,111.43,50.2,5.59,105.27,0
WELL-02,2026-08-20T02:00,173.41,193.16,1113.9,27.73,1381.0,110.22,53.8,6.33,110.95,1
WELL-02,2026-08-20T03:00,182.32,225.11,1234.71,26.56,1360.29,112.11,52.7,6.65,110.92,1
WELL-02,2026-08-20T04:00,181.57,201.91,1111.99,26.13,1421.52,107.42,54.8,6.25,104.69,1
WELL-02,2026-08-20T05:00,169.02,192.18,1137.02,27.63,1391.91,110.44,51.6,5.89,109.09,1
WELL-02,2026-08-20T06:00,169.06,193.76,1146.12,26.85,1405.42,112.44,48.5,6.15,107.4,0
WELL-02,2026-08-20T07:00,164.39,191.1,1162.48,26.77,1339.19,112.74,49.5,6.22,114.82,1
WELL-02,2026-08-20T08:00,172.56,211.91,1228.04,28.38,1316.71,111.58,49.2,6.35,108.24,1
WELL-02,2026-08-20T09:00,158.55,191.53,1208.01,27.55,1372.44,109.37,55.0,6.02,111.69,1
WELL-02,2026-08-20T10:00,158.96,193.19,1215.32,27.91,1387.21,111.39,54.4,6.24,107.41,1
WELL-02,2026-08-20T11:00,158.58,192.27,1212.43,27.89,1349.06,108.49,49.1,6.55,115.75,1
WELL-02,2026-08-20T12:00,161.45,194.24,1203.13,28.8,1298.24,108.59,48.8,6.14,118.84,1
WELL-02,2026-08-20T13:00,158.27,191.82,1212.01,27.31,1369.76,112.84,50.8,6.29,118.04,1
WELL-02,2026-08-20T14:00,148.04,184.78,1248.23,26.94,1365.34,108.86,50.6,6.52,121.62,1
WELL-02,2026-08-20T15:00,147.57,171.56,1162.59,26.63,1316.4,109.49,53.3,7.71,111.75,1
WELL-02,2026-08-20T16:00,147.77,174.54,1181.13,29.03,1288.9,113.03,47.5,6.71,112.32,1
WELL-02,2026-08-20T17:00,135.65,160.76,1185.15,28.39,1349.41,114.81,50.6,6.32,120.22,1
WELL-02,2026-08-20T18:00,145.4,169.6,1166.44,28.32,1279.77,109.72,49.7,7.53,117.39,1
WELL-02,2026-08-20T19:00,131.32,161.41,1229.17,29.24,1269.97,109.55,50.4,7.82,126.35,1
WELL-02,2026-08-20T20:00,135.45,165.99,1225.5,28.31,1275.05,114.23,46.6,7.21,124.1,1
WELL-02,2026-08-20T21:00,135.12,154.08,1140.25,27.35,1286.14,110.56,49.9,7.11,117.32,1
WELL-02,2026-08-20T22:00,126.8,157.75,1244.02,27.32,1242.42,114.8,46.8,7.26,122.87,1
WELL-02,2026-08-20T23:00,129.05,156.65,1213.87,29.66,1228.48,110.99,49.0,7.96,129.68,1
WELL-02,2026-08-21T00:00,123.21,146.27,1187.24,28.96,1270.81,110.95,46.7,6.8,122.73,1
WELL-02,2026-08-21T01:00,124.17,156.6,1261.1,28.28,1268.9,111.53,47.3,6.85,122.14,1
WELL-02,2026-08-21T02:00,115.21,136.44,1184.34,29.81,1230.11,115.48,48.1,8.07,117.86,1
WELL-02,2026-08-21T03:00,119.78,141.47,1181.09,28.64,1200.52,116.64,46.5,8.53,119.84,1
WELL-02,2026-08-21T04:00,114.69,133.71,1165.78,28.94,1199.8,111.1,50.0,7.4,131.82,1
WELL-02,2026-08-21T05:00,125.64,148.5,1181.92,30.01,1277.02,117.31,50.7,7.06,124.63,1
WELL-02,2026-08-21T06:00,120.57,144.81,1201.04,28.7,1202.36,110.88,46.5,7.2,129.72,1
WELL-02,2026-08-21T07:00,123.42,158.07,1280.8,27.94,1291.73,113.12,45.6,7.07,122.14,1
WELL-02,2026-08-21T08:00,122.91,148.48,1207.98,27.77,1258.32,115.64,45.1,6.81,125.23,1
WELL-02,2026-08-21T09:00,124.55,146.01,1172.33,27.94,1291.82,111.25,51.3,7.4,128.4,1
WELL-02,2026-08-21T10:00,116.18,138.68,1193.62,27.99,1262.44,112.21,46.5,7.15,129.48,1
WELL-02,2026-08-21T11:00,121.23,142.76,1177.61,28.16,1245.72,116.16,45.2,7.41,120.11,1
WELL-02,2026-08-21T12:00,115.83,143.29,1237.01,27.71,1211.1,112.55,45.9,6.96,126.29,1
WELL-02,2026-08-21T13:00,116.47,134.98,1158.99,29.59,1206.88,111.8,52.3,7.63,118.17,1
WELL-02,2026-08-21T14:00,125.0,147.67,1181.37,28.0,1239.07,115.81,52.4,8.43,127.24,1
WELL-02,2026-08-21T15:00,126.15,148.98,1181.03,29.32,1227.89,115.97,50.3,6.85,119.89,1
WELL-02,2026-08-21T16:00,126.61,158.71,1253.6,29.35,1213.01,110.7,47.0,7.47,126.0,1
WELL-02,2026-08-21T17:00,123.37,145.77,1181.57,28.97,1283.06,110.63,48.5,8.53,122.33,1
WELL-02,2026-08-21T18:00,117.4,149.16,1270.56,28.39,1282.04,117.0,49.4,7.06,130.91,1
WELL-02,2026-08-21T19:00,116.84,148.01,1266.78,28.6,1208.71,115.3,51.1,8.27,120.39,1
WELL-02,2026-08-21T20:00,119.17,150.4,1262.06,29.42,1244.87,112.46,52.7,8.52,118.67,1
WELL-02,2026-08-21T21:00,124.42,154.1,1238.5,27.48,1235.56,112.58,48.2,8.59,125.57,1
WELL-02,2026-08-21T22:00,124.59,155.53,1248.34,28.71,1235.84,110.75,48.5,8.61,126.46,1
WELL-02,2026-08-21T23:00,117.42,148.62,1265.67,27.69,1274.15,111.86,49.4,8.3,120.61,1
WELL-02,2026-08-22T00:00,122.25,151.15,1236.33,27.8,1262.13,112.02,47.8,8.45,127.2,1
WELL-02,2026-08-22T01:00,118.01,136.31,1155.07,27.44,1216.81,111.7,49.0,8.45,123.36,1
WELL-02,2026-08-22T02:00,122.4,155.92,1273.83,29.67,1249.34,114.03,47.0,7.77,131.73,1
WELL-02,2026-08-22T03:00,121.56,155.9,1282.5,29.92,1200.26,112.73,48.3,8.02,118.84,1
WELL-02,2026-08-22T04:00,116.04,133.41,1149.63,29.4,1267.35,113.67,46.7,7.17,123.47,1
WELL-02,2026-08-22T05:00,120.03,145.48,1212.08,29.18,1204.44,111.41,49.4,6.79,118.85,1
WELL-02,2026-08-22T06:00,126.51,153.95,1216.94,29.21,1216.66,113.96,49.8,7.76,119.56,1
WELL-02,2026-08-22T07:00,125.93,150.2,1192.77,28.79,1252.23,116.96,47.6,8.01,120.09,1
WELL-02,2026-08-22T08:00,119.21,137.3,1151.74,27.83,1252.16,114.08,51.1,7.69,120.21,1
WELL-02,2026-08-22T09:00,123.96,155.51,1254.58,28.93,1227.13,112.06,50.8,7.47,125.95,1
WELL-02,2026-08-22T10:00,120.31,138.73,1153.08,28.67,1276.91,113.0,51.7,7.7,128.76,1
WELL-02,2026-08-22T11:00,126.09,149.22,1183.46,28.66,1268.23,113.21,51.2,8.37,129.72,1
WELL-02,2026-08-22T12:00,125.49,155.71,1240.8,29.8,1266.08,111.6,48.5,7.95,128.39,1
WELL-02,2026-08-22T13:00,119.35,138.53,1160.73,29.21,1229.74,114.46,47.7,8.04,131.79,1
WELL-02,2026-08-22T14:00,114.94,132.76,1155.06,27.86,1296.54,113.33,47.1,8.08,124.61,1
WELL-02,2026-08-22T15:00,119.0,142.99,1201.55,29.74,1259.55,111.42,49.5,7.01,127.73,1
WELL-02,2026-08-22T16:00,122.23,141.71,1159.37,29.54,1288.59,114.95,47.6,8.03,117.92,1
WELL-02,2026-08-22T17:00,115.01,137.94,1199.41,29.65,1207.01,111.53,51.1,7.99,118.77,1
WELL-02,2026-08-22T18:00,115.25,135.24,1173.46,28.72,1284.76,112.33,47.4,8.2,119.84,1
WELL-02,2026-08-22T19:00,116.45,142.47,1223.41,27.78,1237.81,113.48,47.4,7.9,125.99,1
WELL-02,2026-08-22T20:00,121.46,157.15,1293.83,28.24,1197.54,115.62,52.6,8.05,129.89,1
WELL-02,2026-08-22T21:00,118.93,140.07,1177.76,28.84,1265.89,112.09,45.4,8.14,128.02,1
WELL-02,2026-08-22T22:00,117.65,139.67,1187.2,27.41,1237.24,113.71,50.5,7.57,121.47,1
WELL-02,2026-08-22T23:00,116.52,138.06,1184.91,29.1,1251.16,116.92,48.5,7.69,123.99,1
WELL-02,2026-08-23T00:00,120.83,147.09,1217.31,27.53,1230.02,112.82,46.6,7.16,123.15,1
WELL-02,2026-08-23T01:00,444.95,434.14,975.7,18.74,2012.93,90.75,67.6,1.19,47.43,0
WELL-02,2026-08-23T02:00,409.92,384.85,938.82,20.01,2012.07,91.46,65.2,1.3,49.52,0
WELL-02,2026-08-23T03:00,417.04,413.97,992.63,20.03,1999.8,92.36,73.5,1.29,49.82,0
WELL-02,2026-08-23T04:00,432.74,414.13,956.99,18.25,1974.0,91.91,67.5,1.26,48.43,0
WELL-02,2026-08-23T05:00,431.34,431.34,1000.01,18.39,1954.17,91.85,65.3,1.21,48.53,0
WELL-02,2026-08-23T06:00,445.78,418.9,939.7,20.06,1932.71,94.02,70.1,1.23,49.79,0
WELL-02,2026-08-23T07:00,410.57,408.29,994.46,19.78,2040.22,93.86,74.0,1.27,51.5,0
WELL-02,2026-08-23T08:00,435.61,442.5,1015.82,18.86,1978.25,90.72,67.7,1.27,50.05,0
WELL-02,2026-08-23T09:00,446.32,429.37,962.01,19.92,2065.99,91.93,71.6,1.3,49.85,0
WELL-02,2026-08-23T10:00,412.78,424.78,1029.09,19.19,1998.69,89.32,71.7,1.32,50.73,0
WELL-02,2026-08-23T11:00,446.44,436.66,978.08,18.83,2025.74,90.36,68.7,1.35,50.84,0
WELL-02,2026-08-23T12:00,441.81,419.84,950.28,18.63,1946.07,94.24,75.6,1.12,49.55,0
WELL-02,2026-08-23T13:00,432.92,424.56,980.69,19.45,1985.69,89.95,75.4,1.3,52.45,0
WELL-02,2026-08-23T14:00,452.19,419.43,927.55,18.36,2063.91,94.5,74.5,1.18,48.97,0
WELL-02,2026-08-23T15:00,449.11,414.32,922.54,19.62,2020.45,90.7,74.2,1.3,47.66,0
WELL-02,2026-08-23T16:00,415.78,393.8,947.14,18.51,2064.53,91.63,71.4,1.29,50.25,0
WELL-02,2026-08-23T17:00,428.81,412.1,961.03,19.61,1971.27,94.0,71.7,1.22,51.13,0
WELL-02,2026-08-23T18:00,427.58,428.8,1002.85,19.72,1935.88,94.4,69.7,1.18,49.39,0
WELL-02,2026-08-23T19:00,414.71,398.9,961.88,19.27,1976.9,90.59,64.5,1.1,47.19,0
WELL-02,2026-08-23T20:00,421.67,408.5,968.77,19.41,1935.82,93.91,75.0,1.26,47.92,0
WELL-02,2026-08-23T21:00,445.09,420.07,943.79,19.31,2029.48,90.6,65.7,1.07,48.77,0
WELL-02,2026-08-23T22:00,428.14,436.01,1018.39,19.93,2025.92,91.57,75.3,1.29,46.68,0
WELL-02,2026-08-23T23:00,439.36,414.89,944.29,18.69,2089.83,90.07,72.2,1.27,50.12,0
WELL-02,2026-08-24T00:00,417.62,389.4,932.43,19.86,1981.73,90.54,67.5,1.23,50.64,0
WELL-02,2026-08-24T01:00,423.71,396.88,936.68,18.24,1976.55,91.67,70.2,1.1,51.11,0
WELL-02,2026-08-24T02:00,447.31,463.17,1035.45,19.69,2033.9,92.73,69.0,1.24,48.14,0
WELL-02,2026-08-24T03:00,415.12,392.52,945.57,18.35,1956.63,92.59,73.9,1.08,49.5,0
WELL-02,2026-08-24T04:00,419.71,417.02,993.6,18.81,2065.08,93.39,69.0,1.22,49.57,0
WELL-02,2026-08-24T05:00,443.87,431.15,971.34,19.32,2072.47,91.01,70.5,1.19,47.3,0
WELL-02,2026-08-24T06:00,418.2,410.65,981.96,18.47,2077.06,90.66,65.8,1.35,50.75,0
WELL-02,2026-08-24T07:00,439.87,435.24,989.48,19.13,2013.87,92.57,68.8,1.19,50.3,0
WELL-02,2026-08-24T08:00,416.62,405.28,972.79,18.38,2066.65,93.38,70.4,1.35,51.78,0
WELL-02,2026-08-24T09:00,445.7,412.7,925.96,20.01,2065.3,89.68,75.5,1.13,46.81,0
WELL-02,2026-08-24T10:00,423.98,394.52,930.51,19.98,1940.83,93.66,69.1,1.35,50.44,0
WELL-02,2026-08-24T11:00,414.57,399.66,964.03,19.42,1995.84,89.37,71.2,1.34,51.38,0
WELL-02,2026-08-24T12:00,419.69,404.05,962.74,18.44,2032.82,93.46,75.6,1.3,46.87,0
WELL-02,2026-08-24T13:00,420.3,388.18,923.57,19.78,2032.65,93.79,74.7,1.07,46.92,0
WELL-02,2026-08-24T14:00,421.24,404.33,959.85,19.08,2040.34,92.44,74.2,1.15,51.98,0
WELL-02,2026-08-24T15:00,414.26,391.74,945.63,19.29,2062.0,92.72,74.6,1.13,50.72,0
WELL-02,2026-08-24T16:00,418.36,391.44,935.64,18.83,1935.02,90.69,71.4,1.1,49.04,0
WELL-02,2026-08-24T17:00,425.39,420.15,987.68,19.45,1990.28,91.47,74.8,1.32,50.51,0
WELL-02,2026-08-24T18:00,438.23,412.71,941.76,18.81,1950.16,90.84,71.9,1.07,47.71,0
WELL-02,2026-08-24T19:00,440.89,439.43,996.68,19.81,2066.39,93.5,66.8,1.21,49.16,0
WELL-02,2026-08-24T20:00,420.76,392.12,931.92,19.99,1970.23,91.45,74.1,1.35,51.76,0
WELL-02,2026-08-24T21:00,411.77,411.33,998.93,18.32,2005.44,94.03,75.0,1.26,50.77,0
WELL-02,2026-08-24T22:00,416.7,407.11,976.99,18.96,2077.34,93.05,72.9,1.18,51.81,0
WELL-02,2026-08-24T23:00,420.27,413.2,983.17,19.52,1965.66,94.38,70.3,1.11,50.18,0
WELL-02,2026-08-25T00:00,420.21,432.73,1029.8,19.19,2045.83,93.92,69.9,1.24,52.17,0
WELL-02,2026-08-25T01:00,438.5,428.9,978.1,19.33,1948.28,91.71,67.2,1.14,49.98,0
WELL-02,2026-08-25T02:00,440.43,426.04,967.33,19.57,1999.56,91.47,66.6,1.12,52.28,0
WELL-02,2026-08-25T03:00,435.66,403.02,925.09,19.23,2078.88,89.31,65.4,1.3,49.36,0
WELL-02,2026-08-25T04:00,418.29,421.27,1007.13,19.1,1936.61,92.21,73.5,1.34,49.29,0
WELL-02,2026-08-25T05:00,425.36,414.65,974.83,19.06,1990.18,93.42,72.8,1.16,52.23,0
WELL-02,2026-08-25T06:00,415.68,418.34,1006.39,19.01,2091.31,91.87,65.3,1.08,48.87,0
WELL-02,2026-08-25T07:00,425.01,435.53,1024.76,18.45,1934.53,91.09,66.1,1.22,49.22,0
WELL-02,2026-08-25T08:00,428.87,400.68,934.27,19.35,2080.47,91.12,74.0,1.36,50.05,0
WELL-02,2026-08-25T09:00,425.44,402.77,946.71,18.61,1945.71,93.22,72.7,1.35,47.7,0
WELL-02,2026-08-25T10:00,434.02,419.58,966.72,20.11,2061.96,89.35,66.1,1.33,50.27,0
WELL-02,2026-08-25T11:00,431.2,396.94,920.54,18.53,2074.5,93.49,72.6,1.19,52.52,0
WELL-02,2026-08-25T12:00,443.27,436.67,985.11,19.19,2089.9,93.53,72.6,1.32,52.41,0
WELL-02,2026-08-25T13:00,419.57,406.36,968.5,18.53,2071.31,93.69,70.1,1.14,47.01,0
WELL-02,2026-08-25T14:00,444.67,411.0,924.28,19.33,2056.87,89.66,72.1,1.3,48.96,0
WELL-02,2026-08-25T15:00,429.95,438.97,1020.96,19.43,1941.31,89.46,74.2,1.2,50.74,0
WELL-02,2026-08-25T16:00,412.25,404.43,981.02,19.86,2001.59,91.97,65.9,1.28,48.07,0
WELL-02,2026-08-25T17:00,434.02,416.17,958.86,18.2,1991.11,94.44,64.8,1.16,49.03,0
WELL-02,2026-08-25T18:00,434.8,404.2,929.62,19.39,2023.39,93.32,65.7,1.1,51.24,0
WELL-02,2026-08-25T19:00,446.53,418.72,937.71,18.48,2023.47,91.76,71.3,1.2,50.25,0
WELL-02,2026-08-25T20:00,409.83,420.81,1026.8,19.17,1947.96,91.97,73.7,1.14,52.19,0
WELL-02,2026-08-25T21:00,414.8,387.01,933.0,18.68,1980.23,93.29,70.2,1.33,52.15,0
WELL-02,2026-08-25T22:00,448.96,453.14,1009.31,19.46,2005.82,93.22,65.9,1.23,47.65,0
WELL-02,2026-08-25T23:00,449.01,450.41,1003.11,19.24,2068.75,90.3,70.0,1.12,51.62,0
WELL-02,2026-08-26T00:00,414.04,420.02,1014.46,18.59,2053.18,91.92,73.9,1.23,50.67,0
WELL-02,2026-08-26T01:00,426.93,408.63,957.15,19.56,1960.87,91.63,64.6,1.3,47.03,0
WELL-02,2026-08-26T02:00,438.98,426.02,970.48,19.6,1980.1,91.87,75.6,1.27,50.49,0
WELL-02,2026-08-26T03:00,414.91,421.87,1016.77,19.14,2024.04,90.89,69.5,1.18,49.22,0
WELL-02,2026-08-26T04:00,433.81,430.18,991.64,18.4,2057.27,89.9,66.5,1.13,49.08,0
WELL-02,2026-08-26T05:00,443.5,430.97,971.76,19.94,2024.39,91.48,74.3,1.17,50.96,0
WELL-02,2026-08-26T06:00,430.59,395.63,918.81,18.69,1996.9,94.47,65.6,1.2,47.64,0
WELL-02,2026-08-26T07:00,445.1,432.91,972.61,18.59,1982.42,91.41,68.9,1.22,47.9,0
WELL-02,2026-08-26T08:00,432.48,397.35,918.77,18.78,2082.51,89.75,66.5,1.14,47.01,0
WELL-02,2026-08-26T09:00,421.98,402.82,954.58,19.92,2047.88,92.71,71.2,1.13,46.96,0
WELL-02,2026-08-26T10:00,421.6,433.72,1028.73,19.02,2051.8,94.05,69.0,1.07,47.04,0
WELL-02,2026-08-26T11:00,438.29,449.85,1026.38,19.42,2086.25,92.43,69.6,1.3,48.14,0
WELL-02,2026-08-26T12:00,436.05,432.75,992.42,18.54,1986.55,90.5,66.3,1.28,49.72,0
WELL-02,2026-08-26T13:00,411.72,395.02,959.43,19.12,2009.5,90.59,75.4,1.24,51.7,0
WELL-02,2026-08-26T14:00,439.68,420.18,955.65,18.48,2063.36,94.54,69.6,1.2,48.46,0
WELL-02,2026-08-26T15:00,411.99,420.01,1019.48,19.51,1973.23,90.04,70.0,1.2,52.41,0
WELL-02,2026-08-26T16:00,427.28,395.43,925.45,19.81,2014.23,92.14,68.7,1.11,47.0,0
WELL-02,2026-08-26T17:00,432.5,435.4,1006.7,20.06,2062.13,93.66,68.9,1.1,49.22,0
WELL-02,2026-08-26T18:00,435.03,410.54,943.71,20.02,2025.9,89.2,72.8,1.22,48.37,0
WELL-02,2026-08-26T19:00,414.36,417.12,1006.67,18.9,1989.71,92.73,67.5,1.18,49.24,0
WELL-02,2026-08-26T20:00,444.6,412.0,926.68,19.61,1976.74,92.79,73.7,1.33,48.79,0
WELL-02,2026-08-26T21:00,423.41,430.59,1016.96,19.64,1932.95,91.84,66.9,1.31,47.45,0
WELL-02,2026-08-26T22:00,409.9,414.83,1012.03,18.65,1986.09,93.03,68.4,1.1,50.48,0
WELL-02,2026-08-26T23:00,430.57,405.09,940.82,19.19,2085.75,89.59,73.0,1.1,51.06,0
WELL-02,2026-08-27T00:00,425.03,402.68,947.42,19.16,2050.27,91.86,69.6,1.15,47.12,0
WELL-02,2026-08-27T01:00,436.44,402.6,922.46,19.96,2025.85,93.88,68.0,1.28,48.03,0
WELL-02,2026-08-27T02:00,423.22,421.84,996.73,18.71,1937.67,91.04,68.6,1.19,52.37,0
WELL-02,2026-08-27T03:00,413.73,413.54,999.53,19.77,2036.88,93.35,66.6,1.08,49.55,0
WELL-02,2026-08-27T04:00,437.92,419.64,958.24,19.74,2084.61,92.86,67.7,1.26,48.57,0
WELL-02,2026-08-27T05:00,437.54,407.4,931.1,19.09,2085.26,90.37,71.9,1.13,50.01,0
WELL-02,2026-08-27T06:00,416.2,430.46,1034.24,18.38,2085.6,91.2,71.5,1.23,48.8,0
WELL-02,2026-08-27T07:00,444.31,453.07,1019.71,18.67,2078.77,90.5,68.8,1.13,51.58,0
WELL-02,2026-08-27T08:00,440.97,445.74,1010.81,19.99,2044.96,90.02,68.3,1.27,51.03,0
WELL-02,2026-08-27T09:00,429.4,436.56,1016.67,18.41,2065.55,94.35,65.6,1.32,51.6,0
WELL-02,2026-08-27T10:00,411.22,405.03,984.96,18.33,2054.57,91.07,65.1,1.14,48.77,0
WELL-02,2026-08-27T11:00,415.73,424.87,1021.98,19.44,2087.36,89.18,74.2,1.19,49.77,0
WELL-02,2026-08-27T12:00,423.0,412.29,974.7,19.93,1968.71,92.26,74.5,1.28,51.14,0
WELL-02,2026-08-27T13:00,418.08,419.92,1004.4,19.23,2066.07,92.85,65.2,1.35,48.87,0
WELL-02,2026-08-27T14:00,444.78,452.15,1016.58,19.36,1986.35,92.29,64.5,1.22,50.32,0
WELL-02,2026-08-27T15:00,449.88,462.98,1029.11,19.1,2035.52,91.81,73.4,1.2,52.14,0
WELL-02,2026-08-27T16:00,431.77,397.08,919.66,19.73,2061.35,91.29,64.8,1.13,48.07,0
WELL-02,2026-08-27T17:00,441.51,416.96,944.39,18.25,2071.49,91.45,70.5,1.34,48.17,0
WELL-02,2026-08-27T18:00,445.02,423.02,950.58,18.89,1987.36,91.69,69.6,1.11,49.46,0
WELL-02,2026-08-27T19:00,410.78,412.38,1003.9,19.48,2048.71,92.92,75.1,1.31,52.38,0
WELL-02,2026-08-27T20:00,446.66,423.73,948.66,19.67,2083.6,92.29,74.0,1.12,50.73,0
WELL-02,2026-08-27T21:00,443.86,433.9,977.57,19.11,2028.39,90.84,67.7,1.3,49.67,0
WELL-02,2026-08-27T22:00,438.81,417.19,950.72,18.83,2066.25,90.13,70.4,1.35,48.74,0
WELL-02,2026-08-27T23:00,425.74,428.89,1007.42,19.9,1988.74,89.69,73.1,1.21,51.17,0
WELL-02,2026-08-28T00:00,416.11,387.34,930.85,19.4,1977.4,89.17,71.4,1.14,47.31,0
WELL-02,2026-08-28T01:00,424.22,413.9,975.67,20.0,1992.92,93.16,69.7,1.3,48.94,0
WELL-02,2026-08-28T02:00,412.53,388.1,940.79,18.41,1936.34,92.65,69.2,1.27,49.71,0
WELL-02,2026-08-28T03:00,416.98,401.45,962.76,18.21,1939.16,91.42,75.0,1.25,46.86,0
WELL-02,2026-08-28T04:00,440.37,448.3,1018.0,19.18,2039.46,90.97,68.0,1.1,47.47,0
WELL-02,2026-08-28T05:00,452.06,435.48,963.33,19.69,2070.87,91.16,64.6,1.18,51.62,0
WELL-02,2026-08-28T06:00,451.02,433.69,961.58,18.44,2005.12,93.23,72.8,1.25,51.59,0
WELL-02,2026-08-28T07:00,411.83,399.14,969.19,19.51,1991.37,92.76,67.0,1.33,48.89,0
WELL-02,2026-08-28T08:00,450.37,443.07,983.79,18.46,2069.93,94.02,73.0,1.28,49.49,0
WELL-02,2026-08-28T09:00,434.07,442.54,1019.52,18.73,1966.93,89.21,66.9,1.17,48.92,0
WELL-02,2026-08-28T10:00,449.61,447.53,995.38,19.13,2081.8,90.37,65.2,1.32,51.33,0
WELL-02,2026-08-28T11:00,433.54,407.19,939.22,19.23,2068.47,92.17,65.4,1.08,51.54,0
WELL-02,2026-08-28T12:00,452.04,430.99,953.43,18.94,2077.47,93.64,75.2,1.25,48.54,0
WELL-02,2026-08-28T13:00,448.11,460.22,1027.04,18.9,1957.68,93.32,73.4,1.08,49.25,0
WELL-02,2026-08-28T14:00,415.69,427.98,1029.57,19.65,2089.88,89.36,65.5,1.26,50.71,0
WELL-02,2026-08-28T15:00,433.41,402.1,927.76,19.09,1988.78,91.41,66.1,1.29,47.73,0
WELL-02,2026-08-28T16:00,448.43,451.17,1006.12,19.95,1934.01,94.24,75.3,1.13,50.6,0
WELL-02,2026-08-28T17:00,433.48,413.14,953.09,18.58,2027.66,90.81,75.2,1.32,47.34,0
WELL-02,2026-08-28T18:00,421.65,419.61,995.17,19.62,2029.82,92.5,73.8,1.18,52.49,0
WELL-02,2026-08-28T19:00,427.69,416.9,974.76,18.34,1999.79,90.17,73.8,1.34,50.3,0
WELL-02,2026-08-28T20:00,428.25,428.1,999.64,20.04,1983.49,90.73,64.7,1.15,51.31,0
WELL-02,2026-08-28T21:00,432.91,414.0,956.31,19.81,1950.39,92.21,70.9,1.13,52.33,0
WELL-02,2026-08-28T22:00,444.4,459.48,1033.94,18.97,2074.61,92.42,73.3,1.35,51.49,0
WELL-02,2026-08-28T23:00,413.3,404.12,977.79,18.99,1996.97,93.97,71.6,1.19,51.03,0
WELL-02,2026-08-29T00:00,444.68,422.9,951.02,19.51,1935.8,89.93,71.4,1.12,46.68,0
WELL-02,2026-08-29T01:00,420.03,396.27,943.45,18.96,1983.65,92.23,64.8,1.08,48.72,0
WELL-02,2026-08-29T02:00,436.33,446.99,1024.43,19.97,2001.69,94.03,67.8,1.13,47.84,0
WELL-02,2026-08-29T03:00,446.71,421.22,942.93,20.06,1932.26,89.77,68.0,1.28,47.39,0
WELL-02,2026-08-29T04:00,428.82,411.48,959.56,19.97,2013.12,91.81,70.5,1.18,48.07,0
WELL-02,2026-08-29T05:00,429.5,435.28,1013.45,18.39,1942.18,93.55,71.1,1.23,49.09,0
WELL-02,2026-08-29T06:00,434.24,438.4,1009.59,19.24,1984.43,94.3,73.2,1.29,51.99,0
WELL-02,2026-08-29T07:00,427.38,404.83,947.25,18.89,2075.25,93.17,67.8,1.11,50.97,0
WELL-02,2026-08-29T08:00,451.53,433.2,959.42,19.36,2063.37,92.3,69.5,1.35,50.9,0
WELL-02,2026-08-29T09:00,443.96,430.85,970.47,19.26,2019.52,93.74,73.8,1.22,49.94,0
WELL-02,2026-08-29T10:00,413.68,386.75,934.89,19.67,2000.91,93.72,67.9,1.25,48.69,0
WELL-02,2026-08-29T11:00,419.33,421.26,1004.6,19.99,2062.27,93.72,69.4,1.09,51.01,0
WELL-02,2026-08-29T12:00,423.33,406.83,961.03,20.08,2086.33,92.08,75.3,1.19,47.09,0
WELL-02,2026-08-29T13:00,414.56,389.21,938.85,19.24,1991.96,94.58,65.2,1.32,49.73,0
WELL-02,2026-08-29T14:00,412.77,392.39,950.62,19.03,1939.97,89.67,64.6,1.15,51.15,0
WELL-02,2026-08-29T15:00,450.69,455.39,1010.44,18.66,2023.1,92.2,69.4,1.07,49.57,0
WELL-02,2026-08-29T16:00,418.57,408.61,976.19,20.05,2065.34,94.65,65.0,1.07,51.67,0
WELL-02,2026-08-29T17:00,418.66,425.21,1015.64,18.73,1934.76,94.11,67.2,1.12,47.41,0
WELL-02,2026-08-29T18:00,432.25,411.68,952.4,18.34,2029.63,90.27,72.3,1.15,50.47,0
WELL-02,2026-08-29T19:00,437.02,452.34,1035.06,19.38,2065.13,92.17,68.8,1.09,49.53,0
WELL-02,2026-08-29T20:00,432.91,447.45,1033.59,20.06,1969.38,93.01,74.0,1.17,48.93,0
WELL-02,2026-08-29T21:00,423.32,411.76,972.69,18.63,2037.61,92.16,65.1,1.35,51.97,0
WELL-02,2026-08-29T22:00,439.62,406.36,924.35,18.53,2045.85,92.84,75.4,1.15,48.85,0
WELL-02,2026-08-29T23:00,419.56,410.4,978.17,18.7,2049.54,90.61,67.9,1.08,48.57,0
WELL-02,2026-08-30T00:00,415.64,404.41,972.97,18.42,2057.68,91.24,69.6,1.08,46.7,0
WELL-02,2026-08-30T01:00,429.28,407.95,950.32,18.54,1989.3,90.24,72.8,1.08,48.05,0
WELL-02,2026-08-30T02:00,419.73,404.05,962.65,19.41,2055.8,90.75,68.0,1.36,51.87,0
WELL-02,2026-08-30T03:00,420.58,418.76,995.68,19.41,1990.27,92.36,68.1,1.25,51.28,0
WELL-02,2026-08-30T04:00,418.73,404.54,966.12,19.8,2090.97,90.13,66.4,1.32,49.59,0
WELL-02,2026-08-30T05:00,416.15,421.09,1011.88,18.93,1988.56,90.61,70.1,1.35,48.8,0
WELL-02,2026-08-30T06:00,440.91,405.29,919.22,18.79,2068.88,90.61,73.7,1.31,46.87,0
WELL-02,2026-08-30T07:00,446.53,414.67,928.66,19.76,2073.06,89.59,75.3,1.21,48.64,0
WELL-02,2026-08-30T08:00,431.26,410.65,952.21,18.42,2089.19,90.88,67.2,1.13,47.93,0
WELL-02,2026-08-30T09:00,437.23,429.74,982.89,19.33,1980.34,90.69,75.1,1.07,49.39,0
WELL-02,2026-08-30T10:00,434.78,437.74,1006.81,19.77,1942.83,90.55,64.6,1.07,48.64,0
WELL-02,2026-08-30T11:00,427.3,436.35,1021.17,19.72,1961.85,90.16,65.5,1.33,52.44,0
WELL-02,2026-08-30T12:00,432.83,403.93,933.22,19.33,2038.89,93.24,74.2,1.12,52.55,0
WELL-02,2026-08-30T13:00,424.23,418.82,987.24,18.31,1993.58,94.37,68.3,1.33,49.82,0
WELL-02,2026-08-30T14:00,439.59,439.31,999.37,18.37,1954.58,91.9,70.7,1.16,51.25,0
WELL-02,2026-08-30T15:00,448.41,460.6,1027.17,19.42,1949.5,91.09,74.2,1.3,47.44,0
WELL-02,2026-08-30T16:00,426.06,430.05,1009.38,19.29,2048.22,91.07,74.1,1.23,51.15,0
WELL-02,2026-08-30T17:00,438.05,403.94,922.13,18.85,2019.8,90.37,70.1,1.34,50.73,0
WELL-02,2026-08-30T18:00,450.51,466.29,1035.02,19.99,2048.81,89.91,72.4,1.25,49.89,0
WELL-02,2026-08-30T19:00,447.12,443.59,992.11,19.46,1946.14,89.23,75.3,1.35,51.05,0
WELL-02,2026-08-30T20:00,438.64,450.05,1026.02,19.52,2029.2,89.78,74.4,1.09,47.01,0
WELL-02,2026-08-30T21:00,421.27,426.67,1012.8,19.62,2062.33,92.67,68.9,1.23,51.07,0
WELL-02,2026-08-30T22:00,418.18,409.77,979.89,19.03,2001.47,93.23,72.0,1.14,47.46,0
WELL-02,2026-08-30T23:00,425.43,412.55,969.73,19.18,2071.53,94.45,71.8,1.21,50.52,0
WELL-02,2026-08-31T00:00,413.78,409.16,988.83,18.52,1936.13,93.97,75.6,1.2,52.17,0
WELL-02,2026-08-31T01:00,415.74,402.3,967.67,18.41,2088.97,89.17,75.5,1.16,51.68,0
WELL-02,2026-08-31T02:00,432.31,424.03,980.85,19.82,2006.87,93.42,71.6,1.27,47.09,0
WELL-02,2026-08-31T03:00,438.38,424.61,968.6,19.11,2028.22,91.16,70.4,1.27,50.81,0
WELL-02,2026-08-31T04:00,426.91,420.92,985.96,19.07,1994.69,89.29,68.7,1.21,48.18,0
WELL-02,2026-08-31T05:00,423.28,413.25,976.31,19.14,2075.51,93.02,74.5,1.26,51.76,0
WELL-02,2026-08-31T06:00,414.57,416.31,1004.2,19.74,1955.65,91.41,67.8,1.27,51.13,0
WELL-02,2026-08-31T07:00,410.87,380.01,924.9,19.91,1996.89,93.43,64.9,1.17,49.6,0
WELL-02,2026-08-31T08:00,446.89,444.81,995.35,20.03,2026.8,90.05,65.5,1.32,49.36,0
WELL-02,2026-08-31T09:00,435.79,416.68,956.15,18.25,1970.78,92.19,74.0,1.26,49.04,0
WELL-02,2026-08-31T10:00,440.49,451.78,1025.64,18.6,1982.3,94.06,74.4,1.18,50.34,0
WELL-02,2026-08-31T11:00,414.63,421.32,1016.12,19.75,1991.09,92.62,72.4,1.13,50.4,0
WELL-02,2026-08-31T12:00,444.3,436.46,982.37,19.63,1978.3,92.07,65.9,1.07,50.19,0
WELL-02,2026-08-31T13:00,450.65,461.74,1024.61,19.2,2021.95,93.38,72.8,1.23,51.14,0
WELL-02,2026-08-31T14:00,418.09,432.56,1034.62,19.61,1940.27,93.92,64.8,1.21,52.34,0
WELL-02,2026-08-31T15:00,412.19,391.52,949.85,18.54,2089.72,91.03,74.1,1.12,47.16,0
WELL-02,2026-08-31T16:00,448.43,455.91,1016.67,18.93,2075.0,90.85,75.4,1.21,49.21,0
WELL-02,2026-08-31T17:00,440.01,420.13,954.81,19.29,2051.37,90.44,65.2,1.08,47.95,0
WELL-02,2026-08-31T18:00,448.78,440.7,981.99,19.7,1931.85,93.82,69.8,1.34,48.51,0
WELL-02,2026-08-31T19:00,420.11,393.53,936.73,18.51,2054.23,89.88,72.2,1.25,50.58,0
WELL-02,2026-08-31T20:00,420.4,430.71,1024.52,19.92,2000.98,90.54,65.3,1.23,47.12,0
WELL-02,2026-08-31T21:00,450.59,447.38,992.88,18.75,1992.31,94.16,69.5,1.07,47.74,0
WELL-02,2026-08-31T22:00,452.16,417.86,924.14,19.93,1958.87,91.84,65.0,1.16,50.34,0
WELL-02,2026-08-31T23:00,417.38,404.83,969.92,18.21,2079.87,90.45,69.7,1.12,47.93,0
WELL-02,2026-09-01T00:00,423.41,421.35,995.14,18.84,2044.6,89.96,73.5,1.23,46.7,0
WELL-02,2026-09-01T01:00,432.16,407.81,943.66,18.46,2060.53,92.52,65.7,1.32,48.95,0
WELL-02,2026-09-01T02:00,422.15,398.86,944.83,20.06,2087.67,91.96,69.0,1.13,47.17,0
WELL-02,2026-09-01T03:00,450.96,424.87,942.14,19.95,2014.07,89.49,69.4,1.34,47.31,0
WELL-02,2026-09-01T04:00,449.92,416.85,926.5,19.74,2068.04,92.22,73.2,1.12,49.86,0
WELL-02,2026-09-01T05:00,446.31,451.25,1011.06,19.95,1978.32,90.76,67.5,1.29,47.26,0
WELL-02,2026-09-01T06:00,423.36,434.91,1027.28,19.23,1934.35,93.68,69.5,1.08,52.37,0
WELL-02,2026-09-01T07:00,428.63,431.41,1006.5,19.25,2023.6,91.82,67.3,1.24,51.2,0
WELL-02,2026-09-01T08:00,432.2,446.52,1033.13,18.49,2051.01,89.76,72.2,1.25,51.27,0
WELL-02,2026-09-01T09:00,435.97,431.66,990.11,20.06,1947.65,94.3,72.8,1.25,48.26,0
WELL-02,2026-09-01T10:00,434.63,425.75,979.59,19.33,1950.99,90.32,69.3,1.26,47.92,0
WELL-02,2026-09-01T11:00,413.0,419.19,1014.99,18.39,2000.22,89.48,71.0,1.18,50.9,0
WELL-02,2026-09-01T12:00,430.15,410.22,953.68,19.47,1985.6,94.63,73.2,1.1,50.43,0
WELL-02,2026-09-01T13:00,432.92,420.65,971.64,19.05,1952.91,90.86,73.6,1.28,48.49,0
WELL-02,2026-09-01T14:00,416.14,402.03,966.1,19.74,2031.21,91.9,71.8,1.16,52.46,0
WELL-02,2026-09-01T15:00,438.0,445.62,1017.4,18.71,1944.6,90.32,71.1,1.3,49.31,0
WELL-02,2026-09-01T16:00,425.77,437.16,1026.75,19.43,2013.86,91.95,73.8,1.25,49.96,0
WELL-02,2026-09-01T17:00,441.31,420.46,952.75,18.38,1938.03,92.76,75.3,1.28,49.11,0
WELL-02,2026-09-01T18:00,421.41,397.77,943.91,19.94,1994.07,90.31,68.6,1.33,49.52,0
WELL-02,2026-09-01T19:00,420.39,414.97,987.11,18.2,2058.9,92.09,70.3,1.29,50.16,0
WELL-02,2026-09-01T20:00,441.02,456.32,1034.7,18.62,1964.76,90.34,75.1,1.28,50.87,0
WELL-02,2026-09-01T21:00,414.39,428.93,1035.08,19.23,2074.81,91.88,70.2,1.09,50.48,0
WELL-02,2026-09-01T22:00,415.5,426.54,1026.57,18.69,2075.74,92.45,74.9,1.11,52.19,0
WELL-02,2026-09-01T23:00,434.16,435.74,1003.63,19.85,1986.35,90.1,73.2,1.27,48.26,0
WELL-02,2026-09-02T00:00,413.47,418.36,1011.82,18.75,2079.17,94.61,65.1,1.31,49.2,0
WELL-02,2026-09-02T01:00,434.6,423.07,973.46,18.78,2077.62,89.16,66.1,1.33,47.46,0
WELL-02,2026-09-02T02:00,410.95,411.29,1000.83,18.65,2041.54,94.58,71.2,1.21,49.65,0
WELL-02,2026-09-02T03:00,428.51,397.91,928.59,18.5,1937.89,94.1,65.3,1.26,47.94,0
WELL-02,2026-09-02T04:00,449.59,418.19,930.16,18.87,2077.34,89.31,67.0,1.09,49.88,0
WELL-02,2026-09-02T05:00,413.32,414.15,1002.01,18.65,2082.84,94.19,74.8,1.08,51.47,0
WELL-02,2026-09-02T06:00,438.96,428.99,977.28,19.85,1936.4,92.68,71.0,1.31,51.66,0
WELL-02,2026-09-02T07:00,443.33,427.96,965.32,19.48,2017.78,93.78,74.8,1.2,49.71,0
WELL-02,2026-09-02T08:00,443.75,434.45,979.05,18.91,1952.39,91.19,73.8,1.1,47.96,0
WELL-02,2026-09-02T09:00,449.19,456.33,1015.91,19.18,1989.29,90.19,73.7,1.29,49.46,0
WELL-02,2026-09-02T10:00,431.32,422.03,978.46,19.11,2068.6,89.39,64.9,1.12,48.63,0
WELL-02,2026-09-02T11:00,437.06,427.56,978.27,18.93,2021.44,89.96,71.1,1.25,48.36,0
WELL-02,2026-09-02T12:00,430.03,445.04,1034.9,18.52,1942.18,94.43,67.6,1.34,52.19,0
WELL-02,2026-09-02T13:00,413.47,408.54,988.07,19.75,2021.53,94.4,66.3,1.09,49.09,0
WELL-02,2026-09-02T14:00,444.18,433.46,975.86,18.4,1973.94,92.42,68.7,1.13,49.13,0
WELL-02,2026-09-02T15:00,422.82,432.08,1021.88,19.58,2034.08,91.16,68.1,1.21,52.27,0
WELL-02,2026-09-02T16:00,417.02,416.94,999.82,19.48,1936.17,94.12,65.2,1.25,48.99,0
WELL-02,2026-09-02T17:00,427.32,417.35,976.67,18.52,1944.51,89.36,70.7,1.18,48.16,0
WELL-02,2026-09-02T18:00,423.42,408.89,965.69,19.91,1932.77,90.31,73.4,1.22,52.02,0
WELL-02,2026-09-02T19:00,445.12,423.45,951.31,19.79,2076.26,89.6,67.8,1.27,51.9,0
WELL-02,2026-09-02T20:00,436.33,441.2,1011.16,19.38,1939.47,90.56,65.9,1.17,48.46,0
WELL-02,2026-09-02T21:00,414.51,403.62,973.75,19.01,2066.62,89.29,74.5,1.29,49.74,0
WELL-02,2026-09-02T22:00,418.75,430.65,1028.4,18.31,1995.76,93.8,74.0,1.17,48.9,0
WELL-02,2026-09-02T23:00,446.65,440.04,985.2,19.03,2091.64,91.09,70.2,1.27,49.69,0
WELL-02,2026-09-03T00:00,433.35,431.27,995.19,20.1,2081.72,90.42,69.0,1.15,48.23,0
WELL-02,2026-09-03T01:00,439.86,437.06,993.65,19.84,2077.84,90.21,73.4,1.27,50.39,0
WELL-02,2026-09-03T02:00,415.29,409.24,985.45,19.28,1940.62,90.87,73.6,1.29,47.98,0
WELL-02,2026-09-03T03:00,428.3,422.35,986.1,19.91,1962.27,92.39,73.9,1.31,46.97,0
WELL-02,2026-09-03T04:00,437.4,448.43,1025.22,19.21,1969.68,91.09,71.6,1.09,50.43,0
WELL-02,2026-09-03T05:00,447.15,430.85,963.56,18.37,1954.24,91.4,66.5,1.17,50.93,0
WELL-02,2026-09-03T06:00,452.45,448.98,992.33,19.67,2045.55,93.48,67.3,1.17,51.68,0
WELL-02,2026-09-03T07:00,412.75,406.24,984.24,18.52,2033.85,93.4,67.0,1.17,47.0,0
WELL-02,2026-09-03T08:00,444.24,444.89,1001.47,19.55,2036.15,90.25,67.7,1.11,51.68,0
WELL-02,2026-09-03T09:00,416.82,394.53,946.53,18.38,1983.14,92.49,68.0,1.21,51.78,0
WELL-02,2026-09-03T10:00,447.31,416.87,931.95,19.88,2039.53,93.46,65.2,1.3,50.95,0
WELL-02,2026-09-03T11:00,418.29,407.83,974.99,19.64,2080.8,93.35,67.4,1.12,48.33,0
WELL-02,2026-09-03T12:00,433.2,408.04,941.91,18.36,2071.22,91.22,69.1,1.33,50.66,0
WELL-02,2026-09-03T13:00,414.14,396.82,958.19,20.04,1932.21,89.77,73.5,1.11,47.94,0
WELL-02,2026-09-03T14:00,451.07,419.23,929.41,19.68,1995.59,94.04,72.6,1.24,48.18,0
WELL-02,2026-09-03T15:00,422.5,436.64,1033.45,18.45,1999.42,93.95,70.4,1.28,47.1,0
WELL-02,2026-09-03T16:00,441.12,418.78,949.34,18.63,1981.64,93.86,72.0,1.1,52.51,0
WELL-02,2026-09-03T17:00,417.02,416.36,998.39,19.78,1943.65,91.35,69.6,1.34,48.68,0
WELL-02,2026-09-03T18:00,443.9,452.87,1020.21,18.33,1993.52,93.73,74.9,1.25,49.79,0
WELL-02,2026-09-03T19:00,431.11,433.0,1004.38,18.29,2090.93,91.42,75.2,1.29,48.79,0
WELL-02,2026-09-03T20:00,443.35,433.14,976.98,18.94,1937.56,93.38,73.3,1.35,49.53,0
WELL-02,2026-09-03T21:00,436.35,430.31,986.16,18.55,2025.2,90.92,69.0,1.15,51.23,0
WELL-02,2026-09-03T22:00,425.89,433.55,1017.97,19.34,2067.02,92.34,65.7,1.18,47.46,0
WELL-02,2026-09-03T23:00,438.74,416.01,948.19,18.61,1994.82,92.11,66.7,1.33,49.9,0
WELL-02,2026-09-04T00:00,422.34,391.52,927.03,18.8,2024.32,92.46,69.1,1.29,47.86,0
WELL-02,2026-09-04T01:00,452.52,434.46,960.09,19.19,2082.18,90.83,73.7,1.35,48.74,0
WELL-02,2026-09-04T02:00,436.63,450.05,1030.75,18.78,2076.39,94.65,68.7,1.07,50.61,0
WELL-02,2026-09-04T03:00,419.62,427.18,1018.03,19.42,1933.65,93.75,64.6,1.17,48.58,0
WELL-02,2026-09-04T04:00,426.22,404.87,949.92,19.71,2084.44,92.4,72.4,1.25,48.25,0
WELL-02,2026-09-04T05:00,422.63,415.99,984.29,18.56,1971.16,92.43,69.9,1.15,48.27,0
WELL-02,2026-09-04T06:00,446.4,462.05,1035.06,19.88,2028.49,94.35,68.8,1.27,51.13,0
WELL-02,2026-09-04T07:00,428.99,443.52,1033.87,19.35,2056.68,92.49,65.1,1.27,51.17,0
WELL-02,2026-09-04T08:00,429.29,402.68,938.02,18.96,1974.83,90.06,72.2,1.34,49.23,0
WELL-02,2026-09-04T09:00,416.01,400.31,962.25,18.41,1994.42,89.53,73.9,1.28,48.31,0
WELL-02,2026-09-04T10:00,430.45,418.34,971.87,20.09,1972.04,91.96,69.3,1.29,51.75,0
WELL-02,2026-09-04T11:00,441.22,450.79,1021.7,18.85,1968.0,94.38,66.8,1.17,48.89,0
WELL-02,2026-09-04T12:00,428.6,406.13,947.58,18.98,1936.16,92.47,67.1,1.3,49.88,0
WELL-02,2026-09-04T13:00,448.62,422.13,940.96,18.72,2053.5,93.75,66.8,1.12,48.17,0
WELL-02,2026-09-04T14:00,423.83,421.66,994.88,19.32,2027.0,94.24,70.9,1.21,50.63,0
WELL-02,2026-09-04T15:00,440.92,408.6,926.7,19.37,2036.16,93.05,64.6,1.18,48.76,0
WELL-02,2026-09-04T16:00,451.92,452.4,1001.06,18.88,2085.83,94.4,71.3,1.21,51.45,0
WELL-02,2026-09-04T17:00,434.64,403.66,928.73,19.15,1956.74,93.91,72.6,1.29,51.13,0
WELL-02,2026-09-04T18:00,430.63,435.97,1012.41,18.3,1980.23,92.99,73.2,1.22,52.19,0
WELL-02,2026-09-04T19:00,412.65,403.18,977.05,19.72,2074.06,91.85,65.4,1.11,47.34,0
WELL-02,2026-09-04T20:00,449.86,432.11,960.55,20.0,2052.27,91.0,73.4,1.2,52.54,0
WELL-02,2026-09-04T21:00,431.99,429.53,994.31,19.26,2035.79,89.22,65.6,1.16,47.19,0
WELL-02,2026-09-04T22:00,440.65,411.24,933.26,19.49,2052.68,92.46,70.8,1.08,47.34,0
WELL-02,2026-09-04T23:00,437.72,441.28,1008.14,19.33,1979.38,94.34,73.1,1.25,50.3,0
WELL-02,2026-09-05T00:00,413.02,394.26,954.59,19.11,1950.06,91.96,70.2,1.17,52.1,0
WELL-02,2026-09-05T01:00,440.09,424.94,965.56,20.1,1991.82,90.06,72.5,1.14,47.74,0
WELL-02,2026-09-05T02:00,431.09,407.07,944.27,18.47,2055.93,92.11,72.5,1.13,51.42,0
WELL-02,2026-09-05T03:00,432.14,441.59,1021.85,19.41,2047.08,90.31,73.4,1.31,48.74,0
WELL-02,2026-09-05T04:00,447.54,426.46,952.89,18.34,1944.75,94.04,65.1,1.21,47.22,0
WELL-02,2026-09-05T05:00,419.88,400.97,954.96,19.23,1972.18,92.53,73.6,1.17,51.94,0
WELL-02,2026-09-05T06:00,448.58,431.43,961.77,18.63,1948.32,91.51,73.2,1.17,49.81,0
WELL-02,2026-09-05T07:00,445.47,437.72,982.62,19.03,2050.15,89.49,73.9,1.28,49.28,0
WELL-02,2026-09-05T08:00,447.63,411.12,918.44,18.68,1986.1,92.0,75.3,1.08,48.2,0
WELL-02,2026-09-05T09:00,421.88,389.48,923.19,19.03,2051.5,94.27,65.4,1.19,49.4,0
WELL-02,2026-09-05T10:00,416.14,413.64,994.0,19.75,1942.78,91.71,71.1,1.2,48.17,0
WELL-02,2026-09-05T11:00,412.54,392.05,950.35,18.77,1946.4,89.17,68.4,1.36,48.52,0
WELL-02,2026-09-05T12:00,438.08,418.89,956.19,18.28,1951.77,91.41,66.6,1.14,51.03,0
WELL-02,2026-09-05T13:00,437.24,434.88,994.6,18.46,1976.48,90.47,65.8,1.25,51.06,0
WELL-02,2026-09-05T14:00,445.53,456.6,1024.83,18.83,2074.32,90.28,70.5,1.2,50.85,0
WELL-02,2026-09-05T15:00,439.71,439.47,999.46,18.79,1988.54,90.8,67.5,1.08,46.76,0
WELL-02,2026-09-05T16:00,430.62,427.09,991.8,19.82,1951.9,91.47,68.4,1.13,47.78,0
WELL-02,2026-09-05T17:00,437.58,434.7,993.42,19.79,1944.19,94.62,66.4,1.1,47.6,0
WELL-02,2026-09-05T18:00,431.55,426.48,988.26,19.86,2089.78,89.87,65.4,1.35,47.06,0
WELL-02,2026-09-05T19:00,441.38,437.72,991.71,19.75,2057.92,94.31,65.4,1.08,49.83,0
WELL-02,2026-09-05T20:00,425.29,407.7,958.63,19.65,2017.21,94.07,72.1,1.11,49.75,0
WELL-02,2026-09-05T21:00,431.46,417.03,966.54,19.17,1960.96,90.51,73.0,1.28,51.91,0
WELL-02,2026-09-05T22:00,414.79,419.61,1011.62,19.59,2014.93,90.49,66.4,1.24,49.26,0
WELL-02,2026-09-05T23:00,416.98,409.87,982.95,19.58,1972.42,91.88,67.1,1.26,48.97,0
WELL-02,2026-09-06T00:00,442.37,427.05,965.35,19.31,2002.55,94.3,74.1,1.12,51.87,0
WELL-02,2026-09-06T01:00,440.94,452.48,1026.17,20.02,2012.17,89.97,73.6,1.12,47.14,0
WELL-02,2026-09-06T02:00,414.92,406.38,979.41,20.1,2002.73,91.52,68.9,1.2,49.93,0
WELL-02,2026-09-06T03:00,433.5,415.33,958.09,19.67,1949.14,90.73,70.7,1.22,51.87,0
WELL-02,2026-09-06T04:00,413.03,416.91,1009.39,18.79,2018.04,91.93,70.4,1.08,51.63,0
WELL-02,2026-09-06T05:00,446.54,455.21,1019.42,19.02,2062.51,93.89,70.9,1.34,52.38,0
WELL-02,2026-09-06T06:00,432.55,407.95,943.12,18.58,2026.05,92.87,74.0,1.17,49.1,0
WELL-02,2026-09-06T07:00,444.32,421.59,948.85,19.04,1994.41,94.51,66.0,1.25,46.75,0
WELL-02,2026-09-06T08:00,445.54,423.67,950.91,18.49,1997.53,93.02,69.7,1.36,48.0,0
WELL-02,2026-09-06T09:00,417.37,384.8,921.98,18.97,1983.79,94.02,73.9,1.09,52.45,0
WELL-02,2026-09-06T10:00,415.24,398.87,960.58,19.49,1940.2,91.15,65.1,1.13,49.79,0
WELL-02,2026-09-06T11:00,447.34,420.73,940.52,19.07,1996.33,94.54,73.9,1.18,47.0,0
WELL-02,2026-09-06T12:00,420.23,418.03,994.76,19.09,2013.97,89.74,64.8,1.12,51.71,0
WELL-02,2026-09-06T13:00,441.23,442.38,1002.59,19.24,1968.95,91.48,66.5,1.25,50.53,0
WELL-02,2026-09-06T14:00,451.01,460.88,1021.88,19.77,1985.48,94.59,65.5,1.35,52.18,0
WELL-02,2026-09-06T15:00,433.06,400.85,925.61,18.96,1980.23,94.04,71.7,1.14,47.06,0
WELL-02,2026-09-06T16:00,421.86,414.42,982.37,18.74,2061.37,89.6,69.3,1.12,49.75,0
WELL-02,2026-09-06T17:00,438.96,450.44,1026.17,19.98,2006.35,90.87,64.5,1.2,50.97,0
WELL-02,2026-09-06T18:00,414.89,422.58,1018.52,20.04,1989.23,91.21,67.1,1.33,50.85,0
WELL-02,2026-09-06T19:00,426.99,403.94,946.03,19.73,1951.12,92.96,66.7,1.13,49.65,0
WELL-02,2026-09-06T20:00,414.46,393.39,949.16,19.5,2057.22,91.91,66.1,1.18,50.24,0
WELL-02,2026-09-06T21:00,444.73,452.15,1016.67,18.31,2076.46,90.94,68.1,1.34,49.77,0
WELL-02,2026-09-06T22:00,419.11,400.03,954.48,18.74,1957.85,93.0,69.9,1.18,48.32,0
WELL-02,2026-09-06T23:00,415.63,387.44,932.19,18.2,1961.45,89.82,66.6,1.33,50.38,0
WELL-02,2026-09-07T00:00,432.95,415.26,959.13,18.42,1947.63,90.75,71.8,1.17,47.42,0
WELL-02,2026-09-07T01:00,448.02,461.64,1030.38,19.84,1972.03,89.96,75.4,1.32,52.0,0
WELL-02,2026-09-07T02:00,451.42,428.92,950.16,19.56,2083.8,91.89,71.8,1.22,50.4,0
WELL-02,2026-09-07T03:00,442.56,410.02,926.48,20.01,2005.57,91.54,72.1,1.11,46.91,0
WELL-02,2026-09-07T04:00,433.09,436.48,1007.83,20.03,2025.24,92.62,66.5,1.26,49.94,0
WELL-02,2026-09-07T05:00,442.27,457.5,1034.43,19.64,1936.42,90.64,65.2,1.15,52.44,0
WELL-02,2026-09-07T06:00,432.21,445.82,1031.48,19.85,2062.12,89.62,74.7,1.3,52.46,0
WELL-02,2026-09-07T07:00,441.83,437.74,990.74,18.82,1946.67,92.56,72.5,1.3,47.99,0
WELL-02,2026-09-07T08:00,420.78,431.88,1026.38,19.98,2053.46,91.54,65.6,1.21,47.73,0
WELL-02,2026-09-07T09:00,412.98,396.5,960.11,18.94,2057.1,90.47,64.5,1.31,47.02,0
WELL-02,2026-09-07T10:00,420.23,389.98,928.01,19.41,1931.66,91.7,68.3,1.23,49.99,0
WELL-02,2026-09-07T11:00,451.89,457.82,1013.13,18.22,1965.44,91.62,66.5,1.23,48.84,0
WELL-02,2026-09-07T12:00,410.19,387.26,944.1,19.96,1933.11,94.27,71.0,1.23,51.15,0
WELL-02,2026-09-07T13:00,439.08,412.82,940.19,18.82,2074.1,91.39,69.9,1.12,50.46,0
WELL-02,2026-09-07T14:00,450.2,451.95,1003.88,18.94,1985.33,93.8,68.0,1.07,50.26,0
WELL-02,2026-09-07T15:00,443.94,429.67,967.85,19.96,2089.58,94.26,69.2,1.1,49.97,0
WELL-02,2026-09-07T16:00,434.7,449.79,1034.7,19.44,2063.62,92.36,70.4,1.2,48.15,0
WELL-02,2026-09-07T17:00,444.57,455.33,1024.19,18.55,2018.97,90.75,68.7,1.32,47.96,0
WELL-02,2026-09-07T18:00,414.17,383.36,925.61,19.95,1983.01,91.53,71.3,1.33,50.45,0
WELL-02,2026-09-07T19:00,425.68,413.3,970.92,19.47,2044.74,90.64,66.9,1.22,50.24,0
WELL-02,2026-09-07T20:00,442.46,429.38,970.43,19.13,2039.9,92.68,74.5,1.28,51.15,0
WELL-02,2026-09-07T21:00,438.55,429.67,979.76,18.84,1987.93,91.56,72.0,1.25,49.8,0
WELL-02,2026-09-07T22:00,431.79,413.05,956.59,18.66,2043.54,89.16,73.5,1.21,48.62,0
WELL-02,2026-09-07T23:00,424.52,428.42,1009.19,18.81,2088.99,91.6,73.5,1.1,48.76,0
WELL-02,2026-09-08T00:00,438.91,409.71,933.48,19.13,2041.1,90.87,66.3,1.12,47.7,0
WELL-02,2026-09-08T01:00,422.56,404.76,957.89,18.92,2043.45,92.95,68.3,1.14,49.8,0
WELL-02,2026-09-08T02:00,427.6,395.81,925.67,19.01,2018.39,92.74,64.9,1.11,46.77,0
WELL-02,2026-09-08T03:00,423.23,437.48,1033.66,19.33,1982.74,91.74,64.7,1.14,49.61,0
WELL-02,2026-09-08T04:00,425.9,403.49,947.39,18.5,2022.35,89.4,69.2,1.17,48.14,0
WELL-02,2026-09-08T05:00,421.93,431.01,1021.51,19.68,2085.54,91.16,72.1,1.35,51.55,0
WELL-02,2026-09-08T06:00,412.47,389.92,945.32,18.35,2023.77,92.1,73.4,1.07,50.79,0
WELL-02,2026-09-08T07:00,436.78,434.15,993.98,19.08,2069.3,93.97,71.3,1.32,51.32,0
WELL-02,2026-09-08T08:00,423.1,427.2,1009.69,18.37,1973.7,92.08,70.1,1.18,49.93,0
WELL-02,2026-09-08T09:00,413.14,418.87,1013.87,19.28,1963.93,90.74,71.0,1.22,51.91,0
WELL-02,2026-09-08T10:00,430.58,424.3,985.41,19.67,1941.91,94.47,75.2,1.19,50.24,0
WELL-02,2026-09-08T11:00,416.76,384.18,921.81,19.59,1986.86,92.93,71.4,1.23,47.05,0
WELL-02,2026-09-08T12:00,446.96,435.01,973.25,19.52,1975.63,90.62,69.7,1.31,46.91,0
WELL-02,2026-09-08T13:00,440.6,407.81,925.57,18.21,2075.35,89.44,66.5,1.26,50.78,0
WELL-02,2026-09-08T14:00,413.85,392.8,949.12,18.65,2029.15,92.23,67.0,1.19,49.9,0
WELL-02,2026-09-08T15:00,437.35,450.08,1029.11,19.89,2075.78,92.84,65.7,1.24,48.07,0
WELL-02,2026-09-08T16:00,411.17,411.2,1000.07,19.33,1984.8,89.9,64.6,1.22,49.85,0
WELL-02,2026-09-08T17:00,440.94,424.11,961.83,19.24,2056.68,93.13,64.6,1.35,47.11,0
WELL-02,2026-09-08T18:00,412.09,406.07,985.4,20.07,1959.87,93.81,74.1,1.2,46.98,0
WELL-02,2026-09-08T19:00,414.97,398.96,961.43,19.91,1954.92,91.27,67.1,1.12,52.22,0
WELL-02,2026-09-08T20:00,414.08,417.41,1008.04,18.93,1976.68,91.86,70.4,1.25,48.84,0
WELL-02,2026-09-08T21:00,439.81,406.8,924.95,19.83,2070.01,92.5,74.5,1.08,46.75,0
WELL-02,2026-09-08T22:00,449.44,436.1,970.31,19.99,1991.6,92.45,64.7,1.23,48.52,0
WELL-02,2026-09-08T23:00,447.77,434.36,970.05,18.76,1948.83,92.92,70.4,1.2,49.48,0
WELL-02,2026-09-09T00:00,427.09,408.2,955.77,19.42,2056.66,93.04,68.6,1.14,48.33,0
WELL-02,2026-09-09T01:00,451.83,446.82,988.91,18.45,1985.47,93.53,75.1,1.28,47.23,0
WELL-02,2026-09-09T02:00,451.8,434.51,961.73,18.87,1937.45,90.65,74.6,1.19,48.87,0
WELL-02,2026-09-09T03:00,428.13,432.5,1010.22,19.57,2001.08,89.79,72.6,1.22,52.52,0
WELL-02,2026-09-09T04:00,427.0,393.03,920.45,18.89,2077.65,93.52,73.2,1.25,48.69,0
WELL-02,2026-09-09T05:00,415.69,399.49,961.03,19.7,2090.82,92.96,73.4,1.34,52.57,0
WELL-02,2026-09-09T06:00,410.47,397.27,967.84,19.45,2057.15,90.97,65.6,1.16,52.32,0
WELL-02,2026-09-09T07:00,410.22,418.68,1020.62,18.39,1947.9,93.43,65.8,1.21,48.2,0
WELL-02,2026-09-09T08:00,426.65,433.57,1016.22,19.6,1969.88,94.27,72.3,1.27,47.63,0
WELL-02,2026-09-09T09:00,409.72,401.23,979.26,18.57,1979.36,90.68,70.6,1.21,51.77,0
WELL-02,2026-09-09T10:00,414.72,396.49,956.04,18.65,1976.09,90.44,72.7,1.14,51.48,0
WELL-02,2026-09-09T11:00,421.62,428.77,1016.95,19.43,2005.5,94.12,67.3,1.09,49.5,0
WELL-02,2026-09-09T12:00,433.08,417.28,963.5,19.09,2002.03,91.54,71.8,1.12,50.14,0
WELL-02,2026-09-09T13:00,423.67,422.68,997.66,18.48,2020.01,89.85,71.0,1.1,50.77,0
WELL-02,2026-09-09T14:00,417.34,391.51,938.1,19.47,1999.16,90.68,75.6,1.29,51.75,0
WELL-02,2026-09-09T15:00,425.51,405.69,953.42,19.23,2023.35,91.29,68.7,1.35,52.54,0
WELL-02,2026-09-09T16:00,450.03,438.98,975.44,19.77,1986.27,94.2,65.7,1.21,51.33,0
WELL-02,2026-09-09T17:00,435.47,407.84,936.55,19.29,2055.01,91.46,70.4,1.25,50.68,0
WELL-02,2026-09-09T18:00,444.95,430.44,967.4,19.82,2083.67,92.09,65.5,1.11,49.51,0
WELL-02,2026-09-09T19:00,443.82,453.88,1022.67,19.32,2031.31,91.69,68.5,1.26,47.5,0
WELL-02,2026-09-09T20:00,446.28,446.21,999.85,19.66,1939.89,89.19,66.2,1.2,50.37,0
WELL-02,2026-09-09T21:00,421.92,394.44,934.86,18.49,2067.02,93.38,64.6,1.15,48.59,0
WELL-02,2026-09-09T22:00,448.33,462.82,1032.33,18.4,2048.93,89.85,67.8,1.33,51.02,0
WELL-02,2026-09-09T23:00,443.6,427.22,963.07,18.49,2055.31,90.07,69.6,1.27,48.84,0
WELL-02,2026-09-10T00:00,424.18,392.08,924.33,19.94,2072.85,89.25,64.9,1.12,47.88,0
WELL-02,2026-09-10T01:00,442.92,435.58,983.43,18.8,1967.53,93.65,68.9,1.32,52.46,0
WELL-02,2026-09-10T02:00,411.52,386.32,938.75,19.31,1944.47,94.56,69.7,1.25,51.18,0
WELL-02,2026-09-10T03:00,424.64,393.54,926.76,19.37,2076.05,90.19,66.6,1.24,49.82,0
WELL-02,2026-09-10T04:00,433.47,410.51,947.03,18.99,1963.33,89.91,67.0,1.28,47.57,0
WELL-02,2026-09-10T05:00,450.71,422.98,938.46,18.48,1963.23,91.15,69.7,1.07,52.5,0
WELL-02,2026-09-10T06:00,443.94,416.61,938.44,18.99,2006.39,89.48,68.6,1.12,50.24,0
WELL-02,2026-09-10T07:00,428.61,428.76,1000.35,19.22,2030.41,90.57,74.4,1.17,48.92,0
WELL-02,2026-09-10T08:00,442.59,423.92,957.8,18.77,1962.77,93.43,73.6,1.32,52.33,0
WELL-02,2026-09-10T09:00,420.41,426.65,1014.84,19.81,2056.59,92.48,71.9,1.09,52.23,0
WELL-02,2026-09-10T10:00,434.0,423.23,975.17,19.49,1970.27,92.87,68.9,1.28,47.84,0
WELL-02,2026-09-10T11:00,445.15,437.7,983.27,20.09,1977.48,93.95,75.3,1.27,51.08,0
WELL-02,2026-09-10T12:00,450.71,427.1,947.62,18.79,1983.31,90.84,72.5,1.25,48.57,0
WELL-02,2026-09-10T13:00,435.59,447.89,1028.23,19.3,1960.15,90.76,69.2,1.26,50.2,0
WELL-02,2026-09-10T14:00,436.3,408.39,936.04,18.33,2080.09,89.37,70.8,1.14,49.66,0
WELL-02,2026-09-10T15:00,438.31,427.79,976.0,19.2,1980.43,93.36,70.2,1.12,46.76,0
WELL-02,2026-09-10T16:00,435.37,421.03,967.05,18.51,2006.66,90.09,67.6,1.21,51.52,0
WELL-02,2026-09-10T17:00,409.95,391.43,954.81,18.63,1988.41,89.43,71.6,1.14,51.8,0
WELL-02,2026-09-10T18:00,433.67,406.3,936.88,18.3,2035.34,94.56,72.6,1.35,50.2,0
WELL-02,2026-09-10T19:00,421.4,433.81,1029.46,19.71,2088.65,91.89,74.3,1.23,51.28,0
WELL-02,2026-09-10T20:00,411.61,423.83,1029.68,19.35,2027.06,93.7,73.6,1.09,50.83,0
WELL-02,2026-09-10T21:00,415.72,412.11,991.32,19.78,2033.86,94.57,67.5,1.15,46.86,0
WELL-02,2026-09-10T22:00,433.91,425.09,979.66,18.96,2087.96,90.96,72.6,1.15,52.1,0
WELL-02,2026-09-10T23:00,414.54,385.29,929.45,19.31,2076.24,93.75,70.2,1.23,50.47,0
WELL-02,2026-09-11T00:00,438.03,408.66,932.94,19.58,2051.93,90.53,73.6,1.34,51.74,0
WELL-02,2026-09-11T01:00,449.11,421.27,938.0,18.63,2086.63,89.87,68.3,1.12,48.04,0
WELL-02,2026-09-11T02:00,413.87,382.95,925.27,19.22,1934.68,91.0,73.0,1.29,51.49,0
WELL-02,2026-09-11T03:00,429.47,422.28,983.26,18.83,1943.08,92.36,70.9,1.33,47.52,0
WELL-02,2026-09-11T04:00,409.73,379.53,926.28,18.38,2011.02,90.5,68.3,1.25,48.38,0
WELL-02,2026-09-11T05:00,412.61,408.48,989.98,18.99,2059.13,94.07,69.3,1.23,49.01,0
WELL-02,2026-09-11T06:00,413.17,384.91,931.6,19.84,2021.31,91.57,71.3,1.17,49.48,0
WELL-02,2026-09-11T07:00,438.13,439.89,1004.03,19.64,2055.15,93.78,69.6,1.26,48.01,0
WELL-02,2026-09-11T08:00,417.29,430.55,1031.78,19.31,2033.89,92.33,69.7,1.13,49.96,0
WELL-02,2026-09-11T09:00,417.96,422.24,1010.24,18.94,2057.57,91.7,68.9,1.08,47.45,0
WELL-02,2026-09-11T10:00,426.04,399.34,937.34,19.68,2062.06,93.31,75.4,1.13,51.68,0
WELL-02,2026-09-11T11:00,429.12,399.18,930.23,18.95,2007.64,94.54,72.8,1.13,47.55,0
WELL-02,2026-09-11T12:00,410.77,386.99,942.12,19.65,1955.96,90.82,72.3,1.26,47.45,0
WELL-02,2026-09-11T13:00,428.49,400.78,935.35,19.3,2018.48,90.7,66.5,1.32,48.12,0
WELL-02,2026-09-11T14:00,436.67,411.51,942.38,20.02,1972.41,93.28,67.0,1.17,49.18,0
WELL-02,2026-09-11T15:00,416.33,430.55,1034.14,20.06,1984.43,89.74,73.0,1.24,47.13,0
WELL-02,2026-09-11T16:00,444.8,439.81,988.79,19.38,1981.03,90.4,70.5,1.25,47.25,0
WELL-02,2026-09-11T17:00,440.76,429.38,974.18,19.04,2074.65,89.16,74.9,1.19,50.12,0
WELL-02,2026-09-11T18:00,430.3,403.9,938.65,18.55,2079.96,93.87,67.2,1.17,49.4,0
WELL-02,2026-09-11T19:00,451.97,445.25,985.12,18.71,2071.84,91.31,73.3,1.23,52.44,0
WELL-02,2026-09-11T20:00,431.58,437.44,1013.57,18.59,2076.35,91.58,69.9,1.15,52.54,0
WELL-02,2026-09-11T21:00,450.14,443.3,984.8,20.02,2015.3,94.17,70.6,1.3,48.73,0
WELL-02,2026-09-11T22:00,428.41,400.54,934.95,19.52,2004.12,93.61,74.7,1.07,47.53,0
WELL-02,2026-09-11T23:00,409.7,379.82,927.06,19.5,2034.82,89.77,68.1,1.07,50.5,0
WELL-02,2026-09-12T00:00,448.24,454.56,1014.1,18.98,2038.54,93.66,67.7,1.24,49.55,0
WELL-02,2026-09-12T01:00,438.31,425.25,970.2,20.09,1969.51,90.17,65.8,1.33,48.44,0
WELL-02,2026-09-12T02:00,444.15,426.85,961.05,19.07,2012.93,92.25,70.8,1.31,50.8,0
WELL-02,2026-09-12T03:00,417.66,383.61,918.48,19.59,1971.85,93.77,72.0,1.21,51.23,0
WELL-02,2026-09-12T04:00,411.53,422.49,1026.64,19.27,1963.65,92.83,73.3,1.11,47.1,0
WELL-02,2026-09-12T05:00,437.71,404.1,923.23,19.56,2083.29,91.53,73.9,1.11,52.57,0
WELL-02,2026-09-12T06:00,435.37,423.42,972.54,19.95,2076.98,91.77,71.1,1.21,48.29,0
WELL-02,2026-09-12T07:00,449.1,416.72,927.9,18.24,1968.76,94.26,69.1,1.07,48.98,0
WELL-02,2026-09-12T08:00,427.39,417.93,977.85,19.29,1936.39,91.14,71.3,1.3,50.21,0
WELL-02,2026-09-12T09:00,436.25,428.21,981.56,18.7,2027.47,93.29,65.6,1.31,51.89,0
WELL-02,2026-09-12T10:00,422.2,422.94,1001.73,18.98,2043.01,94.58,66.1,1.27,50.43,0
WELL-02,2026-09-12T11:00,410.27,420.72,1025.48,18.65,2090.2,92.75,64.6,1.31,49.83,0
WELL-02,2026-09-12T12:00,425.55,415.1,975.43,19.87,1961.68,91.53,64.5,1.31,49.4,0
WELL-02,2026-09-12T13:00,442.83,449.35,1014.74,19.26,2016.32,89.63,75.5,1.18,51.38,0
WELL-02,2026-09-12T14:00,430.32,408.02,948.19,18.59,2057.64,90.49,74.2,1.33,52.12,0
WELL-02,2026-09-12T15:00,412.55,388.86,942.59,19.11,1990.59,91.43,70.2,1.19,48.1,0
WELL-02,2026-09-12T16:00,439.02,450.08,1025.19,19.13,1978.73,89.71,75.0,1.22,50.86,0
WELL-02,2026-09-12T17:00,445.28,451.22,1013.33,18.33,1949.48,93.9,65.0,1.17,48.69,0
WELL-02,2026-09-12T18:00,429.13,432.12,1006.96,18.77,2049.16,94.09,74.6,1.3,48.98,0
WELL-02,2026-09-12T19:00,411.05,417.67,1016.12,19.36,2063.08,91.24,73.4,1.27,51.94,0
WELL-02,2026-09-12T20:00,422.01,424.11,1004.99,18.2,2010.51,92.28,70.4,1.29,47.07,0
WELL-02,2026-09-12T21:00,442.83,448.24,1012.23,18.4,1995.22,93.89,74.5,1.09,50.53,0
WELL-02,2026-09-12T22:00,448.47,446.05,994.6,18.53,2058.88,89.67,72.3,1.34,48.17,0
WELL-02,2026-09-12T23:00,445.28,411.91,925.06,18.48,1950.64,92.35,70.4,1.09,51.3,0
WELL-02,2026-09-13T00:00,443.43,446.36,1006.61,19.7,2089.2,89.57,71.5,1.11,51.17,0
WELL-02,2026-09-13T01:00,440.6,445.23,1010.5,20.1,1966.38,90.1,69.9,1.16,50.73,0
WELL-02,2026-09-13T02:00,419.4,431.34,1028.46,19.39,1934.28,91.56,68.3,1.35,47.56,0
WELL-02,2026-09-13T03:00,440.58,455.48,1033.81,18.91,2059.34,91.74,70.6,1.22,48.99,0
WELL-02,2026-09-13T04:00,430.84,410.92,953.77,18.53,1964.75,93.65,71.8,1.12,47.06,0
WELL-02,2026-09-13T05:00,426.23,415.93,975.84,18.6,1984.31,92.21,70.0,1.17,52.41,0
WELL-02,2026-09-13T06:00,449.16,461.47,1027.41,19.62,2079.04,89.54,68.2,1.32,49.43,0
WELL-02,2026-09-13T07:00,435.2,422.38,970.55,18.39,2076.26,92.23,67.4,1.29,47.28,0
WELL-02,2026-09-13T08:00,433.69,401.71,926.26,19.08,1995.53,93.35,72.4,1.07,49.87,0
WELL-02,2026-09-13T09:00,439.48,430.07,978.58,19.62,1960.87,94.23,69.5,1.17,49.78,0
WELL-02,2026-09-13T10:00,414.92,403.63,972.78,18.38,2049.57,91.91,74.8,1.16,49.8,0
WELL-02,2026-09-13T11:00,411.52,399.73,971.34,18.84,2003.94,90.27,65.7,1.25,52.03,0
WELL-02,2026-09-13T12:00,452.62,434.46,959.86,18.49,1935.38,93.01,67.0,1.17,48.56,0
WELL-02,2026-09-13T13:00,433.4,407.54,940.33,19.29,1971.25,92.6,65.3,1.13,51.87,0
WELL-02,2026-09-13T14:00,446.63,417.94,935.75,19.48,2010.44,89.57,71.6,1.21,46.77,0
WELL-02,2026-09-13T15:00,439.09,432.97,986.06,19.93,2011.51,94.16,66.8,1.31,47.19,0
WELL-02,2026-09-13T16:00,441.68,421.02,953.23,20.01,1941.56,89.56,67.9,1.2,47.59,0
WELL-02,2026-09-13T17:00,445.62,453.5,1017.68,19.05,2074.8,94.36,68.0,1.08,51.16,0
WELL-02,2026-09-13T18:00,430.43,433.92,1008.13,19.6,2070.49,93.97,69.3,1.14,47.87,0
WELL-02,2026-09-13T19:00,409.66,419.17,1023.22,19.34,1953.63,92.36,65.1,1.35,52.36,0
WELL-02,2026-09-13T20:00,450.3,435.5,967.13,19.29,2050.41,91.55,68.5,1.26,52.14,0
WELL-02,2026-09-13T21:00,448.33,455.2,1015.32,19.57,1961.19,92.05,71.8,1.3,51.32,0
WELL-02,2026-09-13T22:00,445.42,454.92,1021.33,18.72,1950.64,89.23,69.0,1.22,50.88,0
WELL-02,2026-09-13T23:00,436.29,426.39,977.31,18.68,2034.38,89.51,65.2,1.29,52.19,0
WELL-02,2026-09-14T00:00,435.36,400.96,920.99,20.08,2051.22,91.43,68.3,1.14,51.67,0
WELL-02,2026-09-14T01:00,434.01,438.41,1010.14,18.59,1947.8,90.81,66.9,1.18,47.58,0
WELL-02,2026-09-14T02:00,443.18,427.11,963.74,19.24,2014.08,93.3,69.6,1.2,50.32,0
WELL-02,2026-09-14T03:00,425.49,401.32,943.19,18.8,2042.96,91.76,72.4,1.09,48.92,0
WELL-02,2026-09-14T04:00,438.83,422.97,963.85,19.05,1960.58,92.43,69.7,1.13,50.03,0
WELL-02,2026-09-14T05:00,435.68,408.86,938.44,18.27,2008.9,92.82,67.7,1.17,47.64,0
WELL-02,2026-09-14T06:00,439.41,447.83,1019.15,20.06,2030.1,92.79,70.6,1.31,47.73,0
WELL-02,2026-09-14T07:00,439.52,416.38,947.35,18.79,2061.56,93.22,73.6,1.14,51.41,0
WELL-02,2026-09-14T08:00,414.62,404.64,975.92,19.77,1985.19,94.21,71.0,1.28,50.69,0
WELL-02,2026-09-14T09:00,447.9,449.13,1002.73,18.87,2066.0,90.59,66.3,1.18,47.3,0
WELL-02,2026-09-14T10:00,416.2,420.15,1009.47,18.75,1984.63,90.64,65.1,1.15,49.31,0
WELL-02,2026-09-14T11:00,411.71,395.87,961.54,18.62,2008.2,91.85,65.8,1.19,49.75,0
WELL-02,2026-09-14T12:00,432.42,404.21,934.77,18.64,1981.11,94.49,70.2,1.32,51.31,0
WELL-02,2026-09-14T13:00,418.69,395.29,944.11,19.33,2013.38,91.91,74.6,1.21,52.29,0
WELL-02,2026-09-14T14:00,449.08,464.98,1035.42,18.92,2044.5,90.34,73.4,1.14,51.66,0
WELL-02,2026-09-14T15:00,441.93,419.65,949.58,19.39,2032.12,90.36,70.2,1.14,48.4,0
WELL-02,2026-09-14T16:00,434.7,436.18,1003.4,19.22,2015.57,91.18,64.9,1.18,52.44,0
WELL-02,2026-09-14T17:00,438.75,448.52,1022.26,18.47,2035.92,92.1,65.1,1.17,48.7,0
WELL-02,2026-09-14T18:00,416.55,427.31,1025.83,19.64,1996.22,93.7,75.2,1.09,49.42,0
WELL-02,2026-09-14T19:00,439.45,424.36,965.66,20.07,2073.74,92.7,66.9,1.27,51.52,0
WELL-02,2026-09-14T20:00,429.93,412.06,958.44,19.27,2076.78,90.53,65.0,1.19,48.07,0
WELL-02,2026-09-14T21:00,425.35,401.51,943.97,19.29,1941.31,93.36,69.9,1.34,50.0,0
WELL-02,2026-09-14T22:00,445.9,459.27,1029.98,19.86,2091.33,89.45,67.1,1.3,50.48,0
WELL-02,2026-09-14T23:00,448.48,452.03,1007.92,18.53,2004.71,92.06,68.2,1.3,50.42,0
WELL-02,2026-09-15T00:00,410.89,395.48,962.49,19.74,1977.48,89.57,71.1,1.1,47.88,0
WELL-02,2026-09-15T01:00,418.36,412.91,986.96,19.44,1958.95,92.66,67.9,1.11,50.05,0
WELL-02,2026-09-15T02:00,412.34,399.18,968.09,18.7,1999.65,91.29,69.1,1.13,52.34,0
WELL-02,2026-09-15T03:00,430.47,435.67,1012.06,18.22,1982.72,91.49,64.7,1.34,49.84,0
WELL-02,2026-09-15T04:00,448.59,436.24,972.47,19.22,2079.36,91.57,73.5,1.28,50.48,0
WELL-02,2026-09-15T05:00,436.97,440.15,1007.26,18.98,2020.86,93.24,65.5,1.14,46.95,0
WELL-02,2026-09-15T06:00,414.33,421.59,1017.51,18.62,1953.55,94.36,65.0,1.29,50.03,0
WELL-02,2026-09-15T07:00,435.08,420.68,966.9,18.99,2011.89,91.52,75.6,1.18,50.23,0
WELL-02,2026-09-15T08:00,441.6,432.44,979.26,20.03,2083.32,94.54,65.7,1.29,48.54,0
WELL-02,2026-09-15T09:00,425.24,425.2,999.91,19.84,2018.13,90.5,64.9,1.24,50.42,0
WELL-02,2026-09-15T10:00,450.5,439.33,975.22,19.62,1951.11,91.22,74.3,1.21,48.56,0
WELL-02,2026-09-15T11:00,416.05,390.08,937.56,20.07,2083.65,92.3,73.9,1.2,46.67,0
WELL-02,2026-09-15T12:00,449.9,418.26,929.67,18.88,2007.63,89.98,67.0,1.2,49.27,0
WELL-02,2026-09-15T13:00,432.87,423.9,979.26,20.03,2088.83,90.4,68.9,1.34,46.87,0
WELL-02,2026-09-15T14:00,437.87,434.72,992.8,18.2,1963.4,93.24,66.7,1.2,51.98,0
WELL-02,2026-09-15T15:00,411.61,412.58,1002.35,19.96,2086.47,89.28,69.4,1.22,48.18,0
WELL-02,2026-09-15T16:00,440.91,430.7,976.85,19.45,2025.71,89.43,74.8,1.11,47.12,0
WELL-02,2026-09-15T17:00,446.48,428.59,959.95,18.94,1966.39,93.65,68.8,1.18,48.13,0
WELL-02,2026-09-15T18:00,438.98,403.44,919.04,18.67,2088.04,91.52,67.7,1.2,46.96,0
WELL-02,2026-09-15T19:00,440.7,415.77,943.43,19.71,1951.47,92.93,65.4,1.1,48.34,0
WELL-02,2026-09-15T20:00,443.17,431.79,974.32,19.22,2027.04,93.71,69.9,1.33,49.72,0
WELL-02,2026-09-15T21:00,412.96,385.37,933.17,18.96,2031.73,94.33,65.4,1.11,50.29,0
WELL-02,2026-09-15T22:00,426.89,427.97,1002.53,18.82,1930.9,92.84,72.7,1.32,51.6,0
WELL-02,2026-09-15T23:00,440.18,406.25,922.92,19.71,1997.52,93.58,69.4,1.26,50.28,0
WELL-02,2026-09-16T00:00,415.63,388.3,934.23,19.62,2058.13,93.99,69.1,1.1,46.89,0
WELL-02,2026-09-16T01:00,411.8,404.36,981.93,19.72,2081.64,90.75,70.3,1.32,46.86,0
WELL-02,2026-09-16T02:00,446.16,440.56,987.45,18.73,1980.16,93.36,67.5,1.33,47.18,0
WELL-02,2026-09-16T03:00,424.78,408.85,962.49,18.48,1963.39,89.38,69.5,1.35,46.66,0
WELL-02,2026-09-16T04:00,452.42,467.56,1033.44,18.39,2067.86,89.34,72.6,1.35,47.97,0
WELL-02,2026-09-16T05:00,439.68,418.42,951.64,18.68,2030.13,90.75,74.6,1.14,48.28,0
WELL-02,2026-09-16T06:00,413.86,397.75,961.07,18.36,1959.5,90.77,66.6,1.27,52.09,0
WELL-02,2026-09-16T07:00,426.64,417.2,977.87,19.15,1990.31,90.23,72.7,1.08,47.45,0
WELL-02,2026-09-16T08:00,432.71,404.13,933.96,19.53,2075.81,90.22,66.4,1.17,48.82,0
WELL-02,2026-09-16T09:00,428.08,435.58,1017.51,20.08,1957.24,94.13,69.9,1.15,48.9,0
WELL-02,2026-09-16T10:00,438.49,427.08,973.97,19.81,1950.93,94.2,73.4,1.11,48.71,0
WELL-02,2026-09-16T11:00,436.83,440.58,1008.57,18.8,2090.85,90.95,74.8,1.28,51.43,0
WELL-02,2026-09-16T12:00,415.62,424.18,1020.58,19.04,1962.93,91.87,68.1,1.34,47.03,0
WELL-02,2026-09-16T13:00,410.27,399.54,973.83,19.77,2079.7,92.63,71.3,1.28,51.75,0
WELL-02,2026-09-16T14:00,449.18,416.9,928.12,19.01,2089.29,92.62,68.9,1.34,47.88,0
WELL-02,2026-09-16T15:00,445.49,419.54,941.74,19.1,2022.54,94.44,75.4,1.26,47.31,0
WELL-02,2026-09-16T16:00,428.34,395.84,924.13,18.78,2077.58,94.12,66.0,1.15,50.57,0
WELL-02,2026-09-16T17:00,418.84,398.21,950.73,19.58,1971.45,94.42,75.7,1.2,50.16,0
WELL-02,2026-09-16T18:00,447.85,455.11,1016.21,20.07,2033.69,93.94,74.4,1.08,51.0,0
WELL-02,2026-09-16T19:00,417.15,396.44,950.35,19.1,2011.54,89.96,65.0,1.1,47.46,0
WELL-02,2026-09-16T20:00,415.99,403.0,968.78,20.05,2088.17,94.14,73.8,1.22,49.01,0
WELL-02,2026-09-16T21:00,430.93,411.1,953.98,18.72,1980.42,90.31,72.7,1.19,51.71,0
WELL-02,2026-09-16T22:00,421.41,408.65,969.71,20.11,1957.8,90.48,67.7,1.13,50.59,0
WELL-02,2026-09-16T23:00,433.49,432.65,998.05,19.02,2013.58,91.03,73.4,1.08,48.48,0
WELL-02,2026-09-17T00:00,449.29,454.7,1012.02,18.49,2009.94,91.92,70.8,1.08,50.25,0
WELL-02,2026-09-17T01:00,448.28,459.22,1024.41,19.2,2044.13,91.65,69.3,1.16,50.03,0
WELL-02,2026-09-17T02:00,436.97,436.35,998.57,19.72,1960.54,89.55,67.5,1.21,49.72,0
WELL-02,2026-09-17T03:00,443.93,416.08,937.27,19.14,2003.25,92.53,71.2,1.23,48.92,0
WELL-02,2026-09-17T04:00,417.58,398.45,954.19,18.71,2066.94,92.91,66.6,1.34,47.77,0
WELL-02,2026-09-17T05:00,440.52,429.82,975.7,19.49,1955.26,90.52,66.2,1.13,50.59,0
WELL-02,2026-09-17T06:00,418.89,387.29,924.56,18.79,2053.15,91.46,74.1,1.15,48.02,0
WELL-02,2026-09-17T07:00,438.01,407.24,929.77,18.51,2066.55,91.0,68.8,1.21,50.94,0
WELL-02,2026-09-17T08:00,419.11,412.79,984.91,19.31,1931.12,90.63,69.0,1.19,49.86,0
WELL-02,2026-09-17T09:00,423.47,395.41,933.74,19.73,1942.7,92.71,69.0,1.17,46.9,0
WELL-02,2026-09-17T10:00,413.63,396.22,957.92,19.45,2017.65,91.02,71.2,1.29,48.91,0
WELL-02,2026-09-17T11:00,449.38,416.44,926.71,19.72,2051.24,90.21,73.7,1.09,50.66,0
WELL-02,2026-09-17T12:00,418.59,421.26,1006.38,19.46,1950.28,93.84,67.7,1.1,49.55,0
WELL-02,2026-09-17T13:00,410.64,405.71,988.0,19.41,2004.4,89.79,72.9,1.1,46.69,0
WELL-02,2026-09-17T14:00,431.04,435.77,1010.96,18.89,2045.35,90.23,64.6,1.17,46.8,0
WELL-02,2026-09-17T15:00,410.83,404.07,983.54,19.48,2063.49,91.79,68.9,1.21,51.88,0
WELL-02,2026-09-17T16:00,443.27,454.73,1025.87,18.64,1968.03,89.3,74.9,1.1,47.88,0
WELL-02,2026-09-17T17:00,426.69,422.54,990.27,18.48,2020.29,91.08,70.3,1.28,51.86,0
WELL-02,2026-09-17T18:00,440.32,436.26,990.78,19.65,1978.17,90.02,67.2,1.27,51.1,0
WELL-02,2026-09-17T19:00,430.12,416.85,969.16,19.53,2049.48,92.22,74.7,1.32,47.02,0
WELL-02,2026-09-17T20:00,409.66,402.47,982.45,19.62,1942.23,94.51,73.7,1.11,50.39,0
WELL-02,2026-09-17T21:00,428.0,416.74,973.69,19.69,1936.0,90.02,75.4,1.12,47.24,0
WELL-02,2026-09-17T22:00,427.98,430.31,1005.45,20.07,1960.49,91.49,71.8,1.19,50.2,0
WELL-02,2026-09-17T23:00,411.15,415.87,1011.47,18.4,2078.77,91.87,66.3,1.31,46.76,0
WELL-02,2026-09-18T00:00,410.23,393.21,958.51,18.25,2083.35,90.15,71.4,1.15,52.21,0
WELL-02,2026-09-18T01:00,409.72,421.41,1028.52,19.97,1977.88,91.5,69.2,1.33,48.71,0
WELL-02,2026-09-18T02:00,415.71,395.64,951.73,18.52,2057.83,91.58,70.1,1.13,50.86,0
WELL-02,2026-09-18T03:00,421.19,387.74,920.6,19.61,1936.95,90.07,75.2,1.07,51.5,0
WELL-02,2026-09-18T04:00,439.09,408.65,930.66,18.7,2047.54,91.28,64.9,1.31,47.17,0
WELL-02,2026-09-18T05:00,451.6,427.95,947.61,19.61,1933.36,92.03,66.6,1.29,51.92,0
WELL-02,2026-09-18T06:00,411.73,386.14,937.86,19.36,2016.59,92.99,67.6,1.14,47.34,0
WELL-02,2026-09-18T07:00,415.17,414.11,997.43,19.78,2087.66,91.96,74.3,1.3,47.51,0
WELL-02,2026-09-18T08:00,448.27,462.35,1031.42,18.91,1936.18,90.81,72.0,1.3,52.18,0
WELL-02,2026-09-18T09:00,413.87,423.26,1022.68,18.27,1991.59,90.47,67.9,1.1,49.03,0
WELL-02,2026-09-18T10:00,409.83,392.25,957.1,18.22,2026.8,90.72,65.2,1.21,51.98,0
WELL-02,2026-09-18T11:00,438.74,422.2,962.3,19.28,1965.28,90.95,75.2,1.08,52.2,0
WELL-02,2026-09-18T12:00,422.09,421.17,997.82,18.98,2036.79,90.75,68.4,1.14,51.83,0
WELL-02,2026-09-18T13:00,425.82,424.18,996.13,19.44,2059.93,90.35,65.4,1.17,50.53,0
WELL-02,2026-09-18T14:00,444.03,453.45,1021.22,19.06,1998.39,92.05,72.6,1.25,50.07,0
WELL-02,2026-09-18T15:00,416.78,411.67,987.74,19.61,2067.98,90.3,65.8,1.11,47.03,0
WELL-02,2026-09-18T16:00,409.78,396.07,966.56,18.53,1991.67,93.39,74.7,1.26,49.41,0
WELL-02,2026-09-18T17:00,414.17,405.19,978.31,19.7,2062.08,92.14,73.0,1.13,50.3,0
WELL-02,2026-09-18T18:00,426.05,420.49,986.95,18.52,2073.06,91.33,66.8,1.33,49.71,0
WELL-02,2026-09-18T19:00,424.99,408.66,961.58,19.97,1943.18,94.65,70.5,1.23,48.34,0
WELL-02,2026-09-18T20:00,452.02,426.56,943.66,19.64,1965.71,89.23,64.9,1.14,51.65,0
WELL-02,2026-09-18T21:00,442.35,430.45,973.1,18.41,2005.42,90.2,72.6,1.2,52.41,0
WELL-02,2026-09-18T22:00,427.18,432.15,1011.62,19.16,1965.36,90.63,75.2,1.35,52.5,0
WELL-02,2026-09-18T23:00,445.29,435.48,977.96,18.77,1930.98,89.62,75.3,1.09,51.55,0
WELL-02,2026-09-19T00:00,421.86,421.76,999.76,18.82,2036.97,94.46,69.5,1.16,52.36,0
WELL-02,2026-09-19T01:00,412.68,391.55,948.79,18.85,1974.73,91.32,67.6,1.11,52.33,0
WELL-02,2026-09-19T02:00,417.4,425.04,1018.3,19.22,2076.33,89.82,66.7,1.3,47.78,0
WELL-02,2026-09-19T03:00,449.64,416.32,925.89,19.27,1980.19,92.66,71.2,1.17,49.04,0
WELL-02,2026-09-19T04:00,409.61,405.89,990.92,18.63,1959.04,90.43,66.8,1.13,50.91,0
WELL-02,2026-09-19T05:00,419.82,418.58,997.05,18.68,1940.64,91.57,69.6,1.2,48.88,0
WELL-02,2026-09-19T06:00,425.55,426.72,1002.74,18.33,1992.8,94.53,67.9,1.19,47.65,0
WELL-02,2026-09-19T07:00,445.52,412.53,925.96,19.34,1999.61,91.9,68.4,1.14,50.34,0
WELL-02,2026-09-19T08:00,428.69,415.04,968.16,19.26,1974.15,93.67,69.3,1.14,47.29,0
WELL-02,2026-09-19T09:00,417.82,407.85,976.13,18.35,1982.45,90.54,66.4,1.12,50.01,0
WELL-02,2026-09-19T10:00,420.81,421.94,1002.68,18.8,2041.22,91.07,74.3,1.15,47.2,0
WELL-02,2026-09-19T11:00,447.68,441.4,985.97,19.93,1940.08,94.15,75.4,1.14,48.32,0
WELL-02,2026-09-19T12:00,418.7,424.39,1013.59,19.74,2081.37,92.15,67.4,1.18,49.76,0
WELL-02,2026-09-19T13:00,414.29,423.84,1023.05,19.49,2019.94,92.03,70.6,1.26,49.96,0
WELL-02,2026-09-19T14:00,421.32,393.54,934.05,18.99,2020.09,94.26,75.5,1.08,52.53,0
WELL-02,2026-09-19T15:00,447.27,462.64,1034.38,20.04,2057.55,89.22,64.9,1.24,50.04,0
WELL-02,2026-09-19T16:00,415.9,430.66,1035.5,19.9,2031.91,91.87,68.5,1.31,50.18,0
WELL-02,2026-09-19T17:00,416.96,411.37,986.59,19.2,2090.96,92.16,69.5,1.07,52.42,0
WELL-02,2026-09-19T18:00,415.44,425.42,1024.03,19.59,1977.94,93.86,67.1,1.32,50.32,0
WELL-02,2026-09-19T19:00,411.01,414.93,1009.54,18.68,2078.61,94.59,70.7,1.2,48.71,0
WELL-02,2026-09-19T20:00,434.98,438.5,1008.09,19.36,1952.94,93.42,68.7,1.29,50.73,0
WELL-02,2026-09-19T21:00,449.73,446.19,992.14,19.72,2009.92,91.98,72.0,1.15,48.1,0
WELL-02,2026-09-19T22:00,428.72,408.95,953.91,19.44,1996.76,94.26,68.2,1.12,51.14,0
WELL-02,2026-09-19T23:00,433.21,398.17,919.11,19.31,2047.65,92.73,73.3,1.11,50.04,0
WELL-02,2026-09-20T00:00,446.59,444.69,995.75,20.1,1984.31,94.57,67.9,1.31,52.09,0
WELL-02,2026-09-20T01:00,411.96,380.01,922.43,18.42,2086.5,92.33,68.3,1.09,47.49,0
WELL-02,2026-09-20T02:00,440.15,432.25,982.05,19.89,1974.01,90.26,66.0,1.18,49.85,0
WELL-02,2026-09-20T03:00,413.22,389.27,942.04,19.93,2007.29,90.99,74.3,1.22,51.94,0
WELL-02,2026-09-20T04:00,440.58,405.81,921.06,19.73,1998.61,92.61,70.5,1.13,51.93,0
WELL-02,2026-09-20T05:00,451.76,453.53,1003.92,19.28,2014.01,89.49,69.1,1.23,50.98,0
WELL-02,2026-09-20T06:00,440.65,452.86,1027.71,18.32,2082.87,94.19,70.6,1.28,50.54,0
WELL-02,2026-09-20T07:00,412.23,403.98,979.97,18.88,2058.37,89.7,72.9,1.07,52.56,0
WELL-02,2026-09-20T08:00,419.01,397.47,948.58,19.4,2086.11,94.16,67.1,1.25,48.68,0
WELL-02,2026-09-20T09:00,420.63,415.9,988.75,19.1,2084.66,92.45,69.3,1.09,51.43,0
WELL-02,2026-09-20T10:00,421.86,391.33,927.64,19.93,2027.36,93.93,70.2,1.15,47.3,0
WELL-02,2026-09-20T11:00,429.45,437.76,1019.35,18.57,2083.26,93.7,71.0,1.11,48.17,0
WELL-02,2026-09-20T12:00,412.06,385.43,935.36,19.02,1935.91,92.67,65.0,1.21,47.79,0
WELL-02,2026-09-20T13:00,435.67,448.73,1029.98,19.25,2037.21,93.0,64.6,1.21,51.22,0
WELL-02,2026-09-20T14:00,445.65,441.15,989.9,19.6,1936.6,89.74,71.9,1.28,50.4,0
WELL-02,2026-09-20T15:00,441.86,412.98,934.64,19.14,1994.82,90.17,75.1,1.24,48.74,0
WELL-02,2026-09-20T16:00,432.42,409.26,946.46,18.68,1983.04,92.45,74.6,1.28,52.55,0
WELL-02,2026-09-20T17:00,442.88,437.52,987.9,20.07,1940.22,93.21,71.4,1.32,52.04,0
WELL-02,2026-09-20T18:00,435.41,401.69,922.57,18.64,1970.96,89.37,67.5,1.23,52.1,0
WELL-02,2026-09-20T19:00,430.14,418.54,973.03,19.71,1974.08,93.82,71.3,1.31,51.92,0
WELL-02,2026-09-20T20:00,452.47,458.32,1012.92,19.96,2020.32,93.04,73.0,1.23,48.48,0
WELL-02,2026-09-20T21:00,416.77,420.33,1008.53,19.48,1983.94,90.71,69.3,1.31,48.89,0
WELL-02,2026-09-20T22:00,432.01,423.19,979.58,19.87,1975.52,90.27,70.2,1.12,49.72,0
WELL-02,2026-09-20T23:00,431.75,423.01,979.75,19.12,2029.92,92.28,66.2,1.26,50.35,0
WELL-02,2026-09-21T00:00,438.66,422.87,964.02,19.4,1980.35,92.37,69.2,1.32,50.22,0
WELL-02,2026-09-21T01:00,417.15,427.21,1024.13,19.71,1965.69,94.61,71.4,1.2,49.08,0
WELL-02,2026-09-21T02:00,438.78,442.82,1009.21,19.54,1970.53,93.31,65.6,1.27,52.27,0
WELL-02,2026-09-21T03:00,428.12,439.2,1025.89,19.81,2025.77,90.58,73.4,1.35,52.11,0
WELL-02,2026-09-21T04:00,445.6,416.81,935.37,19.33,2071.77,92.25,68.9,1.09,48.01,0
WELL-02,2026-09-21T05:00,450.07,445.91,990.77,18.46,1983.07,93.96,65.7,1.21,52.36,0
WELL-02,2026-09-21T06:00,440.35,424.12,963.13,19.36,2001.21,94.36,68.0,1.12,50.57,0
WELL-02,2026-09-21T07:00,426.84,428.26,1003.33,18.61,2056.84,91.92,65.1,1.24,51.43,0
WELL-02,2026-09-21T08:00,442.68,433.35,978.92,19.08,2068.74,90.3,72.8,1.23,49.08,0
WELL-02,2026-09-21T09:00,440.83,429.83,975.04,19.39,2074.67,89.6,68.7,1.07,50.43,0
WELL-02,2026-09-21T10:00,409.86,395.24,964.33,19.73,2077.39,91.12,72.2,1.29,50.07,0
WELL-02,2026-09-21T11:00,413.05,398.93,965.82,19.67,1960.19,91.75,65.0,1.35,50.92,0
WELL-02,2026-09-21T12:00,451.6,418.97,927.74,18.24,1957.88,91.03,68.8,1.34,47.73,0
WELL-02,2026-09-21T13:00,441.36,429.03,972.07,18.35,2038.68,93.6,72.9,1.23,49.8,0
WELL-02,2026-09-21T14:00,415.57,407.93,981.62,18.34,2040.75,91.37,66.0,1.11,51.8,0
WELL-02,2026-09-21T15:00,418.06,424.56,1015.53,18.87,1997.06,90.44,70.5,1.2,49.87,0
WELL-02,2026-09-21T16:00,423.18,391.66,925.51,19.2,1983.45,90.81,68.6,1.25,51.98,0
WELL-02,2026-09-21T17:00,412.59,419.09,1015.76,20.1,1949.52,91.97,69.9,1.22,50.98,0
WELL-02,2026-09-21T18:00,410.65,380.1,925.6,18.76,2012.16,89.49,70.6,1.08,48.12,0
WELL-02,2026-09-21T19:00,451.51,445.27,986.19,19.57,1982.05,89.41,68.5,1.22,52.33,0
WELL-02,2026-09-21T20:00,445.56,433.85,973.7,18.62,1943.91,92.58,64.6,1.19,52.43,0
WELL-02,2026-09-21T21:00,424.87,434.86,1023.53,19.25,2009.69,93.85,64.5,1.34,49.34,0
WELL-02,2026-09-21T22:00,426.24,393.88,924.08,18.64,2068.05,89.34,74.8,1.12,50.14,0
WELL-02,2026-09-21T23:00,433.91,400.57,923.16,18.22,2075.37,91.74,75.3,1.09,51.87,0
WELL-02,2026-09-22T00:00,425.26,413.43,972.17,19.89,2030.04,91.37,71.2,1.24,50.17,0
WELL-02,2026-09-22T01:00,423.02,407.69,963.75,19.51,1989.39,92.01,64.9,1.22,46.7,0
WELL-02,2026-09-22T02:00,420.1,415.79,989.72,19.3,1982.11,93.7,69.0,1.27,51.7,0
WELL-02,2026-09-22T03:00,429.49,398.39,927.59,18.85,2036.04,94.22,71.6,1.15,50.48,0
WELL-02,2026-09-22T04:00,420.75,429.42,1020.61,19.13,1985.7,90.05,74.5,1.33,51.29,0
WELL-02,2026-09-22T05:00,424.77,421.41,992.1,19.41,2077.57,91.36,73.4,1.28,52.56,0
WELL-02,2026-09-22T06:00,447.44,412.68,922.3,18.37,2081.34,94.19,74.9,1.24,50.54,0
WELL-02,2026-09-22T07:00,443.51,439.15,990.16,19.7,1993.31,92.86,72.4,1.21,47.87,0
WELL-02,2026-09-22T08:00,426.94,422.96,990.67,19.47,1935.33,93.95,65.7,1.15,52.53,0
WELL-02,2026-09-22T09:00,420.72,399.74,950.15,19.47,1938.96,91.44,68.5,1.12,47.88,0
WELL-02,2026-09-22T10:00,418.02,429.68,1027.9,20.05,2044.29,94.45,65.0,1.31,47.64,0
WELL-02,2026-09-22T11:00,445.63,440.67,988.89,19.92,2001.48,90.58,73.0,1.35,52.22,0
WELL-02,2026-09-22T12:00,446.94,456.54,1021.49,19.94,2021.87,92.75,66.9,1.31,48.98,0
WELL-02,2026-09-22T13:00,414.39,418.66,1010.3,19.25,2053.11,90.69,65.8,1.31,51.71,0
WELL-02,2026-09-22T14:00,450.13,426.82,948.22,19.11,2013.63,91.46,65.8,1.15,46.85,0
WELL-02,2026-09-22T15:00,416.98,386.45,926.79,18.46,2045.93,93.74,66.1,1.34,52.29,0
WELL-02,2026-09-22T16:00,420.88,396.65,942.44,19.74,1930.85,92.74,74.9,1.2,51.48,0
WELL-02,2026-09-22T17:00,410.86,382.33,930.56,18.22,1953.12,92.6,68.5,1.09,50.88,0
WELL-02,2026-09-22T18:00,422.88,395.96,936.32,19.96,1954.59,92.54,65.3,1.28,47.76,0
WELL-02,2026-09-22T19:00,414.81,411.36,991.7,18.6,2009.32,90.69,65.3,1.18,48.39,0
WELL-02,2026-09-22T20:00,428.87,405.2,944.81,19.11,1975.01,91.23,68.0,1.35,51.74,0
WELL-02,2026-09-22T21:00,441.6,419.21,949.31,19.12,2081.15,91.56,71.4,1.12,48.73,0
WELL-02,2026-09-22T22:00,422.45,389.52,922.05,19.78,1994.53,93.93,72.3,1.15,48.45,0
WELL-02,2026-09-22T23:00,436.85,444.77,1018.13,18.46,1938.59,90.69,65.2,1.28,47.16,0
WELL-02,2026-09-23T00:00,429.86,441.33,1026.69,18.82,1973.17,93.53,65.1,1.12,49.41,0
WELL-02,2026-09-23T01:00,423.77,434.57,1025.47,18.38,1947.6,92.93,66.2,1.11,51.01,0
WELL-02,2026-09-23T02:00,409.76,406.59,992.25,18.9,1999.74,89.74,68.4,1.18,49.8,0
WELL-02,2026-09-23T03:00,442.31,407.19,920.6,19.49,2005.15,90.32,71.5,1.1,48.42,0
WELL-02,2026-09-23T04:00,439.6,420.71,957.04,18.27,1982.01,93.3,69.4,1.33,50.61,0
WELL-02,2026-09-23T05:00,412.89,408.54,989.48,19.39,2045.16,91.77,67.2,1.23,51.11,0
WELL-02,2026-09-23T06:00,451.98,437.11,967.09,18.62,2060.6,93.96,71.7,1.14,48.88,0
WELL-02,2026-09-23T07:00,433.77,422.93,974.99,19.28,2026.25,93.12,74.8,1.25,48.65,0
WELL-02,2026-09-23T08:00,428.89,439.11,1023.82,19.34,2048.59,90.11,72.2,1.33,49.49,0
WELL-02,2026-09-23T09:00,422.09,402.3,953.12,19.64,2049.2,93.05,66.2,1.35,48.62,0
WELL-02,2026-09-23T10:00,443.51,441.28,994.96,18.96,2073.19,89.86,69.9,1.1,50.05,0
WELL-02,2026-09-23T11:00,411.05,418.03,1017.0,19.79,2059.16,92.58,69.2,1.23,46.67,0
WELL-02,2026-09-23T12:00,436.75,418.58,958.38,19.61,1987.65,93.13,71.7,1.28,46.8,0
WELL-02,2026-09-23T13:00,447.56,414.59,926.34,19.39,1942.32,90.57,72.3,1.21,48.06,0
WELL-02,2026-09-23T14:00,410.62,410.56,999.85,18.24,2014.1,94.65,65.1,1.14,48.39,0
WELL-02,2026-09-23T15:00,448.51,423.06,943.24,18.25,1939.32,91.0,68.1,1.17,51.23,0
WELL-02,2026-09-23T16:00,423.94,434.16,1024.1,18.45,2062.07,94.12,74.7,1.33,48.38,0
WELL-02,2026-09-23T17:00,429.93,398.37,926.59,19.24,2013.0,92.1,75.5,1.17,46.83,0
WELL-02,2026-09-23T18:00,413.81,392.74,949.08,18.65,2073.87,93.49,67.3,1.16,49.95,0
WELL-02,2026-09-23T19:00,420.22,422.23,1004.79,19.97,2050.02,93.39,71.2,1.35,51.77,0
WELL-02,2026-09-23T20:00,413.25,416.18,1007.1,18.68,2050.7,94.44,71.2,1.21,51.13,0
WELL-02,2026-09-23T21:00,434.44,411.6,947.43,19.85,2050.14,94.12,73.1,1.33,52.53,0
WELL-02,2026-09-23T22:00,422.28,425.55,1007.74,19.23,1998.64,93.73,66.8,1.08,50.49,0
WELL-02,2026-09-23T23:00,432.55,430.59,995.46,18.3,2080.6,92.36,73.9,1.32,48.04,0
WELL-02,2026-09-24T00:00,442.89,416.57,940.56,19.57,1961.46,89.26,66.1,1.19,51.46,0
WELL-02,2026-09-24T01:00,423.71,404.72,955.2,18.42,2004.88,94.27,65.3,1.13,52.1,0
WELL-02,2026-09-24T02:00,419.64,395.78,943.14,19.16,1985.86,90.72,64.8,1.07,46.93,0
WELL-02,2026-09-24T03:00,443.04,452.72,1021.85,19.86,2033.62,91.42,69.3,1.16,49.22,0
WELL-02,2026-09-24T04:00,433.17,442.18,1020.79,18.88,2040.31,93.9,72.6,1.08,50.49,0
WELL-02,2026-09-24T05:00,451.82,457.67,1012.95,18.84,2056.63,91.87,70.5,1.26,46.84,0
WELL-02,2026-09-24T06:00,432.97,433.42,1001.04,18.9,2036.68,93.34,66.7,1.23,48.99,0
WELL-02,2026-09-24T07:00,447.55,462.3,1032.96,19.45,1990.88,89.4,69.2,1.33,47.75,0
WELL-02,2026-09-24T08:00,416.7,411.71,988.01,18.82,1971.43,90.47,71.7,1.23,48.27,0
WELL-02,2026-09-24T09:00,429.21,441.9,1029.56,18.71,1949.86,93.48,69.9,1.14,50.32,0
WELL-02,2026-09-24T10:00,421.88,391.95,929.06,18.88,1999.56,92.95,66.8,1.24,50.44,0
WELL-02,2026-09-24T11:00,431.34,436.74,1012.52,20.07,1993.18,93.79,72.2,1.34,51.92,0
WELL-02,2026-09-24T12:00,411.01,383.07,932.02,18.33,1980.83,93.51,68.1,1.32,46.84,0
WELL-02,2026-09-24T13:00,432.18,408.87,946.06,19.44,2059.76,92.14,73.4,1.12,51.5,0
WELL-02,2026-09-24T14:00,447.66,437.64,977.61,19.51,2056.6,93.88,64.7,1.21,49.63,0
WELL-02,2026-09-24T15:00,424.84,402.2,946.71,19.27,2050.48,91.51,73.3,1.16,51.6,0
WELL-02,2026-09-24T16:00,425.25,422.92,994.53,18.42,1981.7,90.8,73.2,1.18,48.81,0
WELL-02,2026-09-24T17:00,442.72,425.4,960.87,19.08,2047.73,90.07,75.4,1.3,46.95,0
WELL-02,2026-09-24T18:00,451.36,415.71,921.01,18.38,2045.63,90.33,71.0,1.24,51.78,0
WELL-02,2026-09-24T19:00,424.1,417.91,985.4,19.92,1931.31,91.32,69.2,1.19,47.6,0
WELL-02,2026-09-24T20:00,450.41,432.93,961.19,19.73,2071.25,91.96,66.7,1.35,49.1,0
WELL-02,2026-09-24T21:00,425.23,391.12,919.8,19.3,2047.94,92.77,70.6,1.3,51.22,0
WELL-02,2026-09-24T22:00,448.11,435.42,971.67,20.11,2068.73,92.34,72.7,1.07,51.08,0
WELL-02,2026-09-24T23:00,429.44,442.25,1029.82,18.69,1985.85,91.87,65.0,1.3,50.52,0
WELL-02,2026-09-25T00:00,416.54,400.95,962.56,18.6,2063.5,91.91,71.7,1.1,49.95,0
WELL-03,2026-06-27T01:00,309.49,403.31,1303.15,20.18,2656.28,84.87,55.7,1.51,44.21,0
WELL-03,2026-06-27T02:00,291.25,357.98,1229.14,19.99,2593.22,85.95,58.8,1.42,42.8,0
WELL-03,2026-06-27T03:00,284.73,353.52,1241.58,20.46,2686.23,86.25,55.6,1.7,43.74,0
WELL-03,2026-06-27T04:00,311.36,404.17,1298.08,19.87,2673.22,87.78,56.2,1.7,43.71,0
WELL-03,2026-06-27T05:00,295.38,359.56,1217.29,19.49,2616.31,85.0,55.9,1.58,43.23,0
WELL-03,2026-06-27T06:00,306.87,391.4,1275.49,20.85,2654.13,87.87,54.9,1.63,41.31,0
WELL-03,2026-06-27T07:00,306.41,386.01,1259.77,20.98,2590.44,87.13,61.9,1.75,40.58,0
WELL-03,2026-06-27T08:00,294.76,353.8,1200.29,20.82,2635.64,87.93,57.0,1.62,41.9,0
WELL-03,2026-06-27T09:00,301.35,369.62,1226.53,20.0,2622.64,87.31,58.5,1.61,44.82,0
WELL-03,2026-06-27T10:00,290.55,385.97,1328.4,19.98,2572.35,89.94,58.9,1.49,44.1,0
WELL-03,2026-06-27T11:00,282.31,337.34,1194.92,20.66,2528.45,85.68,53.5,1.43,44.9,0
WELL-03,2026-06-27T12:00,302.45,381.08,1259.97,20.64,2587.23,85.74,60.3,1.47,43.66,0
WELL-03,2026-06-27T13:00,290.2,351.6,1211.59,20.13,2573.21,89.13,55.0,1.43,42.01,0
WELL-03,2026-06-27T14:00,297.2,365.55,1229.97,20.88,2617.81,85.43,56.0,1.61,43.67,0
WELL-03,2026-06-27T15:00,290.72,385.64,1326.54,21.19,2586.02,88.28,59.0,1.7,45.23,0
WELL-03,2026-06-27T16:00,308.48,407.2,1320.03,20.7,2578.87,85.08,60.2,1.54,43.77,0
WELL-03,2026-06-27T17:00,300.57,375.68,1249.9,19.96,2659.42,87.02,55.3,1.51,43.46,0
WELL-03,2026-06-27T18:00,296.73,384.21,1294.8,19.41,2651.07,85.62,53.9,1.66,41.12,0
WELL-03,2026-06-27T19:00,290.29,379.13,1306.05,20.97,2637.14,85.24,54.2,1.74,41.92,0
WELL-03,2026-06-27T20:00,305.19,383.85,1257.76,19.69,2566.75,89.91,59.7,1.72,43.9,0
WELL-03,2026-06-27T21:00,301.92,364.37,1206.83,19.78,2674.76,87.48,52.8,1.65,42.32,0
WELL-03,2026-06-27T22:00,303.98,386.42,1271.19,20.36,2646.83,87.4,58.4,1.42,42.59,0
WELL-03,2026-06-27T23:00,309.28,378.45,1223.63,19.98,2535.9,85.46,55.4,1.62,41.67,0
WELL-03,2026-06-28T00:00,304.05,397.73,1308.12,20.31,2554.53,88.89,59.7,1.65,44.75,0
WELL-03,2026-06-28T01:00,305.63,374.22,1224.41,19.61,2642.25,86.19,57.2,1.48,40.28,0
WELL-03,2026-06-28T02:00,288.18,375.3,1302.31,21.03,2557.25,86.07,54.7,1.73,43.76,0
WELL-03,2026-06-28T03:00,295.8,371.94,1257.42,21.32,2616.17,88.81,58.8,1.67,40.76,0
WELL-03,2026-06-28T04:00,307.42,374.53,1218.28,21.12,2622.97,87.76,53.2,1.56,41.98,0
WELL-03,2026-06-28T05:00,286.61,341.79,1192.5,19.68,2649.83,86.99,59.8,1.56,40.18,0
WELL-03,2026-06-28T06:00,305.31,377.27,1235.68,19.42,2649.58,88.11,60.9,1.58,45.03,0
WELL-03,2026-06-28T07:00,285.43,362.15,1268.78,20.54,2658.65,89.97,59.1,1.62,44.9,0
WELL-03,2026-06-28T08:00,297.25,365.6,1229.92,20.6,2572.41,88.29,56.6,1.39,44.78,0
WELL-03,2026-06-28T09:00,296.42,354.07,1194.46,20.73,2571.97,85.78,61.8,1.5,44.17,0
WELL-03,2026-06-28T10:00,283.79,356.45,1256.03,20.07,2645.0,84.93,56.8,1.67,44.47,0
WELL-03,2026-06-28T11:00,301.12,390.66,1297.37,19.55,2677.99,89.27,57.3,1.42,42.24,0
WELL-03,2026-06-28T12:00,297.49,360.8,1212.82,21.15,2583.22,86.57,54.7,1.55,44.89,0
WELL-03,2026-06-28T13:00,296.49,396.12,1336.03,19.83,2571.7,87.57,57.5,1.67,43.7,0
WELL-03,2026-06-28T14:00,284.84,346.68,1217.09,20.96,2643.7,87.8,60.6,1.52,42.27,0
WELL-03,2026-06-28T15:00,299.56,358.29,1196.06,20.38,2517.72,86.55,54.0,1.42,43.74,0
WELL-03,2026-06-28T16:00,289.8,383.81,1324.4,20.55,2489.29,88.33,59.6,1.47,43.24,0
WELL-03,2026-06-28T17:00,289.51,352.6,1217.94,21.33,2590.0,88.72,59.5,1.54,43.11,0
WELL-03,2026-06-28T18:00,297.74,363.43,1220.6,19.97,2676.52,87.21,54.8,1.75,42.36,0
WELL-03,2026-06-28T19:00,304.86,377.84,1239.4,20.96,2564.18,89.13,61.7,1.51,44.53,0
WELL-03,2026-06-28T20:00,304.98,405.1,1328.3,20.76,2662.5,86.96,53.7,1.48,42.79,0
WELL-03,2026-06-28T21:00,305.68,408.07,1334.96,20.0,2506.05,89.37,53.5,1.49,40.6,0
WELL-03,2026-06-28T22:00,288.83,361.52,1251.67,21.22,2495.03,85.17,53.9,1.46,44.96,0
WELL-03,2026-06-28T23:00,284.34,380.84,1339.39,21.23,2671.84,87.13,61.5,1.63,42.97,0
WELL-03,2026-06-29T00:00,300.0,401.0,1336.7,19.66,2599.75,89.84,56.8,1.7,43.8,0
WELL-03,2026-06-29T01:00,293.47,349.99,1192.6,21.14,2595.05,89.43,54.1,1.61,41.09,0
WELL-03,2026-06-29T02:00,291.81,366.17,1254.81,20.15,2590.77,85.3,56.8,1.64,44.38,0
WELL-03,2026-06-29T03:00,293.55,372.75,1269.81,20.94,2520.58,85.24,58.3,1.38,42.54,0
WELL-03,2026-06-29T04:00,310.67,400.7,1289.79,19.56,2642.62,86.31,54.6,1.43,40.79,0
WELL-03,2026-06-29T05:00,293.66,380.44,1295.52,21.0,2581.74,85.93,53.5,1.66,43.34,0
WELL-03,2026-06-29T06:00,298.77,396.62,1327.51,19.96,2543.41,89.12,56.2,1.59,45.23,0
WELL-03,2026-06-29T07:00,307.53,371.05,1206.55,20.1,2574.11,87.52,55.0,1.75,44.54,0
WELL-03,2026-06-29T08:00,309.04,379.22,1227.09,20.2,2573.9,88.18,55.2,1.51,40.82,0
WELL-03,2026-06-29T09:00,307.16,392.2,1276.85,21.16,2568.01,89.73,61.7,1.56,44.93,0
WELL-03,2026-06-29T10:00,301.62,390.64,1295.16,21.27,2573.78,89.48,56.1,1.63,42.61,0
WELL-03,2026-06-29T11:00,282.51,345.13,1221.64,20.84,2633.27,90.05,58.0,1.58,40.96,0
WELL-03,2026-06-29T12:00,283.59,348.53,1229.0,21.05,2677.55,86.67,61.9,1.52,41.22,0
WELL-03,2026-06-29T13:00,302.11,387.9,1283.99,19.81,2565.98,85.79,59.6,1.62,40.2,0
WELL-03,2026-06-29T14:00,311.54,411.07,1319.46,19.97,2534.87,88.65,53.9,1.53,41.5,0
WELL-03,2026-06-29T15:00,309.49,382.52,1235.98,19.74,2634.05,88.38,58.5,1.69,40.53,0
WELL-03,2026-06-29T16:00,310.23,398.39,1284.15,19.93,2647.59,86.68,57.7,1.47,44.43,0
WELL-03,2026-06-29T17:00,302.48,371.53,1228.29,21.28,2609.24,85.31,57.9,1.72,43.73,0
WELL-03,2026-06-29T18:00,284.82,341.21,1197.98,21.31,2610.56,89.1,59.1,1.7,42.53,0
WELL-03,2026-06-29T19:00,306.42,370.16,1208.01,19.55,2563.6,88.88,60.6,1.6,40.2,0
WELL-03,2026-06-29T20:00,292.64,377.51,1290.05,20.81,2624.41,85.76,55.2,1.65,44.09,0
WELL-03,2026-06-29T21:00,288.38,375.95,1303.68,20.83,2547.58,85.68,59.7,1.4,43.11,0
WELL-03,2026-06-29T22:00,295.96,377.01,1273.88,21.28,2680.67,86.39,61.6,1.46,44.57,0
WELL-03,2026-06-29T23:00,298.56,357.06,1195.94,21.36,2552.31,89.58,60.0,1.61,42.12,0
WELL-03,2026-06-30T00:00,302.45,386.36,1277.42,19.66,2666.41,87.67,56.7,1.51,42.9,0
WELL-03,2026-06-30T01:00,293.36,374.87,1277.85,20.3,2650.19,87.8,58.8,1.73,40.23,0
WELL-03,2026-06-30T02:00,293.65,366.21,1247.09,20.27,2611.95,89.44,59.6,1.62,41.96,0
WELL-03,2026-06-30T03:00,303.83,370.4,1219.09,19.81,2489.1,89.49,53.3,1.53,44.93,0
WELL-03,2026-06-30T04:00,297.5,359.71,1209.11,20.07,2493.53,87.37,61.3,1.61,43.89,0
WELL-03,2026-06-30T05:00,297.89,370.76,1244.61,19.95,2589.16,87.63,57.7,1.71,41.83,0
WELL-03,2026-06-30T06:00,303.36,372.59,1228.21,20.5,2595.4,89.63,55.7,1.47,43.45,0
WELL-03,2026-06-30T07:00,304.91,399.55,1310.38,19.82,2628.44,86.35,52.7,1.63,42.49,0
WELL-03,2026-06-30T08:00,288.77,352.91,1222.12,20.47,2616.13,87.74,57.9,1.6,43.16,0
WELL-03,2026-06-30T09:00,295.61,382.45,1293.76,19.91,2557.94,87.14,60.9,1.71,44.39,0
WELL-03,2026-06-30T10:00,288.02,356.13,1236.46,21.26,2517.03,88.62,61.1,1.76,40.76,0
WELL-03,2026-06-30T11:00,283.51,352.15,1242.11,20.11,2678.82,85.32,59.6,1.59,40.45,0
WELL-03,2026-06-30T12:00,311.42,407.62,1308.92,20.17,2666.41,89.71,55.6,1.58,40.15,0
WELL-03,2026-06-30T13:00,300.54,391.04,1301.16,21.17,2618.08,86.61,60.2,1.53,43.84,0
WELL-03,2026-06-30T14:00,284.38,349.57,1229.22,19.48,2564.89,87.34,56.5,1.58,43.4,0
WELL-03,2026-06-30T15:00,307.17,407.51,1326.65,20.82,2610.36,87.9,52.9,1.65,44.78,0
WELL-03,2026-06-30T16:00,299.64,371.51,1239.88,20.85,2623.21,87.93,60.0,1.54,44.89,0
WELL-03,2026-06-30T17:00,306.43,373.17,1217.79,20.12,2619.88,88.68,58.6,1.42,41.84,0
WELL-03,2026-06-30T18:00,285.86,366.93,1283.6,20.93,2497.36,86.24,58.3,1.45,43.22,0
WELL-03,2026-06-30T19:00,295.44,374.31,1266.96,19.97,2646.55,87.16,54.5,1.73,44.49,0
WELL-03,2026-06-30T20:00,282.92,355.39,1256.13,20.77,2549.01,87.31,53.3,1.4,41.75,0
WELL-03,2026-06-30T21:00,287.38,348.17,1211.54,20.59,2530.77,85.22,58.4,1.64,44.32,0
WELL-03,2026-06-30T22:00,299.69,397.97,1327.94,20.81,2529.39,86.24,59.3,1.42,44.44,0
WELL-03,2026-06-30T23:00,294.32,385.92,1311.23,20.59,2532.35,85.59,59.9,1.63,42.44,0
WELL-03,2026-07-01T00:00,296.94,380.96,1282.97,20.87,2551.18,85.19,54.4,1.72,40.59,0
WELL-03,2026-07-01T01:00,301.74,392.42,1300.5,21.27,2622.31,88.64,56.1,1.69,41.41,0
WELL-03,2026-07-01T02:00,311.73,371.34,1191.21,20.25,2606.92,89.41,57.4,1.65,42.31,0
WELL-03,2026-07-01T03:00,298.7,357.95,1198.36,20.79,2505.66,89.8,57.9,1.48,40.87,0
WELL-03,2026-07-01T04:00,307.38,402.37,1309.03,19.38,2687.17,85.4,57.3,1.59,43.2,0
WELL-03,2026-07-01T05:00,293.93,360.83,1227.62,19.47,2614.23,87.4,59.3,1.58,40.71,0
WELL-03,2026-07-01T06:00,295.68,355.73,1203.06,20.47,2496.93,88.26,60.8,1.44,40.89,0
WELL-03,2026-07-01T07:00,292.27,360.89,1234.79,21.19,2507.09,89.1,55.5,1.63,41.65,0
WELL-03,2026-07-01T08:00,288.0,363.04,1260.58,20.33,2541.93,85.88,58.1,1.59,43.74,0
WELL-03,2026-07-01T09:00,292.06,388.83,1331.31,20.9,2578.53,85.28,61.6,1.74,41.54,0
WELL-03,2026-07-01T10:00,308.28,406.34,1318.1,20.86,2593.63,86.77,61.2,1.75,40.28,0
WELL-03,2026-07-01T11:00,304.89,396.4,1300.14,19.65,2590.02,88.01,55.2,1.52,44.97,0
WELL-03,2026-07-01T12:00,284.18,345.87,1217.06,20.14,2560.41,88.2,57.8,1.72,42.53,0
WELL-03,2026-07-01T13:00,292.53,373.38,1276.4,20.2,2616.38,88.38,57.4,1.69,41.84,0
WELL-03,2026-07-01T14:00,282.63,339.36,1200.75,19.63,2481.36,88.11,60.5,1.66,43.91,0
WELL-03,2026-07-01T15:00,289.24,360.37,1245.91,20.31,2638.7,89.21,55.3,1.42,44.79,0
WELL-03,2026-07-01T16:00,304.41,380.5,1249.95,20.36,2603.32,86.3,60.3,1.5,41.6,0
WELL-03,2026-07-01T17:00,292.95,356.45,1216.77,20.04,2674.67,89.67,55.0,1.65,41.01,0
WELL-03,2026-07-01T18:00,295.41,356.88,1208.09,19.52,2609.63,86.81,53.4,1.72,43.8,0
WELL-03,2026-07-01T19:00,291.31,376.15,1291.21,19.49,2670.82,88.61,55.9,1.51,43.04,0
WELL-03,2026-07-01T20:00,309.07,409.8,1325.91,19.75,2510.32,89.94,53.2,1.62,44.07,0
WELL-03,2026-07-01T21:00,309.47,399.98,1292.45,19.81,2581.29,84.94,57.3,1.54,44.8,0
WELL-03,2026-07-01T22:00,298.97,400.15,1338.43,19.89,2666.22,86.24,58.5,1.74,41.44,0
WELL-03,2026-07-01T23:00,285.29,373.38,1308.78,20.17,2518.31,87.22,53.8,1.66,44.79,0
WELL-03,2026-07-02T00:00,289.14,348.27,1204.5,20.36,2636.66,87.62,60.8,1.55,42.12,0
WELL-03,2026-07-02T01:00,298.21,379.48,1272.54,19.71,2560.8,88.2,55.4,1.64,43.54,0
WELL-03,2026-07-02T02:00,303.95,390.05,1283.28,19.88,2673.0,88.11,54.4,1.68,44.41,0
WELL-03,2026-07-02T03:00,311.35,396.09,1272.16,19.79,2501.39,88.89,56.4,1.56,43.43,0
WELL-03,2026-07-02T04:00,301.13,379.51,1260.26,20.74,2622.23,87.17,58.8,1.7,42.44,0
WELL-03,2026-07-02T05:00,310.21,401.67,1294.84,20.57,2503.31,86.56,61.1,1.51,42.95,0
WELL-03,2026-07-02T06:00,290.03,345.83,1192.42,20.77,2655.26,88.29,61.5,1.57,43.55,0
WELL-03,2026-07-02T07:00,304.06,392.03,1289.32,21.01,2499.79,89.15,57.3,1.67,44.72,0
WELL-03,2026-07-02T08:00,307.93,391.85,1272.53,19.38,2578.87,87.8,60.8,1.41,40.37,0
WELL-03,2026-07-02T09:00,284.37,361.02,1269.57,19.67,2553.72,85.1,56.4,1.5,41.02,0
WELL-03,2026-07-02T10:00,282.25,377.98,1339.14,20.59,2645.33,86.86,60.1,1.63,43.74,0
WELL-03,2026-07-02T11:00,288.0,364.19,1264.54,19.62,2592.22,87.87,58.7,1.75,42.91,0
WELL-03,2026-07-02T12:00,298.8,357.61,1196.83,20.38,2632.58,86.01,59.5,1.59,44.55,0
WELL-03,2026-07-02T13:00,290.28,345.4,1189.87,19.62,2670.5,88.63,58.8,1.45,42.51,0
WELL-03,2026-07-02T14:00,292.26,383.71,1312.91,20.1,2508.81,87.04,60.3,1.48,42.59,0
WELL-03,2026-07-02T15:00,283.15,343.37,1212.67,21.14,2650.41,87.77,56.0,1.39,41.43,0
WELL-03,2026-07-02T16:00,287.15,348.84,1214.84,20.28,2544.79,86.38,56.9,1.64,41.14,0
WELL-03,2026-07-02T17:00,293.7,379.77,1293.03,20.88,2606.84,84.99,60.0,1.46,40.38,0
WELL-03,2026-07-02T18:00,308.15,380.25,1233.98,21.2,2489.51,86.39,57.1,1.6,44.64,0
WELL-03,2026-07-02T19:00,306.09,369.46,1207.01,20.81,2650.8,87.36,56.8,1.4,43.65,0
WELL-03,2026-07-02T20:00,303.38,374.84,1235.55,21.16,2609.76,89.55,58.3,1.41,42.03,0
WELL-03,2026-07-02T21:00,301.69,385.98,1279.4,21.34,2583.37,84.91,54.5,1.47,45.09,0
WELL-03,2026-07-02T22:00,294.12,364.16,1238.12,19.75,2596.2,88.25,60.1,1.68,41.41,0
WELL-03,2026-07-02T23:00,305.89,399.69,1306.65,20.47,2663.11,89.78,54.4,1.68,41.14,0
WELL-03,2026-07-03T00:00,302.53,398.72,1317.95,19.67,2633.94,87.69,59.3,1.4,40.29,0
WELL-03,2026-07-03T01:00,287.51,381.96,1328.53,21.11,2529.42,88.61,54.4,1.47,44.81,0
WELL-03,2026-07-03T02:00,306.58,374.9,1222.86,21.32,2505.25,86.22,55.0,1.41,44.14,0
WELL-03,2026-07-03T03:00,292.93,358.03,1222.22,20.28,2680.96,87.68,52.8,1.41,45.19,0
WELL-03,2026-07-03T04:00,303.09,379.73,1252.87,20.79,2545.18,89.38,58.9,1.53,44.73,0
WELL-03,2026-07-03T05:00,288.32,362.23,1256.33,21.21,2623.4,85.43,57.7,1.47,43.65,0
WELL-03,2026-07-03T06:00,290.82,346.06,1189.93,19.38,2590.16,90.06,61.8,1.5,45.14,0
WELL-03,2026-07-03T07:00,299.25,371.13,1240.21,20.24,2646.06,87.53,59.6,1.69,41.12,0
WELL-03,2026-07-03T08:00,288.32,344.28,1194.11,20.53,2553.45,89.42,53.4,1.64,43.92,0
WELL-03,2026-07-03T09:00,296.59,378.45,1276.0,20.57,2514.36,85.35,53.7,1.7,41.47,0
WELL-03,2026-07-03T10:00,289.02,378.02,1307.94,20.84,2541.12,87.22,56.1,1.64,40.29,0
WELL-03,2026-07-03T11:00,288.09,347.87,1207.49,20.31,2672.68,87.78,59.7,1.51,41.76,0
WELL-03,2026-07-03T12:00,307.65,381.86,1241.21,20.8,2548.7,89.11,61.0,1.43,41.48,0
WELL-03,2026-07-03T13:00,291.18,378.04,1298.33,20.4,2581.9,84.88,58.4,1.44,41.39,0
WELL-03,2026-07-03T14:00,297.56,383.48,1288.76,20.93,2589.09,89.52,52.9,1.64,44.28,0
WELL-03,2026-07-03T15:00,310.92,388.41,1249.24,20.46,2580.4,84.96,59.0,1.69,42.32,0
WELL-03,2026-07-03T16:00,310.23,398.47,1284.41,20.99,2600.27,85.64,56.9,1.4,42.93,0
WELL-03,2026-07-03T17:00,311.33,376.64,1209.78,20.53,2555.85,88.31,57.0,1.51,44.83,0
WELL-03,2026-07-03T18:00,298.66,389.58,1304.42,19.43,2541.54,89.05,59.9,1.43,42.58,0
WELL-03,2026-07-03T19:00,301.07,400.35,1329.77,20.97,2496.42,89.75,56.3,1.65,44.69,0
WELL-03,2026-07-03T20:00,283.06,359.33,1269.45,21.32,2645.19,88.4,61.5,1.63,41.17,0
WELL-03,2026-07-03T21:00,286.53,351.32,1226.14,19.68,2521.19,88.78,58.0,1.65,42.19,0
WELL-03,2026-07-03T22:00,294.82,388.93,1319.2,20.21,2606.2,87.77,57.1,1.5,40.32,0
WELL-03,2026-07-03T23:00,295.09,366.33,1241.42,21.08,2631.77,86.86,57.1,1.39,40.13,0
WELL-03,2026-07-04T00:00,304.95,378.28,1240.45,20.82,2561.66,84.99,59.0,1.44,42.83,0
WELL-03,2026-07-04T01:00,290.99,351.07,1206.49,21.3,2589.53,85.5,55.5,1.64,41.85,0
WELL-03,2026-07-04T02:00,294.22,379.44,1289.66,19.66,2590.3,85.93,53.8,1.74,44.94,0
WELL-03,2026-07-04T03:00,293.4,365.24,1244.85,21.02,2612.08,87.15,53.3,1.62,45.06,0
WELL-03,2026-07-04T04:00,306.41,406.07,1325.22,19.99,2595.02,88.88,57.8,1.7,42.76,0
WELL-03,2026-07-04T05:00,295.57,364.21,1232.22,21.33,2684.97,86.08,54.0,1.72,42.66,0
WELL-03,2026-07-04T06:00,297.78,383.08,1286.46,21.23,2517.6,88.91,55.9,1.62,41.38,0
WELL-03,2026-07-04T07:00,307.8,381.53,1239.56,20.13,2525.76,87.94,58.1,1.48,45.12,0
WELL-03,2026-07-04T08:00,311.3,398.71,1280.77,19.74,2569.63,86.31,53.1,1.44,43.12,0
WELL-03,2026-07-04T09:00,307.95,392.67,1275.13,20.81,2558.32,86.02,60.9,1.71,42.17,0
WELL-03,2026-07-04T10:00,289.48,363.8,1256.74,20.03,2570.98,86.65,58.7,1.63,42.58,0
WELL-03,2026-07-04T11:00,303.51,404.06,1331.29,21.14,2642.15,89.42,54.1,1.45,43.52,0
WELL-03,2026-07-04T12:00,298.31,390.0,1307.37,19.87,2659.43,86.73,61.2,1.45,42.1,0
WELL-03,2026-07-04T13:00,310.04,383.89,1238.21,20.92,2575.71,87.31,60.8,1.49,40.82,0
WELL-03,2026-07-04T14:00,291.23,365.17,1253.87,19.52,2601.46,89.41,57.5,1.56,45.17,0
WELL-03,2026-07-04T15:00,287.0,355.6,1239.01,20.91,2563.18,85.22,59.4,1.65,40.64,0
WELL-03,2026-07-04T16:00,300.04,368.38,1227.78,19.54,2488.5,89.44,55.2,1.75,42.34,0
WELL-03,2026-07-04T17:00,309.2,367.61,1188.91,21.38,2566.74,90.02,59.4,1.42,41.61,0
WELL-03,2026-07-04T18:00,292.41,382.95,1309.62,20.75,2587.05,89.86,55.4,1.47,44.37,0
WELL-03,2026-07-04T19:00,289.6,352.68,1217.82,20.19,2495.88,87.97,57.6,1.72,45.17,0
WELL-03,2026-07-04T20:00,288.99,349.2,1208.34,20.44,2577.49,85.07,56.4,1.54,42.12,0
WELL-03,2026-07-04T21:00,283.44,375.67,1325.37,21.31,2559.4,89.92,53.1,1.52,42.69,0
WELL-03,2026-07-04T22:00,289.01,361.59,1251.13,21.1,2619.07,87.24,55.5,1.47,42.14,0
WELL-03,2026-07-04T23:00,288.9,343.88,1190.32,21.29,2494.11,88.86,59.3,1.7,43.57,0
WELL-03,2026-07-05T00:00,301.39,367.79,1220.31,19.92,2658.29,85.96,54.6,1.51,44.76,0
WELL-03,2026-07-05T01:00,292.77,389.45,1330.25,20.5,2609.66,87.49,60.1,1.47,43.7,0
WELL-03,2026-07-05T02:00,290.99,346.0,1189.07,19.54,2647.15,90.0,56.9,1.6,42.05,0
WELL-03,2026-07-05T03:00,311.5,389.55,1250.55,19.91,2625.74,87.11,59.6,1.52,41.53,0
WELL-03,2026-07-05T04:00,289.61,361.07,1246.75,19.86,2685.14,86.67,58.5,1.74,43.77,0
WELL-03,2026-07-05T05:00,297.79,381.98,1282.7,20.29,2486.61,85.39,61.8,1.6,44.92,0
WELL-03,2026-07-05T06:00,305.37,393.43,1288.36,20.72,2563.96,89.84,57.0,1.63,44.99,0
WELL-03,2026-07-05T07:00,296.02,387.74,1309.84,19.63,2516.16,85.73,53.5,1.51,43.81,0
WELL-03,2026-07-05T08:00,285.02,347.96,1220.84,19.87,2614.02,85.83,54.1,1.54,43.23,0
WELL-03,2026-07-05T09:00,299.11,356.89,1193.17,20.32,2670.43,88.49,53.4,1.39,42.84,0
WELL-03,2026-07-05T10:00,284.02,354.14,1246.91,20.82,2652.58,85.42,54.8,1.66,44.21,0
WELL-03,2026-07-05T11:00,311.11,380.57,1223.27,20.17,2555.87,86.75,56.7,1.5,43.27,0
WELL-03,2026-07-05T12:00,307.28,377.93,1229.92,20.21,2599.91,85.56,58.5,1.65,45.21,0
WELL-03,2026-07-05T13:00,293.4,374.31,1275.77,20.63,2604.75,88.3,58.8,1.62,40.71,0
WELL-03,2026-07-05T14:00,283.86,376.0,1324.6,20.2,2618.24,85.19,58.7,1.47,40.13,0
WELL-03,2026-07-05T15:00,297.57,360.98,1213.09,20.52,2486.41,87.38,57.2,1.48,43.27,0
WELL-03,2026-07-05T16:00,307.05,401.32,1307.01,19.64,2670.94,85.41,57.0,1.45,43.51,0
WELL-03,2026-07-05T17:00,307.83,410.23,1332.67,21.15,2567.71,88.19,59.2,1.56,42.16,0
WELL-03,2026-07-05T18:00,285.95,370.03,1294.01,20.54,2520.65,89.87,53.6,1.71,43.81,0
WELL-03,2026-07-05T19:00,290.23,348.56,1200.98,20.89,2490.44,86.81,55.1,1.6,42.58,0
WELL-03,2026-07-05T20:00,283.78,354.16,1248.01,21.27,2603.93,85.19,57.5,1.46,40.45,0
WELL-03,2026-07-05T21:00,291.18,382.74,1314.46,20.21,2614.31,85.85,53.7,1.71,42.5,0
WELL-03,2026-07-05T22:00,292.76,356.55,1217.92,20.53,2507.69,86.66,60.0,1.74,45.23,0
WELL-03,2026-07-05T23:00,308.02,393.22,1276.6,19.42,2551.1,86.61,60.5,1.51,44.06,0
WELL-03,2026-07-06T00:00,292.78,383.69,1310.52,20.23,2555.23,88.07,53.3,1.52,41.53,0
WELL-03,2026-07-06T01:00,284.17,352.48,1240.41,20.43,2663.8,88.14,60.1,1.64,40.68,0
WELL-03,2026-07-06T02:00,288.7,371.52,1286.87,21.22,2589.39,88.87,53.4,1.48,42.47,0
WELL-03,2026-07-06T03:00,304.13,385.85,1268.67,19.52,2677.04,89.85,53.4,1.65,43.87,0
WELL-03,2026-07-06T04:00,297.96,363.16,1218.8,20.96,2540.53,86.12,55.5,1.61,43.42,0
WELL-03,2026-07-06T05:00,310.0,369.97,1193.44,20.08,2619.69,89.42,54.2,1.61,44.45,0
WELL-03,2026-07-06T06:00,302.68,383.01,1265.38,19.95,2589.41,86.59,58.8,1.44,42.6,0
WELL-03,2026-07-06T07:00,286.65,361.31,1260.48,19.46,2493.77,87.35,58.9,1.57,41.43,0
WELL-03,2026-07-06T08:00,308.66,383.2,1241.49,21.23,2590.37,86.83,57.3,1.43,40.72,0
WELL-03,2026-07-06T09:00,306.41,388.1,1266.57,20.77,2679.6,88.29,57.3,1.72,44.42,0
WELL-03,2026-07-06T10:00,284.03,374.57,1318.75,20.66,2548.27,89.66,60.7,1.74,44.43,0
WELL-03,2026-07-06T11:00,286.25,379.89,1327.15,20.4,2540.36,86.19,54.6,1.68,42.31,0
WELL-03,2026-07-06T12:00,282.59,370.81,1312.2,19.99,2512.49,86.42,58.9,1.6,43.6,0
WELL-03,2026-07-06T13:00,285.51,364.73,1277.44,20.58,2491.06,86.6,60.5,1.72,44.95,0
WELL-03,2026-07-06T14:00,287.07,351.01,1222.74,19.87,2535.96,85.77,58.3,1.58,40.85,0
WELL-03,2026-07-06T15:00,292.64,377.95,1291.51,20.5,2549.06,87.96,53.9,1.69,44.12,0
WELL-03,2026-07-06T16:00,310.82,407.92,1312.43,21.2,2567.7,89.02,54.0,1.53,43.73,0
WELL-03,2026-07-06T17:00,297.7,366.39,1230.74,19.91,2607.69,88.44,59.5,1.54,40.98,0
WELL-03,2026-07-06T18:00,293.79,362.88,1235.17,20.85,2550.36,87.69,54.0,1.71,43.91,0
WELL-03,2026-07-06T19:00,282.93,350.83,1239.99,21.24,2502.89,89.83,61.4,1.54,44.95,0
WELL-03,2026-07-06T20:00,311.6,411.34,1320.07,20.21,2559.46,86.19,59.4,1.45,43.02,0
WELL-03,2026-07-06T21:00,300.56,380.03,1264.42,20.34,2659.84,88.37,55.7,1.56,44.27,0
WELL-03,2026-07-06T22:00,285.86,342.9,1199.53,21.05,2636.54,86.77,61.8,1.55,42.89,0
WELL-03,2026-07-06T23:00,300.79,389.74,1295.72,21.11,2661.03,85.26,58.6,1.41,42.49,0
WELL-03,2026-07-07T00:00,284.55,348.58,1225.0,20.17,2498.76,89.25,54.2,1.6,43.02,0
WELL-03,2026-07-07T01:00,293.15,390.82,1333.16,20.06,2617.55,89.3,59.9,1.75,44.01,0
WELL-03,2026-07-07T02:00,299.05,369.72,1236.3,19.76,2628.22,84.94,60.1,1.52,41.83,0
WELL-03,2026-07-07T03:00,304.63,389.43,1278.38,19.51,2576.82,89.84,58.3,1.48,40.68,0
WELL-03,2026-07-07T04:00,289.59,352.46,1217.11,20.87,2625.27,88.93,61.5,1.59,40.74,0
WELL-03,2026-07-07T05:00,299.65,383.96,1281.36,20.7,2508.11,89.75,52.9,1.64,41.34,0
WELL-03,2026-07-07T06:00,290.14,370.93,1278.47,19.78,2522.08,88.02,58.8,1.67,44.21,0
WELL-03,2026-07-07T07:00,301.37,375.04,1244.48,20.71,2547.54,88.37,61.8,1.49,43.85,0
WELL-03,2026-07-07T08:00,298.51,395.89,1326.23,20.02,2680.45,85.33,56.5,1.68,40.68,0
WELL-03,2026-07-07T09:00,293.65,383.93,1307.46,19.5,2642.37,85.77,57.2,1.49,42.31,0
WELL-03,2026-07-07T10:00,291.84,373.89,1281.15,21.22,2491.28,86.5,54.1,1.43,42.76,0
WELL-03,2026-07-07T11:00,286.72,379.82,1324.71,19.89,2631.84,86.57,54.4,1.56,41.03,0
WELL-03,2026-07-07T12:00,302.17,362.89,1200.97,19.65,2612.16,86.49,56.5,1.5,44.84,0
WELL-03,2026-07-07T13:00,287.95,347.99,1208.53,19.52,2501.64,88.46,54.4,1.6,44.84,0
WELL-03,2026-07-07T14:00,303.85,362.72,1193.77,20.18,2682.33,87.01,58.9,1.56,43.8,0
WELL-03,2026-07-07T15:00,307.51,379.42,1233.85,21.35,2661.17,85.68,57.4,1.46,44.84,0
WELL-03,2026-07-07T16:00,286.26,376.25,1314.36,19.86,2627.63,85.29,57.7,1.62,41.04,0
WELL-03,2026-07-07T17:00,310.95,414.33,1332.48,20.35,2594.71,86.72,55.1,1.53,42.99,0
WELL-03,2026-07-07T18:00,284.66,376.07,1321.12,20.81,2678.93,85.06,57.4,1.59,42.87,0
WELL-03,2026-07-07T19:00,294.14,355.04,1207.06,20.78,2487.49,85.18,54.0,1.55,40.67,0
WELL-03,2026-07-07T20:00,291.56,354.69,1216.51,21.01,2670.73,86.4,61.6,1.44,44.83,0
WELL-03,2026-07-07T21:00,294.1,392.31,1333.93,20.53,2501.66,85.86,54.8,1.68,42.98,0
WELL-03,2026-07-07T22:00,305.82,402.75,1316.98,20.29,2573.47,86.4,59.3,1.51,40.85,0
WELL-03,2026-07-07T23:00,297.46,398.1,1338.36,20.27,2549.36,85.37,54.2,1.54,44.4,0
WELL-03,2026-07-08T00:00,289.04,362.43,1253.89,19.4,2608.86,89.99,53.8,1.49,41.89,0
WELL-03,2026-07-08T01:00,305.86,409.67,1339.43,21.37,2523.51,85.24,53.4,1.4,44.91,0
WELL-03,2026-07-08T02:00,289.44,359.55,1242.24,20.1,2570.78,89.67,60.4,1.67,45.16,0
WELL-03,2026-07-08T03:00,297.97,362.99,1218.21,20.09,2554.63,87.44,55.6,1.61,43.48,0
WELL-03,2026-07-08T04:00,282.15,349.32,1238.09,19.46,2573.11,86.68,53.0,1.74,41.13,0
WELL-03,2026-07-08T05:00,286.59,357.92,1248.9,21.0,2654.76,87.95,60.7,1.65,40.12,0
WELL-03,2026-07-08T06:00,296.43,356.36,1202.18,19.66,2556.89,86.1,59.0,1.45,40.65,0
WELL-03,2026-07-08T07:00,293.24,377.24,1286.46,20.2,2658.2,89.25,57.1,1.64,41.66,0
WELL-03,2026-07-08T08:00,301.25,403.09,1338.06,19.77,2625.92,89.86,56.2,1.49,43.17,0
WELL-03,2026-07-08T09:00,305.65,391.56,1281.09,21.26,2588.57,86.87,57.4,1.58,43.86,0
WELL-03,2026-07-08T10:00,306.77,393.61,1283.08,20.37,2525.4,86.27,55.5,1.67,42.41,0
WELL-03,2026-07-08T11:00,296.29,368.26,1242.9,19.38,2531.5,89.25,54.8,1.55,44.99,0
WELL-03,2026-07-08T12:00,309.39,399.45,1291.09,20.78,2488.73,90.07,60.6,1.68,44.85,0
WELL-03,2026-07-08T13:00,290.01,376.03,1296.64,20.28,2517.54,86.49,54.2,1.51,42.27,0
WELL-03,2026-07-08T14:00,297.47,363.5,1221.97,20.65,2533.05,85.81,55.6,1.64,44.71,0
WELL-03,2026-07-08T15:00,307.37,405.84,1320.37,20.78,2560.06,86.1,57.7,1.73,44.01,0
WELL-03,2026-07-08T16:00,284.59,361.04,1268.62,20.11,2616.5,87.62,58.3,1.67,45.16,0
WELL-03,2026-07-08T17:00,298.79,368.75,1234.14,21.02,2582.94,85.18,57.7,1.62,42.64,0
WELL-03,2026-07-08T18:00,306.96,369.38,1203.35,20.03,2530.72,84.84,54.0,1.41,41.66,0
WELL-03,2026-07-08T19:00,309.44,374.03,1208.73,19.86,2495.09,84.88,59.6,1.67,43.2,0
WELL-03,2026-07-08T20:00,299.15,371.31,1241.22,20.39,2669.98,86.13,56.0,1.42,42.74,0
WELL-03,2026-07-08T21:00,311.03,405.7,1304.36,21.02,2612.18,89.11,59.3,1.42,43.0,0
WELL-03,2026-07-08T22:00,295.2,379.89,1286.89,19.88,2495.46,88.46,55.4,1.56,41.67,0
WELL-03,2026-07-08T23:00,304.74,378.62,1242.45,20.23,2635.99,87.53,56.0,1.6,40.76,0
WELL-03,2026-07-09T00:00,289.84,360.6,1244.13,20.38,2669.52,87.41,55.4,1.66,42.18,0
WELL-03,2026-07-09T01:00,282.7,364.34,1288.77,19.45,2618.62,86.17,60.8,1.57,41.59,0
WELL-03,2026-07-09T02:00,289.77,376.77,1300.22,21.28,2505.22,87.45,60.3,1.43,44.52,0
WELL-03,2026-07-09T03:00,287.3,349.46,1216.36,19.47,2546.47,89.8,53.3,1.45,43.85,0
WELL-03,2026-07-09T04:00,298.92,392.58,1313.32,19.86,2483.66,87.43,54.4,1.41,43.77,0
WELL-03,2026-07-09T05:00,309.01,406.37,1315.05,20.68,2650.04,85.68,55.1,1.46,42.69,0
WELL-03,2026-07-09T06:00,300.07,382.65,1275.19,21.04,2550.01,87.23,57.0,1.4,41.53,0
WELL-03,2026-07-09T07:00,310.82,373.57,1201.88,20.86,2635.01,89.68,57.7,1.52,40.8,0
WELL-03,2026-07-09T08:00,307.73,406.22,1320.07,20.97,2593.95,85.63,61.2,1.58,44.57,0
WELL-03,2026-07-09T09:00,307.36,383.02,1246.16,20.95,2516.34,87.77,59.8,1.7,41.31,0
WELL-03,2026-07-09T10:00,305.99,402.15,1314.25,21.34,2521.81,85.65,54.2,1.42,42.73,0
WELL-03,2026-07-09T11:00,282.49,336.0,1189.4,21.28,2673.23,88.39,58.0,1.4,40.64,0
WELL-03,2026-07-09T12:00,303.05,364.74,1203.56,19.44,2636.92,88.78,57.1,1.39,43.86,0
WELL-03,2026-07-09T13:00,299.98,396.77,1322.66,19.81,2572.67,85.17,58.8,1.45,44.79,0
WELL-03,2026-07-09T14:00,304.46,370.02,1215.34,20.1,2491.8,85.86,59.0,1.58,42.01,0
WELL-03,2026-07-09T15:00,291.71,354.35,1214.72,21.32,2666.34,88.41,61.0,1.61,44.31,0
WELL-03,2026-07-09T16:00,291.66,377.99,1295.99,19.6,2590.98,87.34,55.8,1.61,40.64,0
WELL-03,2026-07-09T17:00,289.48,348.81,1204.96,21.37,2488.52,88.49,58.4,1.74,45.23,0
WELL-03,2026-07-09T18:00,283.36,357.9,1263.03,21.16,2493.75,88.24,54.7,1.52,44.73,0
WELL-03,2026-07-09T19:00,285.85,342.61,1198.6,20.82,2597.21,88.98,60.9,1.72,41.96,0
WELL-03,2026-07-09T20:00,284.33,368.2,1294.97,20.31,2515.25,85.51,57.2,1.47,43.62,0
WELL-03,2026-07-09T21:00,285.76,360.07,1260.04,21.3,2615.55,88.66,55.8,1.41,40.55,0
WELL-03,2026-07-09T22:00,282.95,340.93,1204.91,20.81,2547.9,88.23,61.4,1.68,41.15,0
WELL-03,2026-07-09T23:00,283.13,369.34,1304.49,21.2,2674.29,86.9,54.2,1.58,42.47,0
WELL-03,2026-07-10T00:00,297.66,394.82,1326.43,20.4,2661.74,86.43,53.1,1.51,44.21,0
WELL-03,2026-07-10T01:00,288.21,356.7,1237.64,20.22,2607.33,85.3,59.4,1.73,44.38,0
WELL-03,2026-07-10T02:00,286.29,343.28,1199.05,19.61,2660.34,87.53,54.6,1.57,45.16,0
WELL-03,2026-07-10T03:00,296.09,359.25,1213.31,19.91,2481.16,87.87,61.0,1.5,42.38,0
WELL-03,2026-07-10T04:00,309.14,412.89,1335.62,20.58,2645.33,87.58,53.9,1.39,40.77,0
WELL-03,2026-07-10T05:00,307.52,399.81,1300.12,20.41,2576.6,86.84,55.2,1.49,43.69,0
WELL-03,2026-07-10T06:00,298.32,359.03,1203.5,21.13,2560.89,86.99,55.3,1.56,43.34,0
WELL-03,2026-07-10T07:00,293.53,356.52,1214.6,20.47,2673.09,85.97,61.4,1.65,44.23,0
WELL-03,2026-07-10T08:00,299.96,382.63,1275.61,20.06,2536.84,86.89,52.8,1.49,40.89,0
WELL-03,2026-07-10T09:00,284.3,341.41,1200.87,21.07,2553.39,87.01,53.8,1.51,41.28,0
WELL-03,2026-07-10T10:00,286.26,351.4,1227.56,20.08,2568.19,89.9,54.3,1.57,44.51,0
WELL-03,2026-07-10T11:00,282.18,357.48,1266.83,19.79,2576.87,87.12,61.1,1.49,44.5,0
WELL-03,2026-07-10T12:00,286.78,380.47,1326.71,19.75,2673.58,85.91,60.2,1.49,41.79,0
WELL-03,2026-07-10T13:00,282.13,343.62,1217.97,20.95,2513.48,87.74,55.5,1.54,41.68,0
WELL-03,2026-07-10T14:00,306.03,368.74,1204.92,20.04,2596.33,86.83,55.6,1.46,43.13,0
WELL-03,2026-07-10T15:00,309.61,369.09,1192.1,20.58,2592.49,87.17,54.6,1.46,43.72,0
WELL-03,2026-07-10T16:00,296.09,373.87,1262.66,20.46,2484.65,88.48,54.3,1.42,42.28,0
WELL-03,2026-07-10T17:00,305.23,399.75,1309.69,20.46,2499.01,88.11,59.3,1.44,43.42,0
WELL-03,2026-07-10T18:00,303.85,387.94,1276.76,19.49,2640.88,87.66,57.8,1.62,44.38,0
WELL-03,2026-07-10T19:00,293.34,371.94,1267.97,20.65,2494.31,85.15,55.4,1.46,42.63,0
WELL-03,2026-07-10T20:00,292.13,383.87,1314.02,20.99,2615.25,88.8,54.8,1.39,43.86,0
WELL-03,2026-07-10T21:00,311.56,411.53,1320.88,19.4,2488.81,88.12,61.6,1.52,40.3,0
WELL-03,2026-07-10T22:00,293.36,391.29,1333.83,20.13,2613.29,87.83,58.6,1.74,44.65,0
WELL-03,2026-07-10T23:00,284.38,358.29,1259.9,19.93,2648.27,87.52,60.0,1.6,43.6,0
WELL-03,2026-07-11T00:00,295.88,360.8,1219.42,21.04,2661.6,84.95,57.8,1.42,43.52,0
WELL-03,2026-07-11T01:00,297.16,389.45,1310.56,20.7,2604.48,89.35,56.7,1.44,44.87,0
WELL-03,2026-07-11T02:00,287.28,352.56,1227.22,21.17,2548.35,87.53,60.4,1.71,41.73,0
WELL-03,2026-07-11T03:00,298.08,365.84,1227.33,19.61,2485.62,84.86,54.9,1.6,42.31,0
WELL-03,2026-07-11T04:00,298.69,368.41,1233.42,19.84,2663.17,86.66,53.0,1.5,41.21,0
WELL-03,2026-07-11T05:00,286.7,361.53,1261.0,20.59,2645.62,88.19,61.5,1.63,41.18,0
WELL-03,2026-07-11T06:00,295.95,374.16,1264.25,20.3,2670.65,89.42,56.1,1.6,40.5,0
WELL-03,2026-07-11T07:00,309.37,409.01,1322.09,19.89,2627.44,88.96,56.2,1.67,42.08,0
WELL-03,2026-07-11T08:00,290.68,349.76,1203.26,20.0,2513.54,85.48,60.0,1.65,41.48,0
WELL-03,2026-07-11T09:00,302.89,380.01,1254.61,19.83,2678.86,87.3,58.8,1.72,42.51,0
WELL-03,2026-07-11T10:00,303.47,384.77,1267.92,19.81,2581.84,89.4,58.2,1.38,42.25,0
WELL-03,2026-07-11T11:00,311.17,376.72,1210.65,19.85,2523.25,87.96,56.4,1.56,42.2,0
WELL-03,2026-07-11T12:00,306.49,369.75,1206.39,21.08,2662.06,85.5,55.9,1.44,40.79,0
WELL-03,2026-07-11T13:00,306.58,410.05,1337.49,20.26,2637.55,88.65,52.8,1.58,42.39,0
WELL-03,2026-07-11T14:00,297.12,388.14,1306.32,19.84,2568.11,85.54,61.6,1.53,40.36,0
WELL-03,2026-07-11T15:00,283.84,375.53,1323.05,21.36,2662.13,88.04,53.8,1.57,42.73,0
WELL-03,2026-07-11T16:00,311.43,381.78,1225.87,19.83,2655.9,89.54,55.5,1.4,44.02,0
WELL-03,2026-07-11T17:00,294.84,372.14,1262.18,20.83,2597.52,88.38,59.3,1.64,44.02,0
WELL-03,2026-07-11T18:00,301.41,387.62,1286.04,20.29,2530.39,85.44,56.9,1.44,44.97,0
WELL-03,2026-07-11T19:00,285.54,359.36,1258.51,20.69,2562.13,86.27,58.3,1.62,42.37,0
WELL-03,2026-07-11T20:00,300.9,393.83,1308.85,19.85,2549.61,84.95,53.8,1.64,44.87,0
WELL-03,2026-07-11T21:00,298.93,359.57,1202.88,20.77,2617.09,87.61,56.3,1.49,42.91,0
WELL-03,2026-07-11T22:00,291.39,350.18,1201.77,20.39,2492.57,89.37,54.2,1.43,44.87,0
WELL-03,2026-07-11T23:00,283.37,368.61,1300.82,20.55,2529.85,89.79,59.3,1.42,43.92,0
WELL-03,2026-07-12T00:00,295.64,378.19,1279.24,21.01,2664.27,87.62,56.1,1.43,41.88,0
WELL-03,2026-07-12T01:00,303.61,406.57,1339.09,19.88,2677.62,86.59,53.0,1.74,41.26,0
WELL-03,2026-07-12T02:00,291.43,372.7,1278.87,20.31,2554.83,87.0,53.5,1.53,42.66,0
WELL-03,2026-07-12T03:00,301.6,398.04,1319.78,21.17,2480.83,88.26,60.0,1.57,43.23,0
WELL-03,2026-07-12T04:00,298.3,385.21,1291.35,21.18,2482.59,89.74,57.2,1.47,44.24,0
WELL-03,2026-07-12T05:00,286.52,343.24,1197.98,20.85,2486.15,87.07,60.8,1.64,41.66,0
WELL-03,2026-07-12T06:00,292.52,389.36,1331.07,21.36,2648.69,85.43,59.0,1.66,44.37,0
WELL-03,2026-07-12T07:00,304.15,370.75,1218.94,21.38,2606.01,87.83,61.5,1.49,43.46,0
WELL-03,2026-07-12T08:00,284.29,375.66,1321.38,19.4,2546.5,86.86,61.1,1.52,43.52,0
WELL-03,2026-07-12T09:00,300.48,360.45,1199.6,21.14,2523.22,89.23,53.5,1.55,43.64,0
WELL-03,2026-07-12T10:00,308.34,373.75,1212.14,20.72,2615.03,88.51,61.0,1.54,41.7,0
WELL-03,2026-07-12T11:00,308.55,367.27,1190.3,20.04,2666.71,89.38,58.7,1.4,41.76,0
WELL-03,2026-07-12T12:00,304.94,378.96,1242.74,19.68,2627.46,85.84,53.2,1.45,43.74,0
WELL-03,2026-07-12T13:00,294.66,385.35,1307.79,19.53,2494.71,89.29,56.8,1.67,41.45,0
WELL-03,2026-07-12T14:00,293.17,358.19,1221.79,20.93,2682.72,88.11,57.9,1.63,43.98,0
WELL-03,2026-07-12T15:00,310.76,385.15,1239.39,20.04,2645.96,85.81,55.4,1.66,40.87,0
WELL-03,2026-07-12T16:00,283.12,350.45,1237.82,20.11,2585.05,88.46,58.3,1.48,44.55,0
WELL-03,2026-07-12T17:00,286.78,368.27,1284.15,19.87,2521.39,88.75,60.9,1.4,41.93,0
WELL-03,2026-07-12T18:00,301.99,361.74,1197.85,20.83,2655.55,88.15,55.9,1.61,44.89,0
WELL-03,2026-07-12T19:00,303.63,390.05,1284.65,20.94,2526.03,89.37,57.6,1.65,41.12,0
WELL-03,2026-07-12T20:00,309.34,408.92,1321.94,19.97,2556.85,86.94,57.7,1.61,43.55,0
WELL-03,2026-07-12T21:00,286.27,363.23,1268.84,20.71,2657.13,84.97,54.1,1.57,43.21,0
WELL-03,2026-07-12T22:00,292.0,377.71,1293.55,20.96,2500.37,86.74,60.3,1.58,40.35,0
WELL-03,2026-07-12T23:00,305.82,375.08,1226.47,19.51,2616.36,88.19,61.7,1.5,44.35,0
WELL-03,2026-07-13T00:00,309.62,381.37,1231.71,20.02,2685.33,87.51,56.1,1.67,44.53,0
WELL-03,2026-07-13T01:00,286.76,346.78,1209.33,21.1,2658.62,89.8,58.2,1.44,42.98,0
WELL-03,2026-07-13T02:00,300.87,364.6,1211.81,19.6,2600.47,88.91,54.5,1.76,43.35,0
WELL-03,2026-07-13T03:00,306.53,409.48,1335.87,21.37,2502.1,88.6,57.4,1.43,40.2,0
WELL-03,2026-07-13T04:00,305.44,368.92,1207.81,19.64,2505.96,89.82,55.2,1.73,44.56,0
WELL-03,2026-07-13T05:00,306.3,376.65,1229.66,20.96,2534.39,86.41,54.2,1.45,41.92,0
WELL-03,2026-07-13T06:00,286.15,369.15,1290.09,19.76,2511.69,86.79,53.2,1.67,42.64,0
WELL-03,2026-07-13T07:00,310.38,382.88,1233.57,20.26,2588.96,89.95,53.9,1.44,42.25,0
WELL-03,2026-07-13T08:00,289.25,372.57,1288.06,20.9,2662.47,89.83,59.6,1.47,41.57,0
WELL-03,2026-07-13T09:00,300.92,399.61,1327.96,21.3,2676.56,85.1,60.0,1.57,44.35,0
WELL-03,2026-07-13T10:00,310.77,369.25,1188.16,19.69,2602.16,87.71,57.1,1.44,43.4,0
WELL-03,2026-07-13T11:00,296.68,366.55,1235.52,19.63,2560.29,89.9,60.1,1.5,41.75,0
WELL-03,2026-07-13T12:00,307.16,390.75,1272.11,20.04,2635.52,90.02,52.9,1.57,40.46,0
WELL-03,2026-07-13T13:00,298.1,370.17,1241.77,20.96,2525.23,85.99,52.8,1.53,42.34,0
WELL-03,2026-07-13T14:00,290.19,385.49,1328.37,20.41,2686.16,87.55,53.9,1.49,44.37,0
WELL-03,2026-07-13T15:00,297.72,362.16,1216.45,19.79,2496.85,85.76,55.3,1.73,44.98,0
WELL-03,2026-07-13T16:00,299.55,382.47,1276.8,19.39,2577.71,87.1,61.4,1.48,41.42,0
WELL-03,2026-07-13T17:00,299.96,397.25,1324.33,21.09,2631.25,89.32,53.0,1.73,42.67,0
WELL-03,2026-07-13T18:00,295.28,374.93,1269.75,21.09,2654.68,89.58,61.5,1.5,43.3,0
WELL-03,2026-07-13T19:00,305.99,391.0,1277.83,20.76,2524.27,87.48,56.5,1.52,40.54,0
WELL-03,2026-07-13T20:00,282.8,359.2,1270.16,20.66,2675.73,86.49,54.3,1.54,41.0,0
WELL-03,2026-07-13T21:00,285.04,353.74,1241.03,21.0,2591.08,89.25,61.0,1.71,43.28,0
WELL-03,2026-07-13T22:00,297.92,359.92,1208.12,21.18,2517.8,87.38,53.4,1.41,42.36,0
WELL-03,2026-07-13T23:00,288.77,378.6,1311.07,21.39,2625.88,86.96,55.1,1.72,43.04,0
WELL-03,2026-07-14T00:00,306.4,370.25,1208.38,20.43,2617.11,87.41,57.5,1.66,44.12,0
WELL-03,2026-07-14T01:00,282.84,338.52,1196.88,19.38,2681.97,87.21,60.1,1.49,41.04,0
WELL-03,2026-07-14T02:00,291.97,387.66,1327.76,19.56,2683.41,88.25,54.4,1.53,43.66,0
WELL-03,2026-07-14T03:00,309.95,394.74,1273.56,21.12,2605.53,88.08,60.6,1.64,43.35,0
WELL-03,2026-07-14T04:00,289.63,372.37,1285.65,20.4,2546.35,85.2,61.4,1.75,42.54,0
WELL-03,2026-07-14T05:00,306.64,394.36,1286.08,20.37,2610.53,88.1,58.7,1.48,44.73,0
WELL-03,2026-07-14T06:00,310.44,400.01,1288.52,20.47,2551.73,87.4,58.3,1.6,42.09,0
WELL-03,2026-07-14T07:00,296.68,378.9,1277.16,19.94,2506.87,88.72,53.8,1.59,40.16,0
WELL-03,2026-07-14T08:00,282.57,371.54,1314.86,21.16,2493.0,88.23,59.5,1.5,45.0,0
WELL-03,2026-07-14T09:00,289.86,386.62,1333.81,20.89,2584.49,84.85,54.0,1.55,42.0,0
WELL-03,2026-07-14T10:00,297.12,381.01,1282.37,19.7,2587.11,85.76,60.1,1.7,44.95,0
WELL-03,2026-07-14T11:00,301.84,364.81,1208.61,21.37,2626.07,86.93,55.8,1.4,43.19,0
WELL-03,2026-07-14T12:00,291.92,374.28,1282.12,20.86,2506.14,87.24,60.8,1.4,41.9,0
WELL-03,2026-07-14T13:00,289.26,358.74,1240.2,20.44,2555.53,87.06,53.6,1.68,44.92,0
WELL-03,2026-07-14T14:00,307.34,403.86,1314.05,21.14,2532.0,88.67,58.1,1.54,44.25,0
WELL-03,2026-07-14T15:00,303.25,366.15,1207.42,21.04,2671.52,90.06,58.8,1.55,44.39,0
WELL-03,2026-07-14T16:00,291.98,364.05,1246.82,20.71,2503.87,88.31,61.2,1.59,40.6,0
WELL-03,2026-07-14T17:00,303.1,378.47,1248.65,20.88,2589.6,89.23,54.2,1.4,44.53,0
WELL-03,2026-07-14T18:00,290.6,379.82,1306.99,21.23,2623.78,87.62,61.7,1.4,41.95,0
WELL-03,2026-07-14T19:00,288.75,363.22,1257.89,21.03,2493.85,88.4,55.5,1.51,44.19,0
WELL-03,2026-07-14T20:00,306.34,370.53,1209.54,21.05,2651.53,85.35,55.7,1.73,40.55,0
WELL-03,2026-07-14T21:00,283.3,376.62,1329.41,19.82,2504.27,89.03,57.2,1.53,45.15,0
WELL-03,2026-07-14T22:00,301.34,359.62,1193.4,21.09,2516.03,86.81,55.2,1.5,41.28,0
WELL-03,2026-07-14T23:00,290.39,351.78,1211.4,20.92,2636.02,87.24,54.3,1.57,41.02,0
WELL-03,2026-07-15T00:00,299.38,385.07,1286.24,20.57,2681.52,86.74,56.2,1.39,41.37,0
WELL-03,2026-07-15T01:00,297.96,363.69,1220.61,20.33,2662.38,87.59,53.8,1.52,45.17,0
WELL-03,2026-07-15T02:00,309.84,408.49,1318.37,21.28,2497.23,88.43,58.8,1.5,44.53,0
WELL-03,2026-07-15T03:00,308.37,371.06,1203.3,19.55,2659.52,88.04,57.0,1.66,42.07,0
WELL-03,2026-07-15T04:00,282.44,372.35,1318.36,21.35,2520.24,87.12,55.2,1.48,40.6,0
WELL-03,2026-07-15T05:00,292.55,356.85,1219.76,20.42,2509.21,87.7,54.6,1.72,42.76,0
WELL-03,2026-07-15T06:00,283.98,374.04,1317.15,20.62,2525.39,89.16,55.6,1.72,40.39,0
WELL-03,2026-07-15T07:00,300.98,381.14,1266.3,20.42,2576.75,88.11,61.4,1.39,40.45,0
WELL-03,2026-07-15T08:00,282.45,368.87,1305.95,20.79,2600.32,89.84,60.6,1.72,40.76,0
WELL-03,2026-07-15T09:00,292.07,379.01,1297.68,19.86,2538.03,85.78,53.7,1.74,44.9,0
WELL-03,2026-07-15T10:00,294.52,389.77,1323.43,20.11,2572.4,85.31,61.3,1.55,43.31,0
WELL-03,2026-07-15T11:00,298.37,371.27,1244.33,19.76,2569.47,87.19,53.4,1.69,43.69,0
WELL-03,2026-07-15T12:00,301.36,378.15,1254.82,19.68,2553.53,88.12,56.3,1.39,41.71,0
WELL-03,2026-07-15T13:00,302.24,365.94,1210.78,20.66,2485.82,89.77,59.7,1.62,40.37,0
WELL-03,2026-07-15T14:00,310.81,402.62,1295.37,19.4,2646.78,88.09,60.6,1.43,41.02,0
WELL-03,2026-07-15T15:00,282.25,376.34,1333.37,20.53,2495.17,89.01,53.1,1.47,40.18,0
WELL-03,2026-07-15T16:00,290.13,357.18,1231.12,20.11,2652.99,84.94,56.1,1.55,43.66,0
WELL-03,2026-07-15T17:00,283.75,341.58,1203.78,20.08,2640.99,89.29,56.0,1.5,40.78,0
WELL-03,2026-07-15T18:00,308.74,407.81,1320.88,19.59,2581.59,86.42,56.0,1.42,42.08,0
WELL-03,2026-07-15T19:00,305.6,378.01,1236.91,20.02,2522.42,87.17,58.3,1.66,43.81,0
WELL-03,2026-07-15T20:00,293.92,393.31,1338.14,20.35,2626.09,90.06,55.9,1.4,40.21,0
WELL-03,2026-07-15T21:00,293.69,357.91,1218.66,21.22,2598.13,88.88,56.3,1.72,42.79,0
WELL-03,2026-07-15T22:00,292.76,377.03,1287.85,19.58,2515.61,87.43,60.4,1.49,40.16,0
WELL-03,2026-07-15T23:00,288.78,369.53,1279.65,21.06,2605.14,88.02,59.8,1.39,40.79,0
WELL-03,2026-07-16T00:00,310.87,399.58,1285.33,19.78,2535.82,86.86,53.2,1.41,45.04,0
WELL-03,2026-07-16T01:00,305.16,369.31,1210.22,21.28,2552.71,86.06,55.9,1.66,41.56,0
WELL-03,2026-07-16T02:00,292.56,352.97,1206.5,20.35,2621.09,88.61,60.7,1.76,41.45,0
WELL-03,2026-07-16T03:00,297.59,374.28,1257.7,19.72,2645.31,84.85,55.2,1.63,40.41,0
WELL-03,2026-07-16T04:00,288.33,384.72,1334.32,20.96,2667.07,86.84,60.8,1.44,43.97,0
WELL-03,2026-07-16T05:00,286.12,343.12,1199.21,21.18,2616.15,87.21,57.4,1.56,41.84,0
WELL-03,2026-07-16T06:00,282.95,346.71,1225.32,20.48,2505.5,86.74,53.1,1.75,41.96,0
WELL-03,2026-07-16T07:00,295.88,385.68,1303.51,19.73,2657.72,87.49,58.4,1.52,44.58,0
WELL-03,2026-07-16T08:00,310.6,390.6,1257.57,20.7,2649.06,85.25,60.3,1.53,43.38,0
WELL-03,2026-07-16T09:00,309.43,394.7,1275.55,20.63,2505.62,88.14,53.0,1.46,40.7,0
WELL-03,2026-07-16T10:00,308.98,413.09,1336.95,19.58,2578.36,88.28,57.0,1.58,44.31,0
WELL-03,2026-07-16T11:00,299.74,360.79,1203.69,19.88,2634.62,89.9,56.5,1.75,42.9,0
WELL-03,2026-07-16T12:00,307.23,387.03,1259.72,19.48,2572.22,87.04,57.3,1.65,44.1,0
WELL-03,2026-07-16T13:00,286.88,360.16,1255.43,21.27,2596.97,85.66,58.3,1.68,43.4,0
WELL-03,2026-07-16T14:00,288.76,355.01,1229.43,19.54,2624.17,89.41,61.9,1.56,40.67,0
WELL-03,2026-07-16T15:00,304.75,367.25,1205.08,20.83,2545.71,88.0,60.7,1.43,43.35,0
WELL-03,2026-07-16T16:00,298.23,378.65,1269.65,20.46,2643.59,85.71,52.9,1.67,40.58,0
WELL-03,2026-07-16T17:00,305.92,392.06,1281.57,19.73,2488.97,85.39,53.1,1.72,44.18,0
WELL-03,2026-07-16T18:00,291.16,348.07,1195.45,20.74,2524.06,85.7,55.2,1.42,41.36,0
WELL-03,2026-07-16T19:00,284.01,375.79,1323.17,21.3,2616.21,86.17,61.2,1.68,44.45,0
WELL-03,2026-07-16T20:00,289.99,345.34,1190.88,20.5,2574.13,88.53,59.2,1.39,44.38,0
WELL-03,2026-07-16T21:00,306.46,370.16,1207.87,20.15,2652.84,86.97,59.5,1.68,41.22,0
WELL-03,2026-07-16T22:00,299.75,398.16,1328.3,21.18,2611.2,85.12,60.8,1.53,44.58,0
WELL-03,2026-07-16T23:00,300.34,365.94,1218.42,20.12,2609.73,87.31,61.1,1.49,40.83,0
WELL-03,2026-07-17T00:00,293.99,362.77,1233.98,21.02,2555.84,85.85,56.0,1.53,43.91,0
WELL-03,2026-07-17T01:00,288.7,353.83,1225.62,19.68,2642.54,86.88,52.8,1.67,42.49,0
WELL-03,2026-07-17T02:00,300.33,379.69,1264.25,21.17,2532.9,85.83,57.5,1.47,41.04,0
WELL-03,2026-07-17T03:00,305.59,368.35,1205.38,21.03,2619.23,88.92,59.5,1.55,40.77,0
WELL-03,2026-07-17T04:00,292.16,355.6,1217.14,20.14,2568.1,85.82,56.9,1.59,45.69,0
WELL-03,2026-07-17T05:00,278.04,347.5,1249.79,21.02,2579.51,86.63,58.4,1.54,45.86,0
WELL-03,2026-07-17T06:00,287.55,378.41,1315.96,19.81,2568.66,87.41,59.6,1.78,44.36,0
WELL-03,2026-07-17T07:00,291.57,379.14,1300.33,19.75,2636.37,87.0,56.7,1.57,44.68,0
WELL-03,2026-07-17T08:00,291.78,356.14,1220.57,20.02,2463.85,87.78,55.7,1.56,45.15,0
WELL-03,2026-07-17T09:00,288.18,366.1,1270.37,20.9,2538.19,89.79,59.0,1.65,46.67,0
WELL-03,2026-07-17T10:00,300.33,385.38,1283.19,19.88,2572.94,88.84,58.9,1.87,45.22,0
WELL-03,2026-07-17T11:00,287.45,373.51,1299.4,21.39,2521.92,90.3,59.1,1.85,43.7,0
WELL-03,2026-07-17T12:00,279.48,371.35,1328.7,20.1,2500.03,91.16,59.6,1.53,45.75,0
WELL-03,2026-07-17T13:00,286.34,383.02,1337.62,20.81,2466.26,89.37,52.6,1.91,44.17,0
WELL-03,2026-07-17T14:00,276.14,359.02,1300.14,20.33,2460.98,88.74,54.9,1.83,45.03,0
WELL-03,2026-07-17T15:00,270.28,340.77,1260.8,21.52,2500.03,90.03,52.0,1.78,43.41,0
WELL-03,2026-07-17T16:00,290.93,381.31,1310.67,21.25,2409.01,87.28,54.7,1.8,48.94,0
WELL-03,2026-07-17T17:00,277.41,368.33,1327.76,21.73,2418.51,86.78,58.5,1.81,48.58,0
WELL-03,2026-07-17T18:00,265.41,357.6,1347.34,20.59,2523.54,88.11,56.8,1.99,45.87,0
WELL-03,2026-07-17T19:00,276.12,351.16,1271.77,21.25,2497.84,91.9,52.8,1.82,47.79,0
WELL-03,2026-07-17T20:00,287.18,375.27,1306.74,21.62,2468.04,91.36,53.0,1.69,49.93,0
WELL-03,2026-07-17T21:00,277.95,365.61,1315.4,20.39,2548.09,87.19,55.3,1.71,48.65,0
WELL-03,2026-07-17T22:00,263.39,353.37,1341.62,21.31,2425.49,91.56,59.3,1.75,49.35,0
WELL-03,2026-07-17T23:00,275.06,346.19,1258.6,20.87,2535.4,91.19,53.9,1.74,50.5,0
WELL-03,2026-07-18T00:00,280.9,352.31,1254.22,20.96,2439.84,89.57,52.9,2.08,51.34,0
WELL-03,2026-07-18T01:00,278.88,371.37,1331.62,20.87,2553.12,88.61,51.2,1.97,48.77,0
WELL-03,2026-07-18T02:00,277.37,362.27,1306.09,22.1,2429.12,89.12,57.8,2.19,51.31,0
WELL-03,2026-07-18T03:00,275.44,372.5,1352.36,21.54,2489.19,88.37,55.7,1.91,51.61,0
WELL-03,2026-07-18T04:00,268.95,344.03,1279.15,21.76,2379.36,92.44,51.4,2.05,47.85,0
WELL-03,2026-07-18T05:00,270.66,359.67,1328.82,22.8,2424.02,88.59,56.8,2.3,48.91,0
WELL-03,2026-07-18T06:00,259.47,324.97,1252.44,21.02,2359.96,89.54,54.7,2.07,51.67,0
WELL-03,2026-07-18T07:00,259.98,322.37,1239.98,21.36,2458.01,88.44,51.8,2.36,53.42,0
WELL-03,2026-07-18T08:00,266.97,367.07,1374.95,22.16,2497.96,91.05,50.8,1.95,48.72,0
WELL-03,2026-07-18T09:00,268.64,358.65,1335.07,21.09,2369.41,90.29,52.3,2.05,48.47,0
WELL-03,2026-07-18T10:00,253.25,339.12,1339.04,22.78,2397.98,89.15,52.6,2.33,50.87,0
WELL-03,2026-07-18T11:00,267.92,372.6,1390.7,22.69,2482.2,88.97,51.7,2.05,54.19,0
WELL-03,2026-07-18T12:00,266.68,367.3,1377.31,22.55,2453.01,92.85,57.5,2.5,51.82,0
WELL-03,2026-07-18T13:00,259.77,340.37,1310.27,21.76,2339.75,93.85,53.4,2.13,53.44,0
WELL-03,2026-07-18T14:00,265.17,330.76,1247.37,22.55,2467.75,90.02,57.0,2.51,52.97,0
WELL-03,2026-07-18T15:00,252.62,330.01,1306.33,21.88,2338.68,89.93,56.3,2.14,53.57,0
WELL-03,2026-07-18T16:00,241.04,314.41,1304.37,23.17,2395.28,90.19,50.4,2.51,52.0,0
WELL-03,2026-07-18T17:00,247.75,332.94,1343.83,22.79,2325.99,92.93,57.7,2.23,53.17,0
WELL-03,2026-07-18T18:00,249.48,343.22,1375.77,23.6,2440.16,89.6,51.5,2.34,52.28,0
WELL-03,2026-07-18T19:00,247.61,314.71,1270.97,23.5,2414.05,91.35,51.3,2.75,52.48,0
WELL-03,2026-07-18T20:00,242.37,324.8,1340.12,22.98,2325.76,94.17,54.3,2.33,54.59,0
WELL-03,2026-07-18T21:00,257.99,335.52,1300.52,22.19,2449.72,91.4,55.2,2.76,57.57,0
WELL-03,2026-07-18T22:00,242.21,305.82,1262.62,21.7,2416.25,90.02,54.9,2.61,58.06,0
WELL-03,2026-07-18T23:00,252.4,336.58,1333.51,22.91,2404.89,92.49,52.2,2.66,53.5,0
WELL-03,2026-07-19T00:00,244.94,338.32,1381.24,23.91,2362.98,95.61,50.6,2.79,58.08,0
WELL-03,2026-07-19T01:00,238.32,311.93,1308.86,22.2,2337.5,93.34,54.5,2.86,57.06,0
WELL-03,2026-07-19T02:00,236.59,316.4,1337.33,22.6,2412.67,95.23,51.3,2.43,55.87,0
WELL-03,2026-07-19T03:00,241.28,315.96,1309.51,22.03,2251.78,90.58,54.2,2.47,56.76,0
WELL-03,2026-07-19T04:00,241.8,318.54,1317.32,24.08,2234.22,93.08,49.1,3.03,58.48,0
WELL-03,2026-07-19T05:00,240.79,335.46,1393.2,22.36,2232.61,96.12,50.0,2.61,59.89,0
WELL-03,2026-07-19T06:00,230.45,307.41,1333.97,22.09,2316.12,91.81,55.7,3.07,55.37,0
WELL-03,2026-07-19T07:00,242.67,340.84,1404.56,22.16,2258.24,94.38,54.0,3.05,58.7,0
WELL-03,2026-07-19T08:00,237.24,335.93,1415.99,23.54,2310.55,93.33,53.5,2.84,62.37,0
WELL-03,2026-07-19T09:00,240.02,340.7,1419.48,22.78,2247.43,95.02,49.6,2.63,62.26,0
WELL-03,2026-07-19T10:00,239.85,311.32,1297.96,24.22,2262.38,91.47,50.5,2.94,58.5,0
WELL-03,2026-07-19T11:00,243.42,318.24,1307.35,23.76,2320.64,91.49,51.7,3.01,57.84,0
WELL-03,2026-07-19T12:00,230.3,319.66,1388.06,23.42,2262.26,91.85,48.0,3.31,60.95,0
WELL-03,2026-07-19T13:00,233.68,330.79,1415.54,24.57,2352.1,94.0,51.1,2.79,63.51,0
WELL-03,2026-07-19T14:00,234.02,333.74,1426.09,23.67,2284.24,97.16,50.6,2.91,58.53,0
WELL-03,2026-07-19T15:00,222.67,299.17,1343.54,23.74,2232.35,91.89,48.4,3.15,58.94,0
WELL-03,2026-07-19T16:00,222.88,297.17,1333.33,23.37,2235.82,96.97,48.7,2.83,60.17,0
WELL-03,2026-07-19T17:00,224.06,294.25,1313.28,23.81,2218.79,91.95,49.1,2.84,62.28,0
WELL-03,2026-07-19T18:00,227.63,307.94,1352.8,23.16,2336.43,94.2,52.4,3.52,62.81,0
WELL-03,2026-07-19T19:00,220.49,287.11,1302.14,24.18,2239.06,92.18,54.6,3.0,62.18,0
WELL-03,2026-07-19T20:00,220.24,306.54,1391.83,23.33,2271.81,93.81,52.1,3.59,64.06,0
WELL-03,2026-07-19T21:00,213.2,310.03,1454.2,24.33,2263.75,93.81,54.1,3.52,60.91,0
WELL-03,2026-07-19T22:00,213.47,287.64,1347.41,23.83,2188.24,96.32,54.0,3.59,60.77,0
WELL-03,2026-07-19T23:00,213.66,288.58,1350.64,23.4,2293.21,93.12,49.1,3.32,61.38,0
WELL-03,2026-07-20T00:00,210.71,302.85,1437.26,23.57,2236.17,95.88,48.4,3.48,69.15,0
WELL-03,2026-07-20T01:00,226.81,330.45,1456.94,24.37,2233.14,94.21,52.3,3.46,67.94,0
WELL-03,2026-07-20T02:00,226.11,297.53,1315.85,24.51,2246.71,95.4,54.3,3.24,66.1,0
WELL-03,2026-07-20T03:00,218.55,309.5,1416.18,24.5,2142.16,95.4,47.9,3.8,62.65,0
WELL-03,2026-07-20T04:00,209.95,306.21,1458.47,23.61,2263.84,96.38,49.2,3.53,63.97,0
WELL-03,2026-07-20T05:00,214.88,299.56,1394.08,25.52,2155.57,98.91,53.8,3.23,68.32,0
WELL-03,2026-07-20T06:00,218.56,294.81,1348.84,25.28,2104.52,97.29,50.6,3.38,67.22,0
WELL-03,2026-07-20T07:00,209.38,299.71,1431.42,23.74,2165.18,98.66,47.1,3.99,66.14,0
WELL-03,2026-07-20T08:00,206.88,293.4,1418.21,23.42,2200.7,98.63,52.1,3.51,67.28,0
WELL-03,2026-07-20T09:00,200.67,280.57,1398.15,25.46,2152.61,98.68,52.2,3.85,67.52,0
WELL-03,2026-07-20T10:00,211.43,280.54,1326.88,24.0,2094.58,99.22,48.1,3.87,67.57,0
WELL-03,2026-07-20T11:00,196.2,270.3,1377.68,25.82,2202.44,95.29,52.5,3.73,73.45,0
WELL-03,2026-07-20T12:00,194.69,263.85,1355.24,25.38,2173.62,99.55,52.6,3.54,72.88,0
WELL-03,2026-07-20T13:00,203.68,290.45,1426.03,25.16,2105.1,98.32,48.5,4.05,67.45,0
WELL-03,2026-07-20T14:00,205.48,303.74,1478.22,25.97,2124.23,98.91,53.4,4.01,70.91,0
WELL-03,2026-07-20T15:00,195.06,276.78,1418.93,24.22,2077.42,94.79,52.2,3.73,74.36,0
WELL-03,2026-07-20T16:00,203.68,291.02,1428.85,25.5,2113.97,97.3,51.7,3.73,73.94,0
WELL-03,2026-07-20T17:00,190.23,276.08,1451.26,24.12,2084.1,95.92,50.3,4.22,76.18,0
WELL-03,2026-07-20T18:00,207.4,290.65,1401.4,24.85,2072.15,99.02,50.1,3.66,76.04,0
WELL-03,2026-07-20T19:00,200.85,297.7,1482.25,26.05,2120.65,96.44,48.4,3.78,71.56,0
WELL-03,2026-07-20T20:00,198.08,280.95,1418.34,25.56,2177.76,99.51,46.0,3.8,73.83,0
WELL-03,2026-07-20T21:00,195.04,260.38,1335.04,25.19,2118.35,96.58,45.9,4.27,77.5,0
WELL-03,2026-07-20T22:00,197.75,273.34,1382.27,26.56,2183.71,99.14,46.1,4.46,76.87,0
WELL-03,2026-07-20T23:00,194.15,283.93,1462.41,24.89,2103.64,96.88,47.5,4.58,75.19,0
WELL-03,2026-07-21T00:00,193.53,264.92,1368.84,25.44,2111.69,101.18,49.0,3.78,78.09,0
WELL-03,2026-07-21T01:00,183.7,272.55,1483.7,24.99,2158.59,96.54,52.4,3.73,74.66,0
WELL-03,2026-07-21T02:00,186.31,268.66,1442.06,26.74,2159.34,97.71,48.4,4.47,78.99,0
WELL-03,2026-07-21T03:00,192.08,257.69,1341.56,26.16,2119.15,95.73,46.4,4.45,77.72,0
WELL-03,2026-07-21T04:00,195.15,283.11,1450.76,25.54,2086.17,96.79,50.7,3.94,76.41,0
WELL-03,2026-07-21T05:00,194.76,268.91,1380.72,24.81,2112.58,99.82,47.1,4.34,74.55,0
WELL-03,2026-07-21T06:00,188.83,282.03,1493.57,25.31,2022.99,100.63,46.3,4.04,79.34,0
WELL-03,2026-07-21T07:00,183.19,252.66,1379.25,25.87,2106.96,98.67,50.1,4.55,76.39,0
WELL-03,2026-07-21T08:00,190.32,260.54,1368.98,26.37,2000.2,98.54,46.4,4.49,80.68,0
WELL-03,2026-07-21T09:00,185.21,280.25,1513.11,25.03,1972.85,99.89,51.7,3.98,79.54,0
WELL-03,2026-07-21T10:00,176.43,249.99,1416.89,25.26,1984.85,97.89,46.0,4.92,80.54,0
WELL-03,2026-07-21T11:00,181.45,247.12,1361.86,26.37,1985.77,101.75,49.2,4.83,75.59,0
WELL-03,2026-07-21T12:00,179.19,245.29,1368.91,26.32,2055.08,99.22,51.2,4.54,82.12,0
WELL-03,2026-07-21T13:00,177.43,267.57,1507.97,26.3,1996.6,101.08,49.6,4.84,83.44,0
WELL-03,2026-07-21T14:00,176.85,242.81,1373.01,26.06,1975.06,99.14,43.8,4.31,76.81,0
WELL-03,2026-07-21T15:00,175.16,249.62,1425.11,25.98,2045.45,98.17,49.2,4.94,77.06,0
WELL-03,2026-07-21T16:00,165.98,228.07,1374.13,25.24,2051.85,99.47,45.6,4.71,83.85,0
WELL-03,2026-07-21T17:00,169.37,255.27,1507.17,26.71,1953.99,99.03,45.8,4.24,77.96,0
WELL-03,2026-07-21T18:00,168.79,237.47,1406.9,25.43,1964.33,97.55,48.8,4.26,84.33,0
WELL-03,2026-07-21T19:00,167.67,230.72,1376.04,27.31,1985.79,97.58,45.4,4.91,80.64,0
WELL-03,2026-07-21T20:00,170.07,234.94,1381.44,27.74,2005.88,100.46,50.7,4.4,83.46,1
WELL-03,2026-07-21T21:00,161.87,237.36,1466.41,27.39,2053.15,100.82,44.1,5.49,86.63,0
WELL-03,2026-07-21T22:00,173.49,257.98,1486.99,25.53,1951.99,102.15,50.4,4.8,79.24,0
WELL-03,2026-07-21T23:00,163.12,250.18,1533.74,27.94,1954.73,98.56,49.8,5.05,80.26,0
WELL-03,2026-07-22T00:00,159.68,233.8,1464.19,27.14,2042.12,98.87,45.7,5.15,89.7,0
WELL-03,2026-07-22T01:00,165.0,238.59,1445.97,26.38,2014.96,103.79,47.2,5.42,89.83,0
WELL-03,2026-07-22T02:00,156.73,232.37,1482.57,25.77,1908.58,104.12,49.6,5.0,84.39,0
WELL-03,2026-07-22T03:00,163.43,247.26,1512.88,27.77,2005.39,101.57,47.6,5.09,87.39,0
WELL-03,2026-07-22T04:00,165.93,246.22,1483.91,27.67,1895.86,103.8,47.1,4.86,88.29,0
WELL-03,2026-07-22T05:00,164.02,232.15,1415.38,26.29,1921.41,98.79,46.3,4.71,83.59,0
WELL-03,2026-07-22T06:00,163.76,246.9,1507.74,25.91,1975.93,104.29,49.3,5.32,82.92,1
WELL-03,2026-07-22T07:00,156.55,234.86,1500.23,27.31,1965.29,101.57,48.7,4.92,84.04,0
WELL-03,2026-07-22T08:00,149.62,207.2,1384.85,27.35,1889.14,101.17,48.3,5.32,93.16,0
WELL-03,2026-07-22T09:00,156.0,231.07,1481.27,26.8,1954.71,100.79,42.4,4.84,85.53,1
WELL-03,2026-07-22T10:00,156.95,239.81,1527.91,26.99,1931.27,100.52,47.2,6.09,86.83,1
WELL-03,2026-07-22T11:00,152.26,229.67,1508.41,28.03,1895.41,102.6,47.3,5.22,87.68,1
WELL-03,2026-07-22T12:00,156.24,240.09,1536.63,26.19,1899.84,102.15,46.6,4.97,90.59,1
WELL-03,2026-07-22T13:00,148.08,209.82,1416.9,28.72,1886.33,101.54,46.3,5.61,89.29,0
WELL-03,2026-07-22T14:00,153.44,238.8,1556.33,26.83,1895.56,105.56,43.0,5.56,92.09,0
WELL-03,2026-07-22T15:00,152.19,230.79,1516.41,26.6,1925.74,103.34,48.3,5.06,88.25,0
WELL-03,2026-07-22T16:00,148.65,214.55,1443.29,28.94,1860.84,102.5,45.7,6.35,93.93,1
WELL-03,2026-07-22T17:00,147.46,221.88,1504.67,27.1,1856.08,105.8,45.7,5.39,87.09,1
WELL-03,2026-07-22T18:00,141.15,216.1,1530.98,26.69,1830.65,103.38,45.2,5.61,88.42,1
WELL-03,2026-07-22T19:00,145.54,215.28,1479.17,26.6,1827.34,104.25,46.0,5.6,91.21,0
WELL-03,2026-07-22T20:00,139.88,212.12,1516.37,28.37,1815.6,103.95,47.1,5.95,90.58,1
WELL-03,2026-07-22T21:00,137.0,213.99,1561.94,28.78,1942.15,100.8,43.7,5.21,93.15,0
WELL-03,2026-07-22T22:00,135.82,201.5,1483.59,27.49,1914.7,104.02,44.4,6.46,93.68,1
WELL-03,2026-07-22T23:00,134.03,200.99,1499.53,28.71,1922.01,102.33,46.1,5.82,94.42,0
WELL-03,2026-07-23T00:00,141.42,212.17,1500.3,27.23,1802.03,103.51,41.8,6.07,99.56,1
WELL-03,2026-07-23T01:00,137.51,195.36,1420.68,28.39,1865.19,106.82,43.0,6.25,99.25,0
WELL-03,2026-07-23T02:00,135.0,196.53,1455.73,27.05,1796.45,105.97,44.0,6.28,94.65,0
WELL-03,2026-07-23T03:00,141.06,206.16,1461.52,27.79,1799.45,103.92,42.9,6.48,92.25,0
WELL-03,2026-07-23T04:00,129.25,194.14,1502.02,29.1,1818.1,106.76,41.8,6.16,101.89,1
WELL-03,2026-07-23T05:00,133.78,213.33,1594.68,28.18,1812.19,106.28,45.5,5.46,91.86,1
WELL-03,2026-07-23T06:00,131.0,197.71,1509.26,27.55,1797.79,103.66,46.4,5.71,94.04,1
WELL-03,2026-07-23T07:00,132.79,204.03,1536.42,27.29,1779.61,106.24,42.6,6.83,99.24,1
WELL-03,2026-07-23T08:00,129.72,206.7,1593.49,27.27,1843.51,105.94,40.6,5.73,104.44,1
WELL-03,2026-07-23T09:00,127.63,185.78,1455.67,29.55,1856.23,103.03,41.1,6.75,94.06,1
WELL-03,2026-07-23T10:00,132.18,199.2,1507.03,29.62,1843.59,102.07,45.8,5.81,100.59,0
WELL-03,2026-07-23T11:00,121.67,191.43,1573.42,27.28,1789.42,102.59,40.7,6.76,100.85,1
WELL-03,2026-07-23T12:00,118.21,184.64,1561.95,29.29,1835.7,102.76,40.9,5.72,103.86,1
WELL-03,2026-07-23T13:00,129.22,187.48,1450.77,29.36,1752.02,106.43,42.7,6.03,100.9,1
WELL-03,2026-07-23T14:00,126.43,201.05,1590.22,29.84,1738.49,104.57,43.7,7.09,106.34,1
WELL-03,2026-07-23T15:00,120.96,191.95,1586.9,28.49,1815.51,104.63,46.5,6.82,102.22,1
WELL-03,2026-07-23T16:00,123.38,177.98,1442.52,29.0,1753.34,103.35,40.5,6.03,106.4,1
WELL-03,2026-07-23T17:00,115.94,187.66,1618.6,28.32,1768.34,103.85,46.0,7.34,101.84,1
WELL-03,2026-07-23T18:00,112.07,166.26,1483.54,28.92,1733.42,105.82,42.3,7.28,100.05,1
WELL-03,2026-07-23T19:00,118.77,180.45,1519.36,28.23,1802.03,108.03,40.6,6.28,104.01,1
WELL-03,2026-07-23T20:00,115.38,185.13,1604.51,28.68,1729.83,104.11,46.1,7.41,108.79,1
WELL-03,2026-07-23T21:00,112.13,165.01,1471.64,27.74,1710.07,109.15,45.1,7.46,104.99,1
WELL-03,2026-07-23T22:00,115.33,182.49,1582.39,28.58,1731.66,106.8,40.8,7.02,110.42,1
WELL-03,2026-07-23T23:00,110.34,170.75,1547.57,29.01,1699.18,107.87,43.1,7.4,102.38,1
WELL-03,2026-07-24T00:00,115.08,167.11,1452.1,29.16,1696.22,106.59,41.3,6.99,103.11,1
WELL-03,2026-07-24T01:00,108.41,170.12,1569.26,29.42,1779.64,106.15,40.1,6.49,112.11,1
WELL-03,2026-07-24T02:00,110.7,173.8,1570.06,30.49,1700.62,106.71,45.3,7.31,105.41,1
WELL-03,2026-07-24T03:00,108.5,166.8,1537.33,28.61,1706.69,109.81,41.1,7.48,112.74,1
WELL-03,2026-07-24T04:00,105.26,154.75,1470.2,29.94,1742.57,106.74,41.3,6.98,113.74,1
WELL-03,2026-07-24T05:00,101.09,164.76,1629.94,30.88,1769.65,105.34,45.3,6.41,113.73,1
WELL-03,2026-07-24T06:00,99.25,149.65,1507.79,29.3,1707.15,108.79,38.6,6.89,105.72,1
WELL-03,2026-07-24T07:00,100.76,160.74,1595.17,29.4,1714.28,108.98,38.9,7.64,105.22,1
WELL-03,2026-07-24T08:00,97.87,158.58,1620.36,28.87,1664.34,105.75,44.5,7.38,107.94,1
WELL-03,2026-07-24T09:00,102.8,154.91,1506.93,30.62,1707.61,109.77,44.8,7.89,115.4,1
WELL-03,2026-07-24T10:00,101.22,164.74,1627.51,29.26,1651.82,108.16,44.5,8.0,116.98,1
WELL-03,2026-07-24T11:00,97.04,147.45,1519.51,29.36,1666.6,109.69,40.3,6.89,111.67,1
WELL-03,2026-07-24T12:00,92.84,149.17,1606.63,29.56,1669.93,105.18,42.9,7.75,114.13,1
WELL-03,2026-07-24T13:00,98.78,160.7,1626.79,28.55,1685.83,109.67,42.4,7.77,115.92,1
WELL-03,2026-07-24T14:00,92.35,149.33,1617.02,30.08,1636.76,107.84,41.6,7.61,106.56,1
WELL-03,2026-07-24T15:00,92.21,148.98,1615.68,30.26,1642.57,106.46,39.7,7.81,112.21,1
WELL-03,2026-07-24T16:00,95.01,140.59,1479.68,29.43,1621.72,107.29,42.9,7.4,112.1,1
WELL-03,2026-07-24T17:00,89.09,136.48,1531.98,29.42,1657.78,109.94,42.7,7.15,112.14,1
WELL-03,2026-07-24T18:00,89.15,137.57,1543.17,29.83,1619.39,109.11,43.6,8.26,113.71,1
WELL-03,2026-07-24T19:00,90.38,146.05,1615.92,31.73,1661.3,109.24,38.3,8.05,113.16,1
WELL-03,2026-07-24T20:00,91.81,142.16,1548.49,29.26,1650.92,108.61,39.7,7.82,118.86,1
WELL-03,2026-07-24T21:00,88.06,140.06,1590.42,31.54,1649.04,108.53,38.4,8.78,109.17,1
WELL-03,2026-07-24T22:00,86.62,129.4,1493.87,29.49,1587.3,106.76,37.3,7.61,119.26,1
WELL-03,2026-07-24T23:00,84.87,130.63,1539.11,30.42,1667.46,106.62,37.6,8.88,122.63,1
WELL-03,2026-07-25T00:00,87.24,134.11,1537.22,30.26,1633.7,110.36,42.4,7.33,111.26,1
WELL-03,2026-07-25T01:00,86.76,133.87,1542.88,31.03,1592.21,106.44,37.6,8.46,116.02,1
WELL-03,2026-07-25T02:00,84.63,126.69,1497.0,29.32,1599.41,107.6,43.2,8.18,111.5,1
WELL-03,2026-07-25T03:00,79.53,121.9,1532.75,29.09,1613.58,112.64,42.1,8.34,115.28,1
WELL-03,2026-07-25T04:00,79.14,126.08,1593.15,30.43,1663.77,106.86,42.9,8.35,116.79,1
WELL-03,2026-07-25T05:00,83.23,137.99,1657.82,31.98,1556.13,111.48,38.9,8.22,111.96,1
WELL-03,2026-07-25T06:00,85.04,132.91,1562.88,29.46,1581.27,107.54,40.5,7.22,115.58,1
WELL-03,2026-07-25T07:00,85.98,130.37,1516.32,29.25,1569.5,109.3,43.0,7.74,114.5,1
WELL-03,2026-07-25T08:00,84.88,127.18,1498.44,32.02,1665.81,106.19,38.1,8.51,124.69,1
WELL-03,2026-07-25T09:00,81.32,121.11,1489.32,31.34,1594.33,111.03,38.3,8.17,122.04,1
WELL-03,2026-07-25T10:00,81.12,129.35,1594.45,32.12,1567.31,111.48,38.7,7.84,123.26,1
WELL-03,2026-07-25T11:00,83.07,130.45,1570.37,29.81,1616.34,111.75,42.1,8.9,113.78,1
WELL-03,2026-07-25T12:00,85.6,136.48,1594.38,30.0,1568.09,110.55,38.4,8.55,121.66,1
WELL-03,2026-07-25T13:00,81.57,125.71,1541.12,32.11,1543.48,112.42,39.9,8.91,111.94,1
WELL-03,2026-07-25T14:00,86.14,129.41,1502.3,29.57,1580.43,112.39,38.2,8.51,120.31,1
WELL-03,2026-07-25T15:00,82.93,127.98,1543.25,29.49,1544.82,111.43,43.1,8.4,113.18,1
WELL-03,2026-07-25T16:00,85.84,141.29,1646.0,29.81,1610.38,109.24,38.9,7.44,121.46,1
WELL-03,2026-07-25T17:00,79.67,129.53,1625.81,31.21,1548.15,111.71,42.5,8.29,117.74,1
WELL-03,2026-07-25T18:00,84.02,126.47,1505.17,29.55,1603.85,108.45,40.3,7.95,112.54,1
WELL-03,2026-07-25T19:00,80.76,133.26,1649.96,30.41,1584.92,107.23,39.8,7.41,114.08,1
WELL-03,2026-07-25T20:00,84.41,127.0,1504.61,29.8,1539.1,112.41,40.6,8.95,111.33,1
WELL-03,2026-07-25T21:00,87.11,130.59,1499.07,29.76,1571.83,107.26,38.8,7.15,121.07,1
WELL-03,2026-07-25T22:00,80.35,120.63,1501.43,30.45,1630.72,111.7,41.3,8.4,118.51,1
WELL-03,2026-07-25T23:00,81.1,126.93,1565.11,30.9,1649.55,107.37,39.0,7.7,121.22,1
WELL-03,2026-07-26T00:00,80.1,120.32,1502.18,31.38,1608.11,108.0,42.7,9.03,122.7,1
WELL-03,2026-07-26T01:00,82.76,136.56,1650.07,30.71,1551.51,107.25,40.4,7.83,114.53,1
WELL-03,2026-07-26T02:00,84.33,138.52,1642.56,29.57,1627.06,109.86,40.3,7.64,122.35,1
WELL-03,2026-07-26T03:00,83.74,132.73,1584.97,31.29,1562.05,107.8,41.3,7.62,118.88,1
WELL-03,2026-07-26T04:00,84.92,128.35,1511.37,31.46,1600.09,107.97,40.1,7.96,124.63,1
WELL-03,2026-07-26T05:00,85.72,128.0,1493.15,30.47,1602.59,112.26,38.7,8.77,117.22,1
WELL-03,2026-07-26T06:00,79.49,121.28,1525.87,31.18,1584.22,107.38,42.3,8.0,122.94,1
WELL-03,2026-07-26T07:00,87.13,133.03,1526.8,29.26,1660.6,109.41,40.0,8.15,120.08,1
WELL-03,2026-07-26T08:00,79.82,126.74,1587.81,31.39,1586.92,108.91,41.6,8.42,123.78,1
WELL-03,2026-07-26T09:00,82.14,125.84,1532.05,31.26,1613.38,111.66,42.8,8.96,123.7,1
WELL-03,2026-07-26T10:00,81.67,121.36,1485.85,31.28,1567.72,110.11,37.9,8.83,114.49,1
WELL-03,2026-07-26T11:00,84.59,137.19,1621.69,30.59,1559.41,107.55,42.0,7.12,120.97,1
WELL-03,2026-07-26T12:00,79.7,128.08,1607.04,31.21,1637.87,109.21,38.9,8.99,119.79,1
WELL-03,2026-07-26T13:00,83.15,129.98,1563.17,29.65,1577.28,109.53,42.0,8.43,118.43,1
WELL-03,2026-07-26T14:00,80.54,121.53,1508.86,30.36,1655.44,107.09,39.7,7.17,116.01,1
WELL-03,2026-07-26T15:00,80.2,124.43,1551.4,30.01,1553.36,110.48,41.9,8.23,120.41,1
WELL-03,2026-07-26T16:00,82.38,136.39,1655.6,30.82,1625.58,110.6,41.0,7.52,119.96,1
WELL-03,2026-07-26T17:00,80.21,133.78,1667.85,31.8,1634.02,110.93,43.3,8.94,124.31,1
WELL-03,2026-07-26T18:00,87.27,143.13,1640.02,31.98,1615.01,108.55,42.3,8.0,119.52,1
WELL-03,2026-07-26T19:00,81.67,129.23,1582.43,31.44,1635.23,111.52,39.8,7.72,118.04,1
WELL-03,2026-07-26T20:00,83.48,131.57,1575.96,30.55,1597.51,110.74,37.6,7.97,113.49,1
WELL-03,2026-07-26T21:00,85.92,142.48,1658.32,31.17,1550.91,110.91,42.7,7.36,118.63,1
WELL-03,2026-07-26T22:00,80.84,130.49,1614.12,30.02,1578.23,106.24,37.5,7.85,110.73,1
WELL-03,2026-07-26T23:00,85.32,130.61,1530.78,29.82,1596.53,108.12,38.1,7.39,117.5,1
WELL-03,2026-07-27T00:00,80.14,132.85,1657.79,30.43,1551.94,111.48,43.2,7.45,121.18,1
WELL-03,2026-07-27T01:00,282.8,367.49,1299.48,19.91,2622.18,86.29,61.2,1.39,43.39,0
WELL-03,2026-07-27T02:00,308.02,386.48,1254.72,20.21,2641.84,86.58,60.4,1.74,43.4,0
WELL-03,2026-07-27T03:00,295.02,377.3,1278.92,20.2,2528.72,89.22,53.2,1.46,43.32,0
WELL-03,2026-07-27T04:00,284.05,373.84,1316.07,20.31,2655.19,85.77,58.6,1.75,40.29,0
WELL-03,2026-07-27T05:00,300.67,367.97,1223.86,19.74,2552.95,88.62,57.0,1.45,40.49,0
WELL-03,2026-07-27T06:00,289.46,377.15,1302.94,19.55,2563.63,87.37,54.1,1.63,44.41,0
WELL-03,2026-07-27T07:00,309.28,411.85,1331.67,19.93,2537.95,85.38,56.9,1.75,42.64,0
WELL-03,2026-07-27T08:00,305.29,401.9,1316.47,19.8,2608.73,86.04,60.5,1.39,43.91,0
WELL-03,2026-07-27T09:00,290.49,356.28,1226.49,19.86,2557.86,89.02,61.1,1.59,41.85,0
WELL-03,2026-07-27T10:00,306.1,404.2,1320.47,19.48,2514.73,86.99,58.0,1.49,41.09,0
WELL-03,2026-07-27T11:00,300.1,360.89,1202.56,20.89,2486.95,85.43,58.3,1.56,43.84,0
WELL-03,2026-07-27T12:00,310.23,371.13,1196.31,20.6,2601.89,88.01,56.1,1.47,44.43,0
WELL-03,2026-07-27T13:00,305.24,404.08,1323.83,21.1,2522.18,84.99,57.0,1.52,43.25,0
WELL-03,2026-07-27T14:00,300.05,399.57,1331.7,19.8,2599.31,87.91,53.7,1.42,44.03,0
WELL-03,2026-07-27T15:00,282.94,374.2,1322.57,20.8,2487.96,87.3,54.8,1.45,41.83,0
WELL-03,2026-07-27T16:00,302.3,401.38,1327.73,20.4,2481.04,88.64,57.0,1.74,40.42,0
WELL-03,2026-07-27T17:00,297.84,391.82,1315.54,19.73,2643.49,87.65,59.2,1.56,40.46,0
WELL-03,2026-07-27T18:00,289.81,384.0,1325.0,20.49,2527.69,85.3,60.0,1.47,41.21,0
WELL-03,2026-07-27T19:00,295.61,378.14,1279.2,20.72,2606.62,89.97,57.2,1.48,42.28,0
WELL-03,2026-07-27T20:00,309.01,368.25,1191.73,19.62,2526.2,89.18,57.1,1.75,44.42,0
WELL-03,2026-07-27T21:00,297.29,353.89,1190.42,20.5,2644.73,85.49,58.0,1.69,41.74,0
WELL-03,2026-07-27T22:00,298.66,390.42,1307.25,20.95,2601.79,86.39,56.3,1.73,44.08,0
WELL-03,2026-07-27T23:00,297.95,375.36,1259.8,19.47,2546.07,89.09,61.3,1.59,42.81,0
WELL-03,2026-07-28T00:00,298.87,356.53,1192.91,19.71,2636.96,86.71,57.3,1.62,40.41,0
WELL-03,2026-07-28T01:00,300.49,382.02,1271.29,19.78,2619.86,88.47,56.4,1.59,42.49,0
WELL-03,2026-07-28T02:00,284.91,377.38,1324.56,20.64,2487.5,86.36,59.3,1.58,41.16,0
WELL-03,2026-07-28T03:00,304.03,396.77,1305.04,21.18,2569.31,86.16,58.8,1.46,44.71,0
WELL-03,2026-07-28T04:00,295.63,364.44,1232.76,20.68,2549.52,85.15,59.8,1.49,42.57,0
WELL-03,2026-07-28T05:00,301.83,368.27,1220.1,21.12,2512.91,87.53,59.9,1.75,41.3,0
WELL-03,2026-07-28T06:00,288.95,377.25,1305.6,20.26,2564.37,85.34,59.7,1.62,42.6,0
WELL-03,2026-07-28T07:00,286.53,349.2,1218.76,21.2,2596.43,85.63,56.3,1.61,40.75,0
WELL-03,2026-07-28T08:00,311.34,376.66,1209.81,19.79,2501.72,85.78,55.2,1.41,42.99,0
WELL-03,2026-07-28T09:00,291.01,350.95,1206.0,20.14,2511.39,87.85,61.7,1.43,40.94,0
WELL-03,2026-07-28T10:00,310.76,387.94,1248.36,20.71,2644.26,86.43,54.3,1.42,43.42,0
WELL-03,2026-07-28T11:00,294.96,390.02,1322.3,21.39,2558.24,87.01,57.8,1.47,40.37,0
WELL-03,2026-07-28T12:00,306.48,393.77,1284.84,19.41,2592.07,85.76,60.0,1.76,41.27,0
WELL-03,2026-07-28T13:00,309.06,374.31,1211.11,20.57,2672.27,88.88,59.9,1.44,44.74,0
WELL-03,2026-07-28T14:00,308.53,411.9,1335.03,19.52,2550.38,87.51,59.5,1.54,41.78,0
WELL-03,2026-07-28T15:00,303.77,364.91,1201.26,20.27,2523.38,85.99,60.4,1.56,44.45,0
WELL-03,2026-07-28T16:00,287.56,375.83,1306.97,19.68,2576.89,87.07,59.3,1.75,42.15,0
WELL-03,2026-07-28T17:00,295.35,364.47,1234.03,19.51,2672.58,86.82,54.2,1.61,42.95,0
WELL-03,2026-07-28T18:00,296.34,371.31,1253.01,19.71,2505.67,86.17,59.0,1.69,43.69,0
WELL-03,2026-07-28T19:00,293.56,362.27,1234.05,19.8,2533.33,85.19,56.2,1.59,44.72,0
WELL-03,2026-07-28T20:00,299.63,396.14,1322.12,20.18,2674.45,85.96,56.2,1.65,44.66,0
WELL-03,2026-07-28T21:00,309.15,383.6,1240.8,20.03,2499.41,89.54,59.0,1.7,44.21,0
WELL-03,2026-07-28T22:00,295.21,374.76,1269.48,21.08,2490.66,89.37,54.9,1.54,44.5,0
WELL-03,2026-07-28T23:00,306.66,402.95,1313.99,20.35,2579.75,89.74,56.7,1.41,43.69,0
WELL-03,2026-07-29T00:00,307.43,400.51,1302.77,20.44,2539.39,86.66,59.1,1.57,42.23,0
WELL-03,2026-07-29T01:00,308.23,405.45,1315.43,19.93,2517.57,89.47,58.5,1.49,45.01,0
WELL-03,2026-07-29T02:00,282.67,378.28,1338.26,21.36,2501.01,87.91,58.6,1.39,40.94,0
WELL-03,2026-07-29T03:00,297.78,374.36,1257.18,20.43,2637.85,86.49,61.5,1.59,43.98,0
WELL-03,2026-07-29T04:00,303.9,378.67,1246.03,20.7,2521.89,84.9,54.7,1.53,43.66,0
WELL-03,2026-07-29T05:00,284.38,366.02,1287.06,19.74,2639.05,86.18,58.6,1.43,41.59,0
WELL-03,2026-07-29T06:00,282.15,349.62,1239.14,20.83,2564.4,87.9,53.0,1.7,40.85,0
WELL-03,2026-07-29T07:00,290.29,373.91,1288.05,19.97,2501.88,87.17,60.4,1.53,44.34,0
WELL-03,2026-07-29T08:00,283.83,349.48,1231.33,19.51,2559.22,88.89,60.5,1.69,40.13,0
WELL-03,2026-07-29T09:00,288.49,373.47,1294.56,20.93,2561.5,89.33,61.7,1.47,40.75,0
WELL-03,2026-07-29T10:00,297.81,392.94,1319.42,20.81,2505.55,89.58,57.2,1.74,43.61,0
WELL-03,2026-07-29T11:00,290.34,377.16,1299.03,20.85,2631.72,88.48,61.4,1.64,42.76,0
WELL-03,2026-07-29T12:00,309.42,393.61,1272.1,19.65,2552.58,86.45,54.1,1.67,41.13,0
WELL-03,2026-07-29T13:00,309.33,377.86,1221.55,19.39,2597.07,87.73,58.8,1.75,43.52,0
WELL-03,2026-07-29T14:00,294.26,391.05,1328.92,20.81,2489.67,89.2,57.0,1.53,43.7,0
WELL-03,2026-07-29T15:00,284.42,371.58,1306.47,21.27,2608.93,87.03,54.5,1.66,40.77,0
WELL-03,2026-07-29T16:00,288.56,355.96,1233.58,21.39,2506.24,85.36,57.0,1.64,41.86,0
WELL-03,2026-07-29T17:00,292.44,348.5,1191.67,19.55,2550.97,85.98,55.5,1.54,44.02,0
WELL-03,2026-07-29T18:00,305.37,387.08,1267.56,19.41,2549.75,89.32,57.9,1.58,44.01,0
WELL-03,2026-07-29T19:00,294.89,352.84,1196.52,19.61,2532.59,85.58,58.6,1.53,40.85,0
WELL-03,2026-07-29T20:00,287.85,346.35,1203.23,20.79,2621.84,89.57,60.4,1.55,40.89,0
WELL-03,2026-07-29T21:00,303.23,394.84,1302.14,19.6,2598.27,88.03,52.7,1.59,43.28,0
WELL-03,2026-07-29T22:00,309.18,386.18,1249.04,19.79,2668.52,89.09,61.4,1.64,41.96,0
WELL-03,2026-07-29T23:00,298.9,376.83,1260.71,19.6,2671.26,87.19,54.0,1.5,42.83,0
WELL-03,2026-07-30T00:00,303.49,389.83,1284.46,20.61,2534.31,89.45,55.8,1.39,40.85,0
WELL-03,2026-07-30T01:00,283.33,344.36,1215.38,21.22,2602.11,87.6,58.2,1.4,40.4,0
WELL-03,2026-07-30T02:00,309.66,410.49,1325.62,19.42,2542.97,90.04,55.5,1.47,41.65,0
WELL-03,2026-07-30T03:00,301.38,362.24,1201.92,20.75,2500.77,89.15,54.4,1.7,42.58,0
WELL-03,2026-07-30T04:00,300.96,367.24,1220.25,20.48,2647.01,86.7,56.6,1.62,43.15,0
WELL-03,2026-07-30T05:00,286.99,342.0,1191.67,20.22,2611.05,86.67,60.8,1.48,41.24,0
WELL-03,2026-07-30T06:00,302.86,369.54,1220.17,20.11,2580.04,89.67,54.6,1.42,43.31,0
WELL-03,2026-07-30T07:00,302.43,403.53,1334.32,20.93,2660.42,89.65,55.8,1.4,40.14,0
WELL-03,2026-07-30T08:00,285.3,358.15,1255.35,20.81,2683.66,84.96,61.8,1.58,44.97,0
WELL-03,2026-07-30T09:00,309.63,386.15,1247.12,19.64,2487.37,89.79,55.1,1.7,43.62,0
WELL-03,2026-07-30T10:00,289.21,366.85,1268.47,20.96,2505.05,84.92,56.3,1.51,44.01,0
WELL-03,2026-07-30T11:00,302.58,391.43,1293.67,19.85,2548.06,89.14,53.7,1.48,40.33,0
WELL-03,2026-07-30T12:00,290.14,353.51,1218.41,20.87,2641.74,89.88,60.4,1.74,40.72,0
WELL-03,2026-07-30T13:00,286.23,371.98,1299.61,21.39,2663.37,89.7,54.6,1.67,40.37,0
WELL-03,2026-07-30T14:00,308.79,367.81,1191.15,19.78,2601.99,89.21,53.9,1.58,43.59,0
WELL-03,2026-07-30T15:00,298.87,390.7,1307.28,20.82,2607.29,85.83,54.9,1.61,42.42,0
WELL-03,2026-07-30T16:00,296.29,388.11,1309.92,21.13,2682.66,88.2,61.7,1.63,40.51,0
WELL-03,2026-07-30T17:00,291.56,359.04,1231.43,19.48,2585.4,87.89,60.6,1.39,44.92,0
WELL-03,2026-07-30T18:00,307.91,370.07,1201.87,21.05,2490.92,85.88,53.3,1.56,42.48,0
WELL-03,2026-07-30T19:00,289.47,379.4,1310.65,19.48,2553.52,89.13,54.4,1.47,43.82,0
WELL-03,2026-07-30T20:00,283.68,366.45,1291.8,20.45,2497.98,88.16,60.6,1.47,42.14,0
WELL-03,2026-07-30T21:00,292.76,381.11,1301.79,20.31,2499.79,84.98,60.7,1.65,43.2,0
WELL-03,2026-07-30T22:00,305.78,398.16,1302.13,19.73,2675.76,89.77,53.2,1.69,41.36,0
WELL-03,2026-07-30T23:00,289.58,376.3,1299.47,21.38,2614.84,85.48,52.9,1.74,42.96,0
WELL-03,2026-07-31T00:00,290.78,381.31,1311.36,20.43,2665.89,89.65,55.8,1.41,44.07,0
WELL-03,2026-07-31T01:00,300.71,388.86,1293.14,20.53,2675.08,86.7,61.2,1.62,42.62,0
WELL-03,2026-07-31T02:00,289.34,359.5,1242.49,20.32,2682.63,85.97,59.6,1.48,40.99,0
WELL-03,2026-07-31T03:00,296.1,384.2,1297.56,20.35,2678.0,86.37,54.2,1.74,45.03,0
WELL-03,2026-07-31T04:00,305.01,369.12,1210.2,19.49,2598.16,87.35,55.8,1.61,43.45,0
WELL-03,2026-07-31T05:00,290.42,345.86,1190.9,21.22,2607.96,86.76,59.6,1.39,44.29,0
WELL-03,2026-07-31T06:00,297.82,393.86,1322.5,21.27,2544.98,87.09,57.3,1.61,41.61,0
WELL-03,2026-07-31T07:00,288.68,362.01,1254.03,20.33,2491.45,85.62,60.7,1.59,40.73,0
WELL-03,2026-07-31T08:00,293.69,376.14,1280.75,20.37,2583.46,85.11,61.7,1.62,45.15,0
WELL-03,2026-07-31T09:00,289.96,360.92,1244.74,21.04,2552.07,86.18,56.2,1.53,40.3,0
WELL-03,2026-07-31T10:00,288.59,372.73,1291.56,21.18,2672.46,88.67,56.3,1.48,40.44,0
WELL-03,2026-07-31T11:00,306.97,409.97,1335.53,19.92,2617.47,89.58,55.6,1.55,40.79,0
WELL-03,2026-07-31T12:00,298.43,399.12,1337.42,20.76,2512.25,85.52,53.6,1.46,44.52,0
WELL-03,2026-07-31T13:00,305.96,401.88,1313.52,20.52,2610.3,88.1,56.0,1.59,41.06,0
WELL-03,2026-07-31T14:00,293.95,377.68,1284.82,21.24,2525.23,89.68,54.6,1.62,40.78,0
WELL-03,2026-07-31T15:00,307.37,406.59,1322.79,20.01,2606.43,89.03,59.5,1.69,42.58,0
WELL-03,2026-07-31T16:00,291.45,361.19,1239.29,19.73,2503.13,85.53,53.7,1.54,44.9,0
WELL-03,2026-07-31T17:00,307.54,388.93,1264.65,20.02,2619.21,84.98,59.3,1.64,44.34,0
WELL-03,2026-07-31T18:00,292.93,380.29,1298.22,20.55,2647.66,85.18,56.5,1.4,44.13,0
WELL-03,2026-07-31T19:00,304.49,382.36,1255.77,21.35,2531.59,88.6,57.9,1.65,44.87,0
WELL-03,2026-07-31T20:00,308.4,371.7,1205.27,19.97,2675.12,89.34,54.7,1.48,44.72,0
WELL-03,2026-07-31T21:00,288.55,353.24,1224.16,21.33,2610.97,88.2,57.5,1.71,41.26,0
WELL-03,2026-07-31T22:00,298.7,377.64,1264.25,20.06,2544.85,86.23,56.6,1.65,42.98,0
WELL-03,2026-07-31T23:00,282.97,358.85,1268.16,20.36,2647.08,87.77,61.2,1.71,42.4,0
WELL-03,2026-08-01T00:00,284.99,355.41,1247.1,19.75,2583.51,88.01,56.8,1.61,42.68,0
WELL-03,2026-08-01T01:00,298.93,373.24,1248.57,20.14,2622.73,88.52,61.4,1.73,42.15,0
WELL-03,2026-08-01T02:00,296.76,394.27,1328.58,20.81,2660.54,88.75,60.1,1.47,40.19,0
WELL-03,2026-08-01T03:00,304.69,374.05,1227.63,20.52,2558.99,88.9,53.8,1.67,44.57,0
WELL-03,2026-08-01T04:00,282.54,349.82,1238.14,21.06,2503.2,88.26,56.6,1.46,42.68,0
WELL-03,2026-08-01T05:00,290.63,376.31,1294.81,20.85,2646.3,88.49,59.1,1.38,45.04,0
WELL-03,2026-08-01T06:00,305.17,375.17,1229.38,20.46,2603.58,89.06,57.3,1.41,41.06,0
WELL-03,2026-08-01T07:00,300.59,390.84,1300.24,20.96,2609.35,88.06,61.4,1.74,40.93,0
WELL-03,2026-08-01T08:00,294.47,365.53,1241.32,19.9,2522.97,86.08,54.8,1.69,44.84,0
WELL-03,2026-08-01T09:00,296.56,383.12,1291.86,21.4,2502.84,89.55,58.0,1.52,40.76,0
WELL-03,2026-08-01T10:00,300.57,391.11,1301.25,20.34,2518.41,88.31,60.2,1.72,40.21,0
WELL-03,2026-08-01T11:00,302.25,403.32,1334.36,20.92,2685.28,88.59,55.0,1.72,44.56,0
WELL-03,2026-08-01T12:00,283.47,378.24,1334.31,20.5,2598.03,89.14,58.9,1.48,44.49,0
WELL-03,2026-08-01T13:00,296.35,373.31,1259.68,19.98,2661.56,89.1,60.4,1.48,42.16,0
WELL-03,2026-08-01T14:00,309.94,385.28,1243.08,19.56,2687.47,89.28,59.0,1.57,44.95,0
WELL-03,2026-08-01T15:00,304.02,394.98,1299.2,20.87,2614.78,89.86,57.1,1.72,41.3,0
WELL-03,2026-08-01T16:00,284.75,373.61,1312.08,20.03,2657.17,88.18,61.9,1.45,44.09,0
WELL-03,2026-08-01T17:00,293.15,385.43,1314.78,19.87,2567.16,85.4,53.2,1.72,41.7,0
WELL-03,2026-08-01T18:00,296.34,369.94,1248.34,19.42,2549.92,88.91,53.8,1.57,40.42,0
WELL-03,2026-08-01T19:00,309.0,378.64,1225.4,19.66,2627.92,88.81,59.9,1.5,43.69,0
WELL-03,2026-08-01T20:00,306.39,406.39,1326.36,20.77,2528.19,86.21,54.8,1.51,42.1,0
WELL-03,2026-08-01T21:00,306.41,370.49,1209.15,19.71,2493.23,88.03,57.1,1.66,45.1,0
WELL-03,2026-08-01T22:00,307.19,368.82,1200.64,19.66,2678.16,87.99,58.9,1.6,44.24,0
WELL-03,2026-08-01T23:00,290.45,351.95,1211.74,19.7,2485.45,89.33,54.2,1.53,40.23,0
WELL-03,2026-08-02T00:00,309.02,398.48,1289.51,20.41,2661.19,85.29,61.6,1.57,42.34,0
WELL-03,2026-08-02T01:00,299.05,383.38,1281.97,19.61,2605.89,86.91,53.5,1.73,44.53,0
WELL-03,2026-08-02T02:00,296.08,391.37,1321.84,19.88,2504.04,87.01,58.1,1.64,42.89,0
WELL-03,2026-08-02T03:00,303.38,392.22,1292.85,20.8,2523.11,86.55,53.9,1.41,44.27,0
WELL-03,2026-08-02T04:00,294.93,353.59,1198.87,19.54,2498.11,87.1,59.6,1.58,40.78,0
WELL-03,2026-08-02T05:00,289.14,374.36,1294.72,21.08,2543.58,88.5,61.0,1.69,40.29,0
WELL-03,2026-08-02T06:00,306.88,378.82,1234.39,21.1,2569.81,87.46,54.8,1.61,40.54,0
WELL-03,2026-08-02T07:00,293.65,354.48,1207.12,20.1,2649.15,85.93,54.0,1.54,43.58,0
WELL-03,2026-08-02T08:00,303.28,392.35,1293.69,20.14,2616.83,87.92,58.3,1.55,43.97,0
WELL-03,2026-08-02T09:00,291.4,370.21,1270.49,20.18,2581.84,86.71,55.7,1.46,41.1,0
WELL-03,2026-08-02T10:00,289.08,360.59,1247.39,19.94,2675.4,87.82,56.9,1.58,42.61,0
WELL-03,2026-08-02T11:00,301.23,396.71,1317.0,19.88,2522.79,88.95,58.9,1.42,40.17,0
WELL-03,2026-08-02T12:00,290.72,380.14,1307.59,20.27,2527.66,87.31,59.9,1.42,41.3,0
WELL-03,2026-08-02T13:00,297.55,381.75,1282.98,21.34,2564.85,87.23,53.7,1.49,42.93,0
WELL-03,2026-08-02T14:00,284.31,366.11,1287.69,20.43,2531.59,89.85,55.3,1.69,43.53,0
WELL-03,2026-08-02T15:00,288.43,362.5,1256.8,19.58,2536.84,86.32,59.2,1.57,45.15,0
WELL-03,2026-08-02T16:00,284.28,369.74,1300.63,19.56,2615.14,88.22,54.1,1.38,45.16,0
WELL-03,2026-08-02T17:00,286.22,348.96,1219.22,21.2,2622.57,87.7,58.7,1.49,41.67,0
WELL-03,2026-08-02T18:00,300.47,378.89,1260.97,20.32,2686.22,88.2,60.6,1.38,42.61,0
WELL-03,2026-08-02T19:00,299.58,398.11,1328.93,21.32,2538.08,89.86,55.9,1.43,43.13,0
WELL-03,2026-08-02T20:00,287.69,369.74,1285.22,19.99,2494.77,86.53,57.6,1.76,43.56,0
WELL-03,2026-08-02T21:00,304.29,362.29,1190.59,20.68,2603.14,86.18,57.4,1.62,44.22,0
WELL-03,2026-08-02T22:00,301.48,358.45,1188.95,20.75,2555.98,86.5,56.2,1.49,40.59,0
WELL-03,2026-08-02T23:00,311.39,402.55,1292.76,21.31,2677.36,85.12,56.6,1.47,42.06,0
WELL-03,2026-08-03T00:00,305.28,364.33,1193.42,19.49,2642.69,89.33,59.9,1.64,43.6,0
WELL-03,2026-08-03T01:00,285.67,382.71,1339.71,20.35,2574.74,86.79,61.0,1.45,43.49,0
WELL-03,2026-08-03T02:00,311.75,388.19,1245.21,20.44,2593.23,88.34,56.2,1.74,44.62,0
WELL-03,2026-08-03T03:00,284.69,339.97,1194.17,20.01,2506.04,85.13,60.2,1.44,43.67,0
WELL-03,2026-08-03T04:00,282.95,365.27,1290.95,21.2,2578.69,87.62,53.8,1.71,43.61,0
WELL-03,2026-08-03T05:00,298.36,354.81,1189.21,20.96,2674.57,89.16,58.7,1.5,45.06,0
WELL-03,2026-08-03T06:00,296.3,369.57,1247.27,19.89,2618.22,88.07,56.0,1.6,41.02,0
WELL-03,2026-08-03T07:00,285.33,352.41,1235.11,20.55,2626.66,89.87,57.3,1.63,42.12,0
WELL-03,2026-08-03T08:00,283.2,369.07,1303.19,21.21,2482.82,87.11,54.2,1.71,45.11,0
WELL-03,2026-08-03T09:00,286.76,352.26,1228.41,21.3,2649.43,88.56,57.7,1.63,43.11,0
WELL-03,2026-08-03T10:00,305.67,408.53,1336.54,19.99,2515.02,86.68,59.9,1.61,42.63,0
WELL-03,2026-08-03T11:00,282.89,362.49,1281.38,19.61,2527.72,84.93,60.7,1.48,41.49,0
WELL-03,2026-08-03T12:00,310.26,377.54,1216.85,20.52,2501.71,89.6,61.8,1.48,43.69,0
WELL-03,2026-08-03T13:00,294.58,370.22,1256.79,19.73,2584.5,88.01,60.0,1.58,40.23,0
WELL-03,2026-08-03T14:00,295.27,374.73,1269.11,21.19,2631.41,87.71,54.7,1.61,42.04,0
WELL-03,2026-08-03T15:00,296.67,365.57,1232.23,19.78,2587.98,87.09,59.8,1.58,40.48,0
WELL-03,2026-08-03T16:00,301.85,403.11,1335.46,20.94,2570.18,85.3,60.3,1.68,42.01,0
WELL-03,2026-08-03T17:00,298.98,370.97,1240.8,19.67,2630.9,87.04,59.0,1.71,45.08,0
WELL-03,2026-08-03T18:00,310.04,384.04,1238.66,21.24,2662.15,87.74,56.1,1.44,40.79,0
WELL-03,2026-08-03T19:00,310.08,401.16,1293.74,20.03,2597.31,85.96,53.0,1.72,43.01,0
WELL-03,2026-08-03T20:00,286.87,364.19,1269.54,20.53,2616.71,88.74,60.0,1.72,40.18,0
WELL-03,2026-08-03T21:00,296.46,358.36,1208.81,20.67,2577.6,89.81,53.0,1.45,40.88,0
WELL-03,2026-08-03T22:00,293.32,387.45,1320.94,20.52,2595.87,87.05,55.5,1.44,44.33,0
WELL-03,2026-08-03T23:00,305.53,368.14,1204.94,19.77,2605.96,89.92,57.2,1.63,44.27,0
WELL-03,2026-08-04T00:00,289.99,351.59,1212.4,19.57,2496.34,88.35,54.9,1.5,41.06,0
WELL-03,2026-08-04T01:00,300.95,383.01,1272.65,20.35,2642.72,88.13,54.2,1.71,44.89,0
WELL-03,2026-08-04T02:00,302.35,390.49,1291.51,19.55,2496.42,87.65,57.9,1.63,41.56,0
WELL-03,2026-08-04T03:00,287.89,370.95,1288.54,20.06,2505.04,87.86,55.1,1.61,42.52,0
WELL-03,2026-08-04T04:00,310.66,386.08,1242.8,20.21,2683.6,89.3,61.8,1.64,43.05,0
WELL-03,2026-08-04T05:00,305.62,398.62,1304.33,20.64,2643.35,87.4,57.3,1.66,42.6,0
WELL-03,2026-08-04T06:00,308.78,382.77,1239.64,20.36,2643.9,87.8,59.8,1.44,41.64,0
WELL-03,2026-08-04T07:00,291.79,359.92,1233.5,21.19,2635.55,84.94,57.9,1.5,44.21,0
WELL-03,2026-08-04T08:00,293.94,390.38,1328.11,21.26,2687.04,86.26,59.4,1.39,42.01,0
WELL-03,2026-08-04T09:00,299.32,387.46,1294.47,20.92,2631.94,89.99,56.2,1.67,42.54,0
WELL-03,2026-08-04T10:00,301.76,383.55,1271.03,19.92,2586.14,85.31,59.5,1.65,41.08,0
WELL-03,2026-08-04T11:00,310.19,395.47,1274.94,19.6,2635.17,85.69,54.5,1.71,42.0,0
WELL-03,2026-08-04T12:00,292.86,348.87,1191.28,19.61,2494.02,89.47,60.2,1.63,42.48,0
WELL-03,2026-08-04T13:00,283.04,346.31,1223.55,19.53,2489.28,88.42,53.6,1.66,41.37,0
WELL-03,2026-08-04T14:00,294.42,375.35,1274.89,20.88,2622.47,85.54,56.8,1.4,43.71,0
WELL-03,2026-08-04T15:00,291.07,365.69,1256.37,19.84,2516.15,89.65,56.3,1.68,40.18,0
WELL-03,2026-08-04T16:00,303.13,400.07,1319.8,19.88,2678.9,86.52,61.0,1.73,43.9,0
WELL-03,2026-08-04T17:00,295.67,356.45,1205.59,20.14,2497.5,85.58,55.1,1.58,42.54,0
WELL-03,2026-08-04T18:00,301.27,394.67,1310.0,20.63,2620.9,86.67,60.3,1.69,44.3,0
WELL-03,2026-08-04T19:00,296.61,386.85,1304.21,20.12,2622.67,89.59,56.8,1.49,43.23,0
WELL-03,2026-08-04T20:00,284.53,349.71,1229.07,20.23,2489.6,85.63,61.6,1.47,42.37,0
WELL-03,2026-08-04T21:00,291.88,346.86,1188.33,19.58,2553.29,87.55,58.7,1.52,42.2,0
WELL-03,2026-08-04T22:00,300.14,382.74,1275.21,20.68,2502.2,89.97,54.1,1.42,43.68,0
WELL-03,2026-08-04T23:00,295.86,364.37,1231.55,20.71,2561.76,88.67,56.2,1.61,42.22,0
WELL-03,2026-08-05T00:00,309.37,372.04,1202.59,21.4,2581.08,86.65,53.5,1.7,43.96,0
WELL-03,2026-08-05T01:00,291.24,346.38,1189.33,21.08,2566.06,85.09,53.6,1.65,42.49,0
WELL-03,2026-08-05T02:00,293.74,354.89,1208.18,21.07,2531.27,89.47,53.2,1.68,41.55,0
WELL-03,2026-08-05T03:00,293.58,363.15,1236.98,20.19,2584.87,85.94,58.4,1.49,43.0,0
WELL-03,2026-08-05T04:00,291.55,358.83,1230.76,20.06,2527.24,88.42,53.0,1.49,45.12,0
WELL-03,2026-08-05T05:00,288.63,362.58,1256.22,20.24,2538.33,86.26,56.6,1.68,45.0,0
WELL-03,2026-08-05T06:00,298.49,383.97,1286.34,21.32,2508.78,88.47,55.5,1.71,41.6,0
WELL-03,2026-08-05T07:00,287.46,341.99,1189.71,20.24,2506.66,89.99,57.2,1.69,41.99,0
WELL-03,2026-08-05T08:00,304.93,398.3,1306.2,19.65,2558.95,85.7,58.3,1.51,42.89,0
WELL-03,2026-08-05T09:00,298.67,384.98,1288.99,20.14,2681.31,88.55,59.8,1.6,42.41,0
WELL-03,2026-08-05T10:00,310.46,401.55,1293.38,20.96,2551.01,87.69,52.8,1.46,40.4,0
WELL-03,2026-08-05T11:00,295.31,384.79,1302.98,19.54,2585.1,88.47,57.8,1.65,40.6,0
WELL-03,2026-08-05T12:00,309.37,394.55,1275.34,19.72,2525.17,88.74,59.1,1.5,42.65,0
WELL-03,2026-08-05T13:00,282.52,364.31,1289.52,20.69,2616.99,89.83,56.6,1.51,42.35,0
WELL-03,2026-08-05T14:00,287.29,358.55,1248.04,21.39,2568.03,85.02,55.7,1.4,43.63,0
WELL-03,2026-08-05T15:00,294.99,392.57,1330.83,20.11,2686.03,89.08,55.8,1.55,45.12,0
WELL-03,2026-08-05T16:00,302.93,399.92,1320.17,20.05,2563.63,86.19,60.7,1.58,43.26,0
WELL-03,2026-08-05T17:00,292.38,360.45,1232.81,20.91,2583.03,86.15,59.6,1.68,42.37,0
WELL-03,2026-08-05T18:00,292.8,373.26,1274.82,20.1,2589.33,87.32,61.8,1.54,43.37,0
WELL-03,2026-08-05T19:00,301.19,389.31,1292.56,21.12,2664.51,86.42,55.4,1.53,44.51,0
WELL-03,2026-08-05T20:00,300.02,372.64,1242.05,20.41,2500.99,84.83,54.1,1.49,40.85,0
WELL-03,2026-08-05T21:00,303.47,365.79,1205.37,19.49,2648.39,86.64,58.9,1.5,43.76,0
WELL-03,2026-08-05T22:00,286.25,341.28,1192.24,19.85,2622.54,88.03,54.2,1.57,41.45,0
WELL-03,2026-08-05T23:00,289.51,346.5,1196.84,19.85,2650.76,88.01,56.9,1.52,44.56,0
WELL-03,2026-08-06T00:00,289.29,374.83,1295.7,20.47,2660.07,84.85,54.0,1.75,44.48,0
WELL-03,2026-08-06T01:00,295.05,364.98,1237.01,20.14,2535.67,87.3,59.7,1.71,41.38,0
WELL-03,2026-08-06T02:00,311.22,390.88,1255.97,20.6,2632.34,88.12,57.1,1.64,41.16,0
WELL-03,2026-08-06T03:00,303.86,362.3,1192.32,21.35,2535.77,88.77,56.4,1.72,41.2,0
WELL-03,2026-08-06T04:00,305.45,395.33,1294.25,20.32,2648.41,86.7,53.0,1.75,40.85,0
WELL-03,2026-08-06T05:00,309.72,396.57,1280.42,21.22,2548.29,89.21,58.4,1.41,40.78,0
WELL-03,2026-08-06T06:00,294.88,381.47,1293.64,19.78,2549.34,88.12,56.6,1.39,41.7,0
WELL-03,2026-08-06T07:00,297.62,356.33,1197.27,20.53,2518.64,89.65,56.5,1.41,42.23,0
WELL-03,2026-08-06T08:00,290.89,379.15,1303.42,19.68,2569.0,85.22,53.1,1.61,41.8,0
WELL-03,2026-08-06T09:00,285.84,359.05,1256.14,19.79,2496.37,88.67,53.3,1.63,43.79,0
WELL-03,2026-08-06T10:00,309.03,408.11,1320.61,19.99,2620.77,89.88,54.0,1.69,44.39,0
WELL-03,2026-08-06T11:00,286.64,354.6,1237.1,19.5,2669.79,86.08,54.4,1.47,44.46,0
WELL-03,2026-08-06T12:00,295.73,353.84,1196.49,20.85,2552.97,85.74,56.6,1.42,42.67,0
WELL-03,2026-08-06T13:00,296.76,379.65,1279.34,21.07,2618.76,88.13,60.9,1.73,41.5,0
WELL-03,2026-08-06T14:00,294.35,375.63,1276.14,20.97,2557.46,86.13,61.2,1.51,41.17,0
WELL-03,2026-08-06T15:00,295.2,395.48,1339.69,20.04,2505.99,89.5,53.2,1.42,40.86,0
WELL-03,2026-08-06T16:00,298.62,378.42,1267.23,21.01,2559.22,84.9,55.2,1.47,41.72,0
WELL-03,2026-08-06T17:00,297.56,361.18,1213.8,21.24,2633.87,88.55,57.2,1.6,43.09,0
WELL-03,2026-08-06T18:00,302.61,362.18,1196.85,20.09,2604.7,85.45,61.8,1.73,40.49,0
WELL-03,2026-08-06T19:00,302.26,377.66,1249.46,21.2,2518.89,88.07,53.8,1.62,40.87,0
WELL-03,2026-08-06T20:00,309.62,374.58,1209.81,21.33,2530.83,88.12,53.6,1.67,41.73,0
WELL-03,2026-08-06T21:00,305.86,364.87,1192.92,21.4,2506.88,86.68,56.3,1.74,42.91,0
WELL-03,2026-08-06T22:00,310.43,378.94,1220.69,20.67,2517.2,86.26,52.8,1.69,43.44,0
WELL-03,2026-08-06T23:00,282.89,366.63,1295.99,20.74,2660.92,88.18,61.2,1.44,43.25,0
WELL-03,2026-08-07T00:00,293.21,358.4,1222.33,19.38,2605.84,85.73,58.9,1.54,43.75,0
WELL-03,2026-08-07T01:00,307.98,379.02,1230.68,20.19,2574.13,85.54,57.6,1.39,41.06,0
WELL-03,2026-08-07T02:00,289.91,358.32,1235.97,20.89,2536.13,86.25,60.8,1.59,42.02,0
WELL-03,2026-08-07T03:00,304.01,363.28,1194.96,19.43,2502.17,88.89,59.4,1.46,40.98,0
WELL-03,2026-08-07T04:00,285.79,347.35,1215.41,21.4,2585.88,85.65,55.6,1.71,42.06,0
WELL-03,2026-08-07T05:00,292.48,374.12,1279.11,21.39,2510.54,87.4,58.3,1.43,44.1,0
WELL-03,2026-08-07T06:00,287.5,355.45,1236.33,20.29,2531.42,87.37,56.4,1.39,43.42,0
WELL-03,2026-08-07T07:00,288.12,359.62,1248.17,20.26,2562.41,89.81,54.9,1.47,41.97,0
WELL-03,2026-08-07T08:00,286.73,358.92,1251.79,21.13,2568.0,88.11,54.9,1.43,43.35,0
WELL-03,2026-08-07T09:00,284.53,372.63,1309.61,20.36,2559.26,87.43,55.6,1.53,41.84,0
WELL-03,2026-08-07T10:00,298.04,354.38,1189.04,19.62,2603.39,85.03,57.7,1.7,40.9,0
WELL-03,2026-08-07T11:00,306.23,368.01,1201.76,21.17,2569.55,87.02,55.4,1.4,44.93,0
WELL-03,2026-08-07T12:00,284.67,366.12,1286.12,21.14,2530.76,89.14,58.5,1.64,42.56,0
WELL-03,2026-08-07T13:00,284.86,338.63,1188.76,20.07,2502.37,88.19,58.7,1.75,43.77,0
WELL-03,2026-08-07T14:00,308.72,377.98,1224.35,19.87,2635.64,89.08,53.2,1.72,43.95,0
WELL-03,2026-08-07T15:00,302.69,398.9,1317.83,21.39,2659.17,86.8,54.3,1.72,43.33,0
WELL-03,2026-08-07T16:00,293.09,360.42,1229.73,19.9,2494.86,89.23,54.1,1.7,42.3,0
WELL-03,2026-08-07T17:00,305.93,391.83,1280.79,20.82,2544.2,88.65,56.1,1.69,40.18,0
WELL-03,2026-08-07T18:00,291.93,390.7,1338.34,20.53,2664.22,87.01,55.7,1.48,45.07,0
WELL-03,2026-08-07T19:00,288.2,371.13,1287.76,19.47,2581.0,85.58,55.8,1.57,41.38,0
WELL-03,2026-08-07T20:00,287.11,346.32,1206.22,20.88,2531.14,86.98,54.5,1.7,41.92,0
WELL-03,2026-08-07T21:00,301.89,371.84,1231.69,19.79,2576.07,84.95,57.8,1.58,41.03,0
WELL-03,2026-08-07T22:00,287.12,350.01,1219.06,19.96,2665.94,87.68,58.6,1.47,42.79,0
WELL-03,2026-08-07T23:00,285.01,376.86,1322.25,19.51,2538.38,85.69,54.9,1.38,40.58,0
WELL-03,2026-08-08T00:00,285.87,375.0,1311.8,19.93,2601.47,88.37,55.8,1.62,44.72,0
WELL-03,2026-08-08T01:00,311.13,374.24,1202.87,20.5,2490.32,86.36,58.9,1.43,43.69,0
WELL-03,2026-08-08T02:00,294.44,381.7,1296.36,20.11,2580.89,87.76,55.7,1.58,43.45,0
WELL-03,2026-08-08T03:00,294.31,377.51,1282.72,20.03,2636.24,89.64,54.9,1.4,44.04,0
WELL-03,2026-08-08T04:00,295.07,360.15,1220.53,20.24,2666.21,86.19,57.7,1.69,44.34,0
WELL-03,2026-08-08T05:00,293.31,373.58,1273.69,19.82,2589.25,86.37,56.5,1.54,41.07,0
WELL-03,2026-08-08T06:00,310.62,397.96,1281.19,20.84,2633.9,89.94,61.0,1.49,43.83,0
WELL-03,2026-08-08T07:00,297.71,354.74,1191.56,21.33,2494.9,87.57,52.9,1.43,43.78,0
WELL-03,2026-08-08T08:00,305.33,404.05,1323.33,21.36,2638.46,87.33,60.0,1.42,42.39,0
WELL-03,2026-08-08T09:00,299.65,374.99,1251.44,20.85,2481.53,87.56,61.1,1.75,42.56,0
WELL-03,2026-08-08T10:00,289.8,371.38,1281.47,20.42,2641.86,86.63,61.1,1.55,44.22,0
WELL-03,2026-08-08T11:00,303.04,397.16,1310.58,21.37,2653.09,85.7,57.4,1.43,42.12,0
WELL-03,2026-08-08T12:00,310.85,395.79,1273.22,19.42,2571.03,88.46,61.0,1.52,40.32,0
WELL-03,2026-08-08T13:00,283.3,336.79,1188.84,19.94,2625.69,86.15,61.7,1.48,44.55,0
WELL-03,2026-08-08T14:00,301.03,389.29,1293.17,20.3,2590.9,85.0,58.1,1.65,42.64,0
WELL-03,2026-08-08T15:00,291.22,359.23,1233.53,20.3,2606.09,89.39,56.9,1.52,43.85,0
WELL-03,2026-08-08T16:00,304.23,379.26,1246.61,20.35,2625.07,87.47,57.0,1.49,41.47,0
WELL-03,2026-08-08T17:00,296.67,390.12,1314.99,20.41,2500.74,86.61,59.0,1.56,44.48,0
WELL-03,2026-08-08T18:00,307.74,405.87,1318.87,20.16,2666.01,87.91,57.5,1.7,42.1,0
WELL-03,2026-08-08T19:00,302.32,373.21,1234.48,21.11,2545.36,89.52,56.9,1.67,40.47,0
WELL-03,2026-08-08T20:00,300.21,385.88,1285.38,19.53,2544.14,85.99,61.6,1.63,43.66,0
WELL-03,2026-08-08T21:00,311.09,374.58,1204.11,19.99,2531.17,87.39,55.6,1.75,40.72,0
WELL-03,2026-08-08T22:00,289.17,381.28,1318.55,20.53,2600.63,88.52,58.8,1.57,45.11,0
WELL-03,2026-08-08T23:00,301.77,400.58,1327.44,20.38,2667.43,85.19,54.0,1.49,45.03,0
WELL-03,2026-08-09T00:00,303.92,395.64,1301.78,19.8,2531.16,87.07,61.4,1.47,43.66,0
WELL-03,2026-08-09T01:00,298.01,374.5,1256.64,19.74,2505.35,85.36,56.4,1.71,42.4,0
WELL-03,2026-08-09T02:00,307.61,411.49,1337.68,19.77,2569.0,85.93,59.1,1.46,44.17,0
WELL-03,2026-08-09T03:00,291.06,384.06,1319.51,20.7,2659.5,85.04,60.6,1.4,43.42,0
WELL-03,2026-08-09T04:00,288.94,349.83,1210.75,20.12,2509.44,87.48,59.3,1.62,44.65,0
WELL-03,2026-08-09T05:00,304.3,383.9,1261.61,21.31,2661.26,87.47,60.4,1.75,44.98,0
WELL-03,2026-08-09T06:00,301.23,367.92,1221.41,20.8,2632.99,84.98,60.6,1.55,44.66,0
WELL-03,2026-08-09T07:00,284.89,344.67,1209.84,21.31,2526.65,85.79,53.0,1.41,41.87,0
WELL-03,2026-08-09T08:00,286.51,352.3,1229.63,21.09,2500.68,89.93,58.5,1.41,44.84,0
WELL-03,2026-08-09T09:00,307.67,366.38,1190.83,20.0,2514.8,87.14,54.0,1.39,44.34,0
WELL-03,2026-08-09T10:00,306.61,370.18,1207.35,19.97,2504.45,86.54,53.6,1.58,43.28,0
WELL-03,2026-08-09T11:00,286.51,344.27,1201.6,19.73,2591.53,84.87,60.4,1.64,43.95,0
WELL-03,2026-08-09T12:00,286.05,340.62,1190.78,21.18,2575.32,86.69,58.1,1.68,41.97,0
WELL-03,2026-08-09T13:00,284.67,347.33,1220.09,21.26,2612.54,87.7,60.2,1.58,43.03,0
WELL-03,2026-08-09T14:00,309.22,409.48,1324.22,19.7,2673.89,88.86,61.1,1.61,40.43,0
WELL-03,2026-08-09T15:00,299.38,376.63,1258.04,19.38,2494.06,87.47,60.5,1.48,40.82,0
WELL-03,2026-08-09T16:00,305.98,402.04,1313.96,20.48,2532.25,89.9,60.8,1.65,45.11,0
WELL-03,2026-08-09T17:00,311.18,375.49,1206.68,19.44,2661.77,86.19,53.6,1.47,40.94,0
WELL-03,2026-08-09T18:00,309.1,401.37,1298.51,20.77,2659.11,88.41,61.5,1.58,43.81,0
WELL-03,2026-08-09T19:00,291.76,386.49,1324.67,20.21,2671.55,85.05,57.1,1.43,41.55,0
WELL-03,2026-08-09T20:00,309.02,387.37,1253.55,19.37,2615.59,85.16,54.7,1.56,43.12,0
WELL-03,2026-08-09T21:00,290.27,355.17,1223.57,19.6,2550.37,89.4,54.5,1.44,44.74,0
WELL-03,2026-08-09T22:00,310.25,409.55,1320.06,21.18,2557.14,85.09,60.0,1.47,41.27,0
WELL-03,2026-08-09T23:00,294.65,384.0,1303.25,21.26,2659.22,89.26,53.1,1.53,43.9,0
WELL-03,2026-08-10T00:00,308.14,408.16,1324.57,21.16,2602.86,89.89,60.5,1.71,42.42,0
WELL-03,2026-08-10T01:00,300.43,358.48,1193.21,20.94,2511.55,88.57,53.6,1.74,42.75,0
WELL-03,2026-08-10T02:00,302.86,361.95,1195.11,20.82,2630.91,88.22,55.6,1.49,43.91,0
WELL-03,2026-08-10T03:00,288.19,357.51,1240.53,19.83,2678.83,88.2,53.8,1.5,45.01,0
WELL-03,2026-08-10T04:00,295.71,372.7,1260.37,20.78,2641.32,85.17,55.9,1.64,42.6,0
WELL-03,2026-08-10T05:00,285.85,340.48,1191.12,19.4,2541.61,88.98,54.9,1.43,44.37,0
WELL-03,2026-08-10T06:00,306.15,384.62,1256.29,20.5,2587.48,89.83,52.8,1.69,40.19,0
WELL-03,2026-08-10T07:00,287.12,346.48,1206.72,20.68,2561.99,87.99,54.8,1.63,40.56,0
WELL-03,2026-08-10T08:00,286.86,341.3,1189.78,20.07,2545.69,85.25,61.1,1.48,44.88,0
WELL-03,2026-08-10T09:00,283.63,377.1,1329.57,19.47,2492.85,87.06,60.0,1.47,41.75,0
WELL-03,2026-08-10T10:00,297.94,389.24,1306.45,20.08,2576.02,85.11,59.0,1.63,45.13,0
WELL-03,2026-08-10T11:00,297.57,358.32,1204.14,21.34,2547.62,86.59,56.4,1.68,41.58,0
WELL-03,2026-08-10T12:00,282.97,353.86,1250.52,20.91,2532.29,84.92,55.3,1.67,42.16,0
WELL-03,2026-08-10T13:00,306.97,392.76,1279.47,19.5,2592.31,89.71,58.7,1.42,44.76,0
WELL-03,2026-08-10T14:00,297.42,355.48,1195.2,21.04,2485.82,86.1,57.9,1.72,40.8,0
WELL-03,2026-08-10T15:00,302.26,387.83,1283.12,20.85,2507.81,87.26,59.0,1.39,43.75,0
WELL-03,2026-08-10T16:00,286.98,353.48,1231.74,20.28,2659.03,88.29,61.0,1.57,43.51,0
WELL-03,2026-08-10T17:00,287.96,384.69,1335.9,20.28,2622.27,87.34,57.3,1.48,44.5,0
WELL-03,2026-08-10T18:00,297.5,397.86,1337.35,20.09,2565.78,84.98,53.5,1.73,40.25,0
WELL-03,2026-08-10T19:00,307.44,372.12,1210.39,20.6,2611.97,84.94,53.4,1.4,43.99,0
WELL-03,2026-08-10T20:00,310.87,400.06,1286.9,20.94,2537.04,87.99,55.0,1.76,44.15,0
WELL-03,2026-08-10T21:00,288.77,384.14,1330.24,20.97,2533.92,88.25,54.4,1.48,43.0,0
WELL-03,2026-08-10T22:00,282.92,372.45,1316.45,20.78,2523.6,88.77,59.3,1.62,41.17,0
WELL-03,2026-08-10T23:00,302.34,366.42,1211.94,20.08,2660.53,87.57,59.4,1.39,41.15,0
WELL-03,2026-08-11T00:00,306.6,392.24,1279.31,19.96,2485.56,84.91,58.4,1.61,43.94,0
WELL-03,2026-08-11T01:00,285.9,349.85,1223.67,20.04,2656.63,84.99,60.0,1.47,44.53,0
WELL-03,2026-08-11T02:00,282.8,342.93,1212.65,21.16,2528.81,89.56,54.5,1.44,41.38,0
WELL-03,2026-08-11T03:00,295.56,394.04,1333.2,21.33,2644.09,87.14,61.4,1.43,42.37,0
WELL-03,2026-08-11T04:00,295.97,362.24,1223.91,19.75,2511.08,89.2,52.9,1.56,40.61,0
WELL-03,2026-08-11T05:00,301.89,380.73,1261.14,20.81,2638.44,87.47,57.2,1.66,40.7,0
WELL-03,2026-08-11T06:00,296.05,378.18,1277.4,21.31,2569.01,85.13,59.7,1.52,40.86,0
WELL-03,2026-08-11T07:00,284.18,355.68,1251.63,20.08,2659.83,89.63,55.6,1.71,40.23,0
WELL-03,2026-08-11T08:00,306.02,372.99,1218.84,20.31,2532.18,89.47,59.8,1.51,44.01,0
WELL-03,2026-08-11T09:00,302.94,377.35,1245.6,19.89,2571.36,86.91,53.8,1.49,41.49,0
WELL-03,2026-08-11T10:00,291.05,387.0,1329.66,19.59,2622.71,87.23,58.8,1.43,43.45,0
WELL-03,2026-08-11T11:00,309.94,405.69,1308.94,19.95,2618.83,86.18,56.2,1.56,41.89,0
WELL-03,2026-08-11T12:00,307.57,373.39,1213.98,20.24,2592.64,87.76,61.3,1.68,40.4,0
WELL-03,2026-08-11T13:00,295.77,378.77,1280.61,21.33,2483.7,85.41,56.8,1.43,41.71,0
WELL-03,2026-08-11T14:00,291.89,366.99,1257.28,19.54,2503.8,85.78,59.5,1.53,41.77,0
WELL-03,2026-08-11T15:00,291.53,350.82,1203.38,20.3,2668.08,85.56,56.2,1.41,42.25,0
WELL-03,2026-08-11T16:00,294.97,355.03,1203.6,20.77,2565.21,86.38,54.6,1.45,40.31,0
WELL-03,2026-08-11T17:00,292.01,360.87,1235.8,19.97,2603.42,85.83,55.4,1.6,45.04,0
WELL-03,2026-08-11T18:00,284.11,364.8,1284.04,20.26,2502.83,89.41,61.8,1.51,44.65,0
WELL-03,2026-08-11T19:00,310.04,414.07,1335.56,19.48,2674.73,86.26,60.3,1.46,43.91,0
WELL-03,2026-08-11T20:00,306.19,396.95,1296.42,20.16,2663.36,89.53,60.1,1.46,40.57,0
WELL-03,2026-08-11T21:00,283.5,369.92,1304.84,20.71,2552.07,87.69,54.9,1.42,41.19,0
WELL-03,2026-08-11T22:00,295.1,370.87,1256.78,19.98,2530.93,89.59,56.8,1.39,40.73,0
WELL-03,2026-08-11T23:00,284.09,379.33,1335.25,20.53,2597.98,88.98,60.9,1.56,44.8,0
WELL-03,2026-08-12T00:00,295.0,359.9,1220.0,19.65,2577.19,86.76,56.8,1.55,40.16,0
WELL-03,2026-08-12T01:00,297.3,371.93,1251.02,21.31,2625.75,85.77,57.6,1.57,44.7,0
WELL-03,2026-08-12T02:00,311.15,406.12,1305.24,20.88,2481.63,87.82,52.9,1.65,41.38,0
WELL-03,2026-08-12T03:00,282.14,335.69,1189.77,19.49,2578.66,89.01,57.2,1.64,42.38,0
WELL-03,2026-08-12T04:00,309.78,378.2,1220.83,19.98,2661.61,89.57,61.1,1.54,40.32,0
WELL-03,2026-08-12T05:00,292.16,350.3,1199.0,20.33,2542.95,89.5,58.9,1.59,42.13,0
WELL-03,2026-08-12T06:00,306.2,379.37,1238.97,20.86,2530.84,86.06,58.0,1.4,43.87,0
WELL-03,2026-08-12T07:00,283.62,359.9,1268.94,20.52,2587.35,87.37,54.8,1.53,40.73,0
WELL-03,2026-08-12T08:00,302.95,392.02,1294.02,19.72,2517.02,87.8,54.7,1.66,42.87,0
WELL-03,2026-08-12T09:00,287.04,359.78,1253.4,20.37,2667.53,86.88,55.5,1.58,43.3,0
WELL-03,2026-08-12T10:00,297.17,365.19,1228.91,19.73,2607.2,89.32,57.5,1.63,40.77,0
WELL-03,2026-08-12T11:00,285.37,354.14,1241.01,19.97,2661.98,85.89,59.3,1.4,42.09,0
WELL-03,2026-08-12T12:00,296.65,369.72,1246.32,20.78,2599.96,86.93,59.7,1.39,44.29,0
WELL-03,2026-08-12T13:00,288.6,368.39,1276.44,21.25,2662.32,86.95,60.7,1.59,43.38,0
WELL-03,2026-08-12T14:00,304.6,379.02,1244.32,21.35,2645.36,87.01,54.3,1.73,40.32,0
WELL-03,2026-08-12T15:00,289.42,365.29,1262.12,20.48,2681.91,88.26,55.2,1.53,40.71,0
WELL-03,2026-08-12T16:00,303.27,402.81,1328.23,21.08,2487.63,85.11,54.9,1.47,40.61,0
WELL-03,2026-08-12T17:00,290.23,379.08,1306.13,19.9,2558.21,84.9,60.3,1.7,40.71,0
WELL-03,2026-08-12T18:00,300.82,386.64,1285.28,20.11,2669.58,86.32,55.9,1.4,40.79,0
WELL-03,2026-08-12T19:00,308.07,376.74,1222.93,20.91,2594.4,86.02,55.5,1.62,44.02,0
WELL-03,2026-08-12T20:00,294.4,366.01,1243.24,20.92,2641.88,88.49,55.8,1.64,42.45,0
WELL-03,2026-08-12T21:00,306.67,391.75,1277.41,19.52,2481.57,85.69,61.7,1.51,43.57,0
WELL-03,2026-08-12T22:00,283.47,367.59,1296.76,20.66,2611.58,86.92,53.6,1.4,40.5,0
WELL-03,2026-08-12T23:00,299.55,371.41,1239.89,20.21,2533.52,88.95,57.2,1.71,42.89,0
WELL-03,2026-08-13T00:00,307.82,398.6,1294.9,20.83,2579.04,85.6,61.7,1.38,41.03,0
WELL-03,2026-08-13T01:00,292.76,371.8,1270.01,19.51,2501.34,86.19,59.0,1.66,40.89,0
WELL-03,2026-08-13T02:00,304.17,384.12,1262.87,19.78,2500.26,87.63,57.8,1.44,43.65,0
WELL-03,2026-08-13T03:00,299.84,382.46,1275.57,19.43,2633.92,85.44,59.4,1.5,41.8,0
WELL-03,2026-08-13T04:00,304.26,373.08,1226.22,20.86,2652.55,85.77,54.9,1.5,40.33,0
WELL-03,2026-08-13T05:00,293.19,348.94,1190.14,19.9,2646.22,88.27,61.4,1.64,40.57,0
WELL-03,2026-08-13T06:00,294.63,362.61,1230.74,19.79,2573.71,85.79,61.1,1.52,42.88,0
WELL-03,2026-08-13T07:00,303.77,404.41,1331.31,19.63,2639.97,88.97,55.3,1.53,43.88,0
WELL-03,2026-08-13T08:00,288.63,347.47,1203.86,21.29,2630.79,85.9,57.6,1.65,44.69,0
WELL-03,2026-08-13T09:00,311.31,390.77,1255.24,20.5,2624.74,87.71,57.0,1.76,44.72,0
WELL-03,2026-08-13T10:00,305.75,394.26,1289.47,20.03,2686.81,88.87,55.9,1.6,43.47,0
WELL-03,2026-08-13T11:00,291.92,356.16,1220.05,20.82,2661.48,89.9,54.7,1.59,43.45,0
WELL-03,2026-08-13T12:00,306.0,397.37,1298.6,21.41,2681.14,85.22,57.0,1.46,40.98,0
WELL-03,2026-08-13T13:00,283.76,376.67,1327.4,20.63,2559.36,87.25,54.9,1.42,44.92,0
WELL-03,2026-08-13T14:00,306.29,391.33,1277.64,20.49,2622.06,86.72,60.5,1.58,42.84,0
WELL-03,2026-08-13T15:00,304.42,380.41,1249.62,20.34,2625.39,85.4,61.5,1.51,42.53,0
WELL-03,2026-08-13T16:00,293.61,350.95,1195.31,19.62,2599.0,85.25,54.0,1.5,43.89,0
WELL-03,2026-08-13T17:00,285.76,353.13,1235.75,20.69,2639.87,89.01,56.9,1.63,41.37,0
WELL-03,2026-08-13T18:00,292.74,388.79,1328.11,20.14,2527.42,87.41,53.6,1.71,42.96,0
WELL-03,2026-08-13T19:00,295.26,376.78,1276.11,19.59,2525.76,89.67,54.7,1.48,40.36,0
WELL-03,2026-08-13T20:00,286.52,345.35,1205.32,19.42,2508.09,87.87,60.4,1.52,40.69,0
WELL-03,2026-08-13T21:00,306.86,370.28,1206.68,21.28,2546.69,86.23,59.7,1.44,41.21,0
WELL-03,2026-08-13T22:00,307.9,411.22,1335.59,20.51,2643.33,89.5,55.9,1.59,41.84,0
WELL-03,2026-08-13T23:00,311.53,407.41,1307.78,19.59,2651.89,88.85,58.2,1.57,43.47,0
WELL-03,2026-08-14T00:00,293.47,356.3,1214.12,19.58,2582.42,85.78,55.3,1.62,44.78,0
WELL-03,2026-08-14T01:00,311.59,404.42,1297.91,19.67,2643.98,87.08,52.8,1.49,40.21,0
WELL-03,2026-08-14T02:00,307.62,375.62,1221.04,19.58,2485.87,85.72,60.2,1.46,40.78,0
WELL-03,2026-08-14T03:00,305.44,407.52,1334.23,19.95,2559.92,86.1,59.9,1.49,40.61,0
WELL-03,2026-08-14T04:00,286.4,340.54,1189.01,20.51,2489.61,89.07,58.0,1.45,41.13,0
WELL-03,2026-08-14T05:00,288.07,383.99,1332.96,20.72,2607.04,89.23,59.6,1.61,44.52,0
WELL-03,2026-08-14T06:00,307.94,392.19,1273.57,20.57,2668.01,89.73,55.2,1.67,42.66,0
WELL-03,2026-08-14T07:00,307.41,382.31,1243.65,19.72,2519.14,86.03,56.1,1.49,42.12,0
WELL-03,2026-08-14T08:00,296.01,368.15,1243.72,21.04,2604.66,85.34,54.5,1.43,40.72,0
WELL-03,2026-08-14T09:00,300.62,389.12,1294.38,19.81,2675.94,88.75,55.5,1.59,41.12,0
WELL-03,2026-08-14T10:00,285.4,374.27,1311.4,21.4,2664.22,85.83,57.4,1.47,42.82,0
WELL-03,2026-08-14T11:00,299.53,366.37,1223.16,20.79,2604.72,87.8,61.3,1.63,40.95,0
WELL-03,2026-08-14T12:00,295.09,352.01,1192.88,20.0,2508.69,85.17,59.2,1.48,40.29,0
WELL-03,2026-08-14T13:00,306.14,395.62,1292.28,19.99,2504.35,86.26,56.9,1.46,44.25,0
WELL-03,2026-08-14T14:00,301.96,364.95,1208.62,20.53,2646.77,89.07,57.2,1.69,42.74,0
WELL-03,2026-08-14T15:00,300.0,364.83,1216.13,20.6,2486.85,89.99,54.2,1.48,42.12,0
WELL-03,2026-08-14T16:00,308.46,412.75,1338.11,20.76,2531.05,89.43,57.2,1.71,43.5,0
WELL-03,2026-08-14T17:00,310.06,378.45,1220.56,20.18,2635.71,86.78,59.8,1.59,43.93,0
WELL-03,2026-08-14T18:00,301.76,402.43,1333.63,19.95,2626.01,86.58,60.6,1.63,43.61,0
WELL-03,2026-08-14T19:00,309.06,406.66,1315.82,21.29,2610.4,86.17,56.0,1.41,43.85,0
WELL-03,2026-08-14T20:00,290.67,383.57,1319.61,19.39,2519.13,89.48,57.8,1.47,45.1,0
WELL-03,2026-08-14T21:00,296.03,378.43,1278.34,19.99,2631.8,86.83,56.4,1.55,42.51,0
WELL-03,2026-08-14T22:00,306.51,383.65,1251.65,19.43,2596.71,89.04,56.8,1.73,44.95,0
WELL-03,2026-08-14T23:00,303.83,377.3,1241.81,21.31,2683.67,87.13,60.1,1.75,40.14,0
WELL-03,2026-08-15T00:00,311.09,409.47,1316.24,20.09,2671.72,87.48,56.9,1.56,43.06,0
WELL-03,2026-08-15T01:00,293.34,387.75,1321.85,20.59,2610.26,86.04,57.2,1.51,42.63,0
WELL-03,2026-08-15T02:00,308.82,371.96,1204.46,19.63,2512.67,89.43,53.9,1.49,43.65,0
WELL-03,2026-08-15T03:00,292.71,379.92,1297.93,20.33,2663.92,85.05,56.4,1.56,45.23,0
WELL-03,2026-08-15T04:00,303.31,399.06,1315.68,19.92,2657.15,87.85,52.8,1.49,41.75,0
WELL-03,2026-08-15T05:00,302.06,386.08,1278.18,19.57,2520.56,87.58,56.5,1.41,43.14,0
WELL-03,2026-08-15T06:00,296.93,377.97,1272.94,19.94,2629.02,89.55,59.6,1.64,41.87,0
WELL-03,2026-08-15T07:00,286.52,363.61,1269.06,20.13,2557.34,88.96,54.9,1.42,42.08,0
WELL-03,2026-08-15T08:00,291.8,362.32,1241.68,20.54,2570.15,86.19,54.8,1.65,44.04,0
WELL-03,2026-08-15T09:00,307.75,398.91,1296.21,19.46,2666.99,87.71,56.4,1.66,40.96,0
WELL-03,2026-08-15T10:00,311.18,412.52,1325.63,20.27,2512.34,87.69,53.7,1.69,45.03,0
WELL-03,2026-08-15T11:00,301.7,401.7,1331.45,21.11,2505.68,89.08,59.7,1.72,42.06,0
WELL-03,2026-08-15T12:00,311.02,373.73,1201.62,19.81,2628.51,86.17,56.6,1.49,44.38,0
WELL-03,2026-08-15T13:00,304.75,395.91,1299.15,20.04,2535.82,85.81,55.5,1.76,44.52,0
WELL-03,2026-08-15T14:00,295.27,361.68,1224.91,19.74,2493.34,89.41,59.3,1.58,44.47,0
WELL-03,2026-08-15T15:00,306.37,408.07,1331.97,19.61,2595.62,85.62,56.3,1.68,41.62,0
WELL-03,2026-08-15T16:00,293.66,353.66,1204.3,21.3,2662.41,89.56,53.0,1.6,40.54,0
WELL-03,2026-08-15T17:00,309.11,388.01,1255.23,19.43,2619.13,87.41,56.0,1.65,43.07,0
WELL-03,2026-08-15T18:00,307.68,374.38,1216.79,21.2,2542.64,87.15,57.1,1.62,40.74,0
WELL-03,2026-08-15T19:00,295.09,386.72,1310.49,20.9,2660.81,87.56,59.9,1.53,43.7,0
WELL-03,2026-08-15T20:00,298.98,397.95,1331.03,21.4,2640.66,88.25,60.0,1.53,42.58,0
WELL-03,2026-08-15T21:00,284.79,363.36,1275.93,19.69,2549.09,85.76,60.6,1.44,44.4,0
WELL-03,2026-08-15T22:00,290.51,382.98,1318.3,20.92,2578.63,85.63,54.6,1.74,44.51,0
WELL-03,2026-08-15T23:00,287.25,377.6,1314.55,19.74,2551.16,85.01,53.5,1.63,41.35,0
WELL-03,2026-08-16T00:00,308.51,400.5,1298.21,20.58,2650.36,87.78,55.1,1.59,40.57,0
WELL-03,2026-08-16T01:00,293.35,366.65,1249.9,20.53,2551.97,88.29,56.9,1.62,40.37,0
WELL-03,2026-08-16T02:00,310.04,404.71,1305.35,20.69,2590.19,89.32,55.4,1.74,41.98,0
WELL-03,2026-08-16T03:00,296.54,355.92,1200.25,19.71,2655.45,87.47,57.7,1.6,40.28,0
WELL-03,2026-08-16T04:00,306.89,377.23,1229.19,19.86,2580.46,85.85,58.9,1.5,41.5,0
WELL-03,2026-08-16T05:00,283.91,352.89,1243.0,21.01,2568.81,86.04,60.6,1.48,42.41,0
WELL-03,2026-08-16T06:00,301.96,358.95,1188.72,20.89,2612.75,85.33,52.9,1.57,42.72,0
WELL-03,2026-08-16T07:00,295.65,359.23,1215.03,19.63,2519.59,88.05,61.3,1.72,43.23,0
WELL-03,2026-08-16T08:00,297.62,380.01,1276.82,21.14,2639.38,87.57,60.5,1.68,44.9,0
WELL-03,2026-08-16T09:00,300.36,391.57,1303.69,19.79,2496.99,86.09,53.2,1.6,40.23,0
WELL-03,2026-08-16T10:00,284.88,380.29,1334.95,21.39,2622.11,87.66,57.5,1.65,43.42,0
WELL-03,2026-08-16T11:00,295.05,359.89,1219.76,20.09,2605.75,88.77,53.1,1.69,42.23,0
WELL-03,2026-08-16T12:00,292.78,364.32,1244.34,20.92,2627.82,87.45,55.8,1.39,41.78,0
WELL-03,2026-08-16T13:00,296.43,360.44,1215.92,19.4,2623.8,85.79,56.0,1.73,43.17,0
WELL-03,2026-08-16T14:00,305.89,397.63,1299.92,20.92,2495.26,88.91,56.1,1.56,44.42,0
WELL-03,2026-08-16T15:00,293.54,349.64,1191.12,20.11,2681.34,88.1,59.4,1.64,42.45,0
WELL-03,2026-08-16T16:00,298.64,356.26,1192.93,19.47,2499.65,86.23,57.6,1.75,43.56,0
WELL-03,2026-08-16T17:00,305.56,364.14,1191.7,21.03,2605.88,85.76,57.4,1.61,40.7,0
WELL-03,2026-08-16T18:00,302.8,363.34,1199.96,20.22,2655.73,88.1,53.5,1.66,40.85,0
WELL-03,2026-08-16T19:00,287.98,344.48,1196.19,20.97,2645.23,86.99,59.1,1.66,40.24,0
WELL-03,2026-08-16T20:00,297.52,358.26,1204.15,21.28,2631.51,85.15,53.4,1.43,40.89,0
WELL-03,2026-08-16T21:00,295.69,388.31,1313.26,19.39,2487.53,88.14,58.7,1.61,43.0,0
WELL-03,2026-08-16T22:00,287.06,366.2,1275.68,19.99,2574.94,86.01,59.1,1.48,41.24,0
WELL-03,2026-08-16T23:00,299.98,368.61,1228.79,19.97,2510.96,89.53,53.2,1.42,43.4,0
WELL-03,2026-08-17T00:00,285.08,339.45,1190.7,19.89,2568.64,86.8,59.5,1.52,45.14,0
WELL-03,2026-08-17T01:00,303.26,389.8,1285.37,19.8,2631.34,85.56,57.6,1.7,43.19,0
WELL-03,2026-08-17T02:00,307.31,405.86,1320.68,20.6,2568.33,88.11,55.3,1.74,42.27,0
WELL-03,2026-08-17T03:00,292.43,374.26,1279.85,19.72,2616.93,88.01,59.2,1.76,40.4,0
WELL-03,2026-08-17T04:00,306.85,399.89,1303.19,19.55,2660.63,88.85,59.5,1.72,44.7,0
WELL-03,2026-08-17T05:00,301.55,371.06,1230.5,19.49,2535.64,85.19,56.2,1.74,41.1,0
WELL-03,2026-08-17T06:00,309.46,401.91,1298.74,20.13,2638.85,84.93,60.8,1.47,41.85,0
WELL-03,2026-08-17T07:00,291.75,382.23,1310.13,19.75,2543.55,89.42,57.4,1.6,45.16,0
WELL-03,2026-08-17T08:00,291.78,372.68,1277.26,20.96,2546.64,85.38,58.3,1.42,43.79,0
WELL-03,2026-08-17T09:00,308.06,376.83,1223.23,20.82,2542.58,88.31,58.6,1.56,41.27,0
WELL-03,2026-08-17T10:00,311.57,370.69,1189.75,20.22,2607.86,87.0,60.2,1.42,40.58,0
WELL-03,2026-08-17T11:00,286.43,370.33,1292.94,21.31,2482.82,88.24,59.1,1.66,42.47,0
WELL-03,2026-08-17T12:00,303.57,397.18,1308.39,21.12,2509.97,87.39,59.9,1.63,41.89,0
WELL-03,2026-08-17T13:00,284.79,347.87,1221.5,19.68,2550.18,86.9,54.5,1.44,43.05,0
WELL-03,2026-08-17T14:00,305.01,407.18,1334.98,20.67,2492.16,87.71,55.1,1.71,43.65,0
WELL-03,2026-08-17T15:00,306.7,384.74,1254.43,19.71,2675.58,85.0,54.7,1.62,43.62,0
WELL-03,2026-08-17T16:00,288.88,381.51,1320.66,19.79,2542.91,85.74,60.3,1.5,44.72,0
WELL-03,2026-08-17T17:00,284.22,344.54,1212.23,19.97,2618.26,88.04,59.1,1.49,44.95,0
WELL-03,2026-08-17T18:00,297.37,369.75,1243.39,20.67,2666.55,88.27,56.0,1.75,44.31,0
WELL-03,2026-08-17T19:00,283.96,341.03,1200.97,20.67,2526.45,89.71,56.2,1.61,40.46,0
WELL-03,2026-08-17T20:00,295.63,375.26,1269.38,20.86,2624.11,88.07,58.3,1.47,42.51,0
WELL-03,2026-08-17T21:00,287.78,342.41,1189.84,20.57,2652.76,85.04,53.2,1.54,41.15,0
WELL-03,2026-08-17T22:00,282.24,371.09,1314.82,20.09,2507.73,86.13,53.7,1.42,44.76,0
WELL-03,2026-08-17T23:00,308.22,403.16,1308.01,19.8,2503.34,87.08,55.6,1.56,44.71,0
WELL-03,2026-08-18T00:00,287.91,353.16,1226.62,19.8,2511.49,88.53,59.6,1.66,43.57,0
WELL-03,2026-08-18T01:00,282.13,335.6,1189.52,20.6,2638.38,86.61,55.6,1.62,40.46,0
WELL-03,2026-08-18T02:00,297.87,381.17,1279.63,20.93,2590.07,85.05,58.7,1.66,40.16,0
WELL-03,2026-08-18T03:00,287.07,346.13,1205.73,19.41,2625.87,86.9,61.9,1.76,43.83,0
WELL-03,2026-08-18T04:00,283.73,374.8,1320.95,21.09,2551.88,85.2,53.1,1.71,40.89,0
WELL-03,2026-08-18T05:00,302.22,368.89,1220.62,20.06,2509.23,87.24,58.1,1.61,42.51,0
WELL-03,2026-08-18T06:00,299.27,387.69,1295.46,20.39,2671.07,85.58,61.9,1.58,43.78,0
WELL-03,2026-08-18T07:00,292.67,364.5,1245.4,21.11,2607.01,87.67,57.7,1.45,41.55,0
WELL-03,2026-08-18T08:00,282.96,372.63,1316.9,19.87,2524.41,86.38,53.0,1.6,42.34,0
WELL-03,2026-08-18T09:00,292.62,381.01,1302.04,21.22,2590.29,89.22,55.6,1.74,40.22,0
WELL-03,2026-08-18T10:00,309.27,389.37,1259.03,21.33,2682.6,90.05,60.4,1.6,41.54,0
WELL-03,2026-08-18T11:00,306.21,384.15,1254.56,21.31,2575.83,86.87,56.7,1.65,44.78,0
WELL-03,2026-08-18T12:00,310.55,384.12,1236.87,19.38,2600.45,87.73,59.4,1.42,41.79,0
WELL-03,2026-08-18T13:00,301.64,397.25,1316.97,21.11,2601.82,85.33,59.7,1.74,40.53,0
WELL-03,2026-08-18T14:00,285.69,340.72,1192.62,19.38,2524.11,89.0,59.4,1.55,41.1,0
WELL-03,2026-08-18T15:00,285.92,374.64,1310.3,20.23,2484.21,85.69,57.7,1.74,44.91,0
WELL-03,2026-08-18T16:00,309.66,397.08,1282.33,21.39,2512.53,89.04,59.1,1.46,44.74,0
WELL-03,2026-08-18T17:00,287.52,377.62,1313.39,20.38,2580.89,89.38,54.2,1.7,43.04,0
WELL-03,2026-08-18T18:00,282.54,360.12,1274.57,19.65,2537.18,89.11,57.6,1.38,43.07,0
WELL-03,2026-08-18T19:00,293.21,374.01,1275.59,19.62,2638.93,88.96,54.7,1.67,42.99,0
WELL-03,2026-08-18T20:00,306.56,409.11,1334.53,20.58,2566.74,85.8,55.1,1.48,42.88,0
WELL-03,2026-08-18T21:00,290.24,353.5,1217.96,21.02,2672.51,86.03,55.0,1.6,43.48,0
WELL-03,2026-08-18T22:00,290.22,367.84,1267.46,20.53,2499.26,86.95,57.0,1.7,42.05,0
WELL-03,2026-08-18T23:00,286.26,346.66,1210.96,20.64,2671.29,89.18,55.1,1.74,40.84,0
WELL-03,2026-08-19T00:00,306.27,391.81,1279.31,21.13,2598.66,89.99,53.0,1.53,42.81,0
WELL-03,2026-08-19T01:00,292.11,348.29,1192.35,20.85,2636.52,86.41,54.3,1.46,42.96,0
WELL-03,2026-08-19T02:00,293.01,390.65,1333.22,20.25,2651.4,89.74,59.4,1.43,44.35,0
WELL-03,2026-08-19T03:00,289.14,354.94,1227.56,20.64,2590.36,86.72,57.0,1.42,41.81,0
WELL-03,2026-08-19T04:00,296.97,354.77,1194.65,20.3,2613.66,88.13,57.4,1.55,41.25,0
WELL-03,2026-08-19T05:00,297.69,375.58,1261.65,19.48,2590.96,89.67,61.6,1.49,42.0,0
WELL-03,2026-08-19T06:00,305.35,389.65,1276.09,20.73,2543.42,87.87,59.0,1.47,41.02,0
WELL-03,2026-08-19T07:00,303.29,386.01,1272.73,19.72,2620.53,86.64,55.0,1.67,44.9,0
WELL-03,2026-08-19T08:00,295.28,375.33,1271.07,20.76,2543.03,87.51,58.3,1.43,44.25,0
WELL-03,2026-08-19T09:00,303.53,375.66,1237.65,20.77,2542.99,88.42,57.7,1.68,40.86,0
WELL-03,2026-08-19T10:00,290.66,374.39,1288.09,19.88,2578.68,85.38,56.4,1.66,42.02,0
WELL-03,2026-08-19T11:00,292.87,362.82,1238.86,21.13,2681.6,84.88,53.5,1.58,40.55,0
WELL-03,2026-08-19T12:00,295.02,385.81,1307.74,19.47,2573.72,85.25,59.2,1.58,42.08,0
WELL-03,2026-08-19T13:00,283.85,364.17,1282.95,20.7,2514.46,86.98,58.7,1.6,44.87,0
WELL-03,2026-08-19T14:00,310.65,405.09,1303.99,20.67,2485.1,87.4,61.9,1.47,44.91,0
WELL-03,2026-08-19T15:00,305.91,408.81,1336.37,20.13,2548.78,86.5,54.2,1.45,42.94,0
WELL-03,2026-08-19T16:00,301.73,369.88,1225.86,21.0,2548.38,89.84,55.0,1.44,40.55,0
WELL-03,2026-08-19T17:00,297.33,393.72,1324.18,20.13,2539.24,87.75,52.8,1.6,43.45,0
WELL-03,2026-08-19T18:00,283.81,346.58,1221.18,19.66,2604.46,86.46,53.8,1.49,40.55,0
WELL-03,2026-08-19T19:00,289.83,359.29,1239.67,21.25,2499.41,84.9,56.2,1.66,41.46,0
WELL-03,2026-08-19T20:00,302.26,394.55,1305.31,21.28,2486.27,88.75,56.7,1.7,44.59,0
WELL-03,2026-08-19T21:00,284.23,379.63,1335.63,19.54,2571.23,87.53,60.2,1.44,43.02,0
WELL-03,2026-08-19T22:00,300.62,368.43,1225.59,19.96,2657.18,87.26,54.2,1.7,42.39,0
WELL-03,2026-08-19T23:00,296.65,362.84,1223.12,20.85,2565.27,86.07,55.6,1.5,41.72,0
WELL-03,2026-08-20T00:00,306.41,364.16,1188.45,20.59,2507.45,85.47,57.4,1.55,43.33,0
WELL-03,2026-08-20T01:00,294.81,362.04,1228.06,20.77,2564.11,87.67,57.9,1.65,44.48,0
WELL-03,2026-08-20T02:00,297.7,357.79,1201.86,21.0,2668.69,87.83,54.2,1.42,41.69,0
WELL-03,2026-08-20T03:00,295.77,384.01,1298.34,19.66,2662.24,89.38,55.8,1.54,40.29,0
WELL-03,2026-08-20T04:00,307.94,394.7,1281.73,19.74,2557.2,88.19,60.1,1.71,42.83,0
WELL-03,2026-08-20T05:00,301.19,384.17,1275.5,20.86,2556.28,85.61,59.2,1.5,41.3,0
WELL-03,2026-08-20T06:00,293.58,388.53,1323.43,19.54,2486.38,88.73,53.8,1.71,43.22,0
WELL-03,2026-08-20T07:00,287.84,384.27,1335.03,20.08,2548.09,89.21,56.2,1.55,44.04,0
WELL-03,2026-08-20T08:00,285.66,368.09,1288.56,21.27,2494.03,87.43,59.6,1.54,41.56,0
WELL-03,2026-08-20T09:00,283.8,360.83,1271.4,20.13,2493.83,88.47,54.3,1.75,45.2,0
WELL-03,2026-08-20T10:00,294.28,350.41,1190.72,21.27,2494.04,89.95,53.6,1.56,41.74,0
WELL-03,2026-08-20T11:00,296.49,395.52,1334.01,20.75,2498.39,89.32,54.9,1.67,44.47,0
WELL-03,2026-08-20T12:00,309.96,413.22,1333.12,21.08,2606.27,87.55,52.8,1.39,42.76,0
WELL-03,2026-08-20T13:00,287.5,355.88,1237.86,20.1,2545.64,88.75,56.8,1.43,42.45,0
WELL-03,2026-08-20T14:00,305.02,372.98,1222.8,21.29,2639.66,89.43,55.4,1.44,40.2,0
WELL-03,2026-08-20T15:00,305.08,403.09,1321.26,19.7,2643.06,89.05,56.0,1.66,41.34,0
WELL-03,2026-08-20T16:00,307.18,392.13,1276.52,20.52,2651.96,86.09,58.2,1.68,43.08,0
WELL-03,2026-08-20T17:00,290.4,387.07,1332.91,19.43,2643.53,89.21,59.1,1.52,41.25,0
WELL-03,2026-08-20T18:00,304.24,370.04,1216.25,21.3,2555.44,88.68,60.4,1.43,44.6,0
WELL-03,2026-08-20T19:00,286.81,374.53,1305.83,20.11,2624.43,87.6,56.2,1.73,41.08,0
WELL-03,2026-08-20T20:00,288.7,354.78,1228.91,20.83,2574.28,85.5,56.5,1.56,42.2,0
WELL-03,2026-08-20T21:00,303.02,379.31,1251.76,20.2,2613.07,86.17,53.7,1.73,43.26,0
WELL-03,2026-08-20T22:00,295.99,382.91,1293.64,20.68,2636.5,84.88,56.0,1.56,44.25,0
WELL-03,2026-08-20T23:00,305.37,382.91,1253.91,20.71,2599.75,85.47,60.4,1.5,43.42,0
WELL-03,2026-08-21T00:00,286.44,355.49,1241.06,21.31,2620.59,88.82,53.6,1.44,42.52,0
WELL-03,2026-08-21T01:00,287.56,358.37,1246.27,20.72,2481.55,87.79,59.2,1.51,40.13,0
WELL-03,2026-08-21T02:00,309.57,392.59,1268.17,20.27,2499.89,87.51,61.7,1.74,40.85,0
WELL-03,2026-08-21T03:00,289.27,359.92,1244.25,20.0,2516.87,87.43,61.8,1.69,41.33,0
WELL-03,2026-08-21T04:00,294.68,371.12,1259.39,20.14,2560.27,87.76,60.7,1.57,41.92,0
WELL-03,2026-08-21T05:00,298.95,371.34,1242.14,20.01,2592.4,86.09,58.1,1.59,42.03,0
WELL-03,2026-08-21T06:00,306.15,396.77,1296.0,20.02,2682.84,86.33,57.2,1.6,40.49,0
WELL-03,2026-08-21T07:00,291.65,349.34,1197.82,20.7,2654.35,88.84,61.1,1.59,43.49,0
WELL-03,2026-08-21T08:00,308.45,404.08,1310.01,19.81,2511.16,86.47,57.9,1.43,41.05,0
WELL-03,2026-08-21T09:00,283.11,354.49,1252.11,20.57,2609.56,88.28,60.7,1.52,41.9,0
WELL-03,2026-08-21T10:00,294.89,379.86,1288.14,19.65,2614.8,85.07,56.7,1.73,44.31,0
WELL-03,2026-08-21T11:00,307.34,366.27,1191.72,19.68,2481.42,85.2,53.4,1.54,44.13,0
WELL-03,2026-08-21T12:00,296.2,389.55,1315.13,19.83,2626.91,89.97,54.2,1.48,43.47,0
WELL-03,2026-08-21T13:00,283.49,357.8,1262.12,21.1,2522.32,86.53,55.0,1.44,40.2,0
WELL-03,2026-08-21T14:00,308.26,392.12,1272.03,19.46,2683.87,85.93,54.2,1.69,42.43,0
WELL-03,2026-08-21T15:00,310.07,415.0,1338.4,19.4,2572.42,87.45,56.8,1.46,43.53,0
WELL-03,2026-08-21T16:00,303.99,363.84,1196.88,20.79,2516.31,89.84,57.6,1.62,42.17,0
WELL-03,2026-08-21T17:00,294.32,386.23,1312.29,19.57,2634.46,86.8,60.4,1.44,43.35,0
WELL-03,2026-08-21T18:00,293.43,367.22,1251.49,19.79,2671.7,90.04,60.2,1.72,41.5,0
WELL-03,2026-08-21T19:00,288.38,380.32,1318.78,19.51,2634.26,89.51,60.1,1.7,41.49,0
WELL-03,2026-08-21T20:00,310.27,373.19,1202.8,20.52,2580.63,87.9,53.9,1.5,41.72,0
WELL-03,2026-08-21T21:00,304.65,381.86,1253.42,19.65,2611.55,87.82,60.1,1.71,43.42,0
WELL-03,2026-08-21T22:00,285.31,351.85,1233.19,19.81,2636.5,85.69,58.6,1.61,43.47,0
WELL-03,2026-08-21T23:00,287.47,351.53,1222.84,20.82,2558.78,86.9,58.1,1.47,42.48,0
WELL-03,2026-08-22T00:00,293.67,381.5,1299.06,20.59,2626.43,88.39,60.1,1.73,41.92,0
WELL-03,2026-08-22T01:00,296.12,357.97,1208.88,20.5,2552.24,85.56,59.8,1.67,44.43,0
WELL-03,2026-08-22T02:00,311.43,380.2,1220.83,19.81,2646.1,88.32,59.1,1.68,43.89,0
WELL-03,2026-08-22T03:00,306.83,366.79,1195.42,19.56,2623.82,87.86,60.3,1.44,41.93,0
WELL-03,2026-08-22T04:00,296.1,358.95,1212.25,19.77,2501.05,87.55,54.7,1.5,42.01,0
WELL-03,2026-08-22T05:00,282.19,371.94,1318.04,19.47,2549.54,87.44,57.4,1.56,42.38,0
WELL-03,2026-08-22T06:00,301.95,390.96,1294.77,21.34,2618.18,87.99,55.3,1.39,44.77,0
WELL-03,2026-08-22T07:00,293.82,360.3,1226.25,20.0,2483.2,89.38,56.5,1.62,42.4,0
WELL-03,2026-08-22T08:00,288.54,346.73,1201.69,20.29,2682.98,88.75,57.7,1.42,43.9,0
WELL-03,2026-08-22T09:00,304.51,375.56,1233.34,20.23,2561.94,86.07,59.0,1.5,40.76,0
WELL-03,2026-08-22T10:00,297.6,391.37,1315.07,20.53,2521.65,85.2,59.9,1.61,40.49,0
WELL-03,2026-08-22T11:00,292.36,378.87,1295.87,20.23,2488.97,84.91,54.8,1.4,40.67,0
WELL-03,2026-08-22T12:00,288.77,379.61,1314.55,21.12,2587.34,86.26,52.8,1.38,43.33,0
WELL-03,2026-08-22T13:00,303.03,404.22,1333.92,20.67,2680.73,85.48,56.7,1.74,41.08,0
WELL-03,2026-08-22T14:00,309.08,384.63,1244.43,20.37,2538.88,87.93,53.0,1.39,40.93,0
WELL-03,2026-08-22T15:00,304.65,404.38,1327.36,20.4,2684.45,89.42,61.0,1.56,42.27,0
WELL-03,2026-08-22T16:00,293.42,392.73,1338.45,21.32,2495.63,88.53,53.2,1.67,44.42,0
WELL-03,2026-08-22T17:00,299.53,381.69,1274.28,21.33,2546.93,87.31,60.4,1.69,43.67,0
WELL-03,2026-08-22T18:00,306.36,401.38,1310.12,20.34,2617.35,88.63,58.4,1.59,41.37,0
WELL-03,2026-08-22T19:00,303.62,397.9,1310.51,20.03,2522.25,86.12,56.3,1.66,45.06,0
WELL-03,2026-08-22T20:00,300.93,381.89,1269.02,20.17,2586.76,88.02,60.4,1.59,41.12,0
WELL-03,2026-08-22T21:00,287.87,367.64,1277.11,20.62,2644.85,89.37,58.8,1.46,43.5,0
WELL-03,2026-08-22T22:00,294.12,361.44,1228.9,20.01,2629.05,88.55,58.2,1.43,41.85,0
WELL-03,2026-08-22T23:00,292.58,359.57,1228.95,21.32,2584.41,84.86,55.2,1.53,41.21,0
WELL-03,2026-08-23T00:00,292.81,385.3,1315.87,20.91,2609.44,85.19,60.0,1.48,43.08,0
WELL-03,2026-08-23T01:00,292.31,363.91,1244.93,20.55,2679.53,86.66,58.7,1.4,43.33,0
WELL-03,2026-08-23T02:00,301.27,366.79,1217.49,21.36,2662.36,87.42,60.8,1.42,40.8,0
WELL-03,2026-08-23T03:00,310.86,409.76,1318.14,21.3,2525.98,86.57,61.8,1.61,40.14,0
WELL-03,2026-08-23T04:00,287.71,350.52,1218.3,21.37,2543.3,85.47,53.6,1.66,41.55,0
WELL-03,2026-08-23T05:00,295.87,391.62,1323.64,20.68,2584.19,85.61,52.8,1.4,44.65,0
WELL-03,2026-08-23T06:00,283.51,362.47,1278.5,20.7,2507.74,87.23,53.7,1.62,44.82,0
WELL-03,2026-08-23T07:00,292.69,359.16,1227.1,19.67,2544.11,87.98,61.9,1.44,43.84,0
WELL-03,2026-08-23T08:00,284.94,363.23,1274.76,20.67,2573.87,89.22,56.0,1.4,43.43,0
WELL-03,2026-08-23T09:00,290.13,370.57,1277.24,19.81,2684.45,85.88,60.0,1.47,45.11,0
WELL-03,2026-08-23T10:00,291.58,387.97,1330.57,19.4,2569.43,84.85,57.9,1.57,43.06,0
WELL-03,2026-08-23T11:00,305.24,397.7,1302.89,19.63,2549.15,87.46,56.8,1.57,42.92,0
WELL-03,2026-08-23T12:00,302.57,404.22,1335.98,20.09,2500.77,86.42,54.9,1.63,44.68,0
WELL-03,2026-08-23T13:00,305.92,375.21,1226.49,20.6,2549.37,85.86,56.1,1.64,43.46,0
WELL-03,2026-08-23T14:00,301.84,365.66,1211.43,19.41,2622.88,89.74,58.4,1.57,41.42,0
WELL-03,2026-08-23T15:00,289.18,379.78,1313.28,19.57,2659.24,88.14,60.5,1.59,41.56,0
WELL-03,2026-08-23T16:00,299.2,387.05,1293.63,19.42,2590.61,89.69,54.3,1.43,40.48,0
WELL-03,2026-08-23T17:00,304.38,373.57,1227.34,19.79,2605.24,86.16,56.0,1.41,43.53,0
WELL-03,2026-08-23T18:00,286.7,381.58,1330.97,21.37,2495.95,84.99,57.5,1.56,43.88,0
WELL-03,2026-08-23T19:00,302.2,362.25,1198.7,21.38,2650.07,85.29,56.6,1.49,41.36,0
WELL-03,2026-08-23T20:00,298.02,377.62,1267.08,20.64,2522.05,86.52,57.9,1.66,44.18,0
WELL-03,2026-08-23T21:00,293.41,387.76,1321.59,20.85,2668.06,89.84,56.5,1.51,40.8,0
WELL-03,2026-08-23T22:00,306.99,368.52,1200.45,20.72,2612.69,85.54,59.1,1.46,44.3,0
WELL-03,2026-08-23T23:00,299.79,394.88,1317.19,20.85,2634.67,86.11,58.2,1.39,40.17,0
WELL-03,2026-08-24T00:00,294.29,388.51,1320.16,21.28,2487.5,85.36,60.8,1.74,40.13,0
WELL-03,2026-08-24T01:00,282.48,359.04,1271.03,21.21,2564.72,87.09,61.2,1.47,41.57,0
WELL-03,2026-08-24T02:00,301.78,383.7,1271.45,20.8,2576.15,87.45,61.0,1.68,41.05,0
WELL-03,2026-08-24T03:00,282.66,359.51,1271.9,19.61,2654.68,86.9,55.9,1.68,44.79,0
WELL-03,2026-08-24T04:00,295.03,384.58,1303.54,20.04,2483.31,89.25,61.5,1.61,40.6,0
WELL-03,2026-08-24T05:00,285.05,343.13,1203.76,20.6,2656.19,89.76,57.7,1.61,42.08,0
WELL-03,2026-08-24T06:00,284.29,363.85,1279.84,20.03,2680.59,89.16,54.9,1.55,43.53,0
WELL-03,2026-08-24T07:00,297.63,371.52,1248.28,20.98,2539.85,86.6,55.2,1.72,40.74,0
WELL-03,2026-08-24T08:00,300.56,376.35,1252.18,20.01,2592.03,89.51,56.2,1.67,40.45,0
WELL-03,2026-08-24T09:00,298.9,388.83,1300.9,20.82,2631.13,88.34,53.7,1.69,43.61,0
WELL-03,2026-08-24T10:00,311.08,393.71,1265.62,20.7,2577.7,86.81,59.1,1.72,43.89,0
WELL-03,2026-08-24T11:00,289.67,374.97,1294.47,20.07,2523.39,86.5,61.5,1.39,40.52,0
WELL-03,2026-08-24T12:00,283.36,377.48,1332.17,20.21,2587.67,87.91,60.5,1.4,43.21,0
WELL-03,2026-08-24T13:00,290.96,357.16,1227.54,20.14,2528.69,85.83,53.7,1.58,42.97,0
WELL-03,2026-08-24T14:00,286.37,365.89,1277.68,19.4,2526.23,89.22,57.4,1.57,43.64,0
WELL-03,2026-08-24T15:00,294.03,364.14,1238.43,19.96,2627.02,88.4,61.9,1.55,44.14,0
WELL-03,2026-08-24T16:00,295.31,370.76,1255.52,19.97,2522.97,86.56,54.0,1.41,41.82,0
WELL-03,2026-08-24T17:00,309.93,408.63,1318.48,20.49,2619.59,89.38,55.0,1.51,44.04,0
WELL-03,2026-08-24T18:00,298.29,392.55,1315.99,19.54,2629.62,88.75,57.3,1.45,42.46,0
WELL-03,2026-08-24T19:00,288.5,385.49,1336.2,20.09,2581.15,87.1,58.7,1.44,40.91,0
WELL-03,2026-08-24T20:00,298.54,362.92,1215.66,20.76,2518.81,84.83,54.1,1.53,44.02,0
WELL-03,2026-08-24T21:00,302.05,361.96,1198.36,20.51,2682.68,89.92,55.1,1.5,40.32,0
WELL-03,2026-08-24T22:00,285.53,365.75,1280.97,19.71,2609.37,89.23,53.3,1.75,40.62,0
WELL-03,2026-08-24T23:00,293.64,384.53,1309.52,20.82,2532.4,85.54,58.4,1.59,43.01,0
WELL-03,2026-08-25T00:00,306.43,391.66,1278.13,21.06,2596.4,88.19,53.5,1.42,44.74,0
WELL-03,2026-08-25T01:00,293.09,353.76,1207.01,20.62,2518.03,85.07,56.1,1.45,43.6,0
WELL-03,2026-08-25T02:00,296.65,384.35,1295.64,20.31,2679.1,87.39,60.1,1.53,44.43,0
WELL-03,2026-08-25T03:00,284.52,370.2,1301.17,20.89,2587.87,85.36,56.6,1.49,43.9,0
WELL-03,2026-08-25T04:00,304.69,402.28,1320.29,19.61,2561.39,88.06,57.9,1.75,44.42,0
WELL-03,2026-08-25T05:00,293.73,353.7,1204.16,20.19,2614.05,88.11,60.5,1.74,42.32,0
WELL-03,2026-08-25T06:00,291.97,380.83,1304.33,20.58,2544.82,88.08,59.8,1.53,42.22,0
WELL-03,2026-08-25T07:00,310.75,408.2,1313.58,21.23,2503.75,89.36,54.0,1.63,40.32,0
WELL-03,2026-08-25T08:00,308.93,401.96,1301.14,20.68,2509.87,85.65,60.5,1.72,41.1,0
WELL-03,2026-08-25T09:00,311.79,384.81,1234.17,21.0,2656.01,87.51,59.4,1.56,40.21,0
WELL-03,2026-08-25T10:00,303.2,374.85,1236.31,19.61,2593.21,89.07,60.4,1.72,42.26,0
WELL-03,2026-08-25T11:00,287.13,381.97,1330.29,20.26,2620.6,89.04,55.7,1.59,40.65,0
WELL-03,2026-08-25T12:00,290.66,352.79,1213.75,20.57,2489.81,89.94,54.2,1.44,45.2,0
WELL-03,2026-08-25T13:00,307.01,388.38,1265.04,21.02,2530.45,85.51,54.5,1.51,41.25,0
WELL-03,2026-08-25T14:00,310.89,388.12,1248.41,21.33,2624.11,89.77,59.1,1.39,44.06,0
WELL-03,2026-08-25T15:00,283.34,372.93,1316.2,21.16,2591.01,88.02,55.4,1.67,40.86,0
WELL-03,2026-08-25T16:00,295.11,378.23,1281.67,21.39,2518.39,88.38,57.8,1.38,43.4,0
WELL-03,2026-08-25T17:00,283.09,345.16,1219.27,19.57,2536.0,87.08,56.1,1.49,41.11,0
WELL-03,2026-08-25T18:00,306.54,390.34,1273.35,20.63,2566.41,86.99,60.5,1.5,40.79,0
WELL-03,2026-08-25T19:00,297.73,366.83,1232.11,20.54,2489.15,88.73,60.4,1.74,41.5,0
WELL-03,2026-08-25T20:00,304.26,389.13,1278.94,19.91,2487.0,85.37,52.7,1.69,43.57,0
WELL-03,2026-08-25T21:00,289.25,363.43,1256.44,21.37,2582.8,90.03,61.9,1.46,41.49,0
WELL-03,2026-08-25T22:00,298.44,369.76,1238.99,20.54,2487.34,86.0,57.9,1.43,42.17,0
WELL-03,2026-08-25T23:00,302.52,391.45,1293.96,20.41,2603.85,89.78,59.1,1.46,41.97,0
WELL-03,2026-08-26T00:00,296.34,368.68,1244.12,20.3,2506.17,86.21,59.0,1.42,44.29,0
WELL-03,2026-08-26T01:00,287.58,357.51,1243.16,19.53,2497.88,86.14,55.6,1.75,44.48,0
WELL-03,2026-08-26T02:00,294.83,377.72,1281.16,20.06,2560.42,85.85,56.7,1.6,43.35,0
WELL-03,2026-08-26T03:00,307.54,405.86,1319.71,20.32,2666.54,88.41,59.5,1.74,45.19,0
WELL-03,2026-08-26T04:00,282.94,370.39,1309.06,21.15,2598.32,86.02,57.3,1.39,43.55,0
WELL-03,2026-08-26T05:00,291.53,376.6,1291.82,20.14,2598.91,87.84,60.9,1.42,44.96,0
WELL-03,2026-08-26T06:00,305.61,401.78,1314.67,21.07,2618.4,89.78,56.9,1.56,42.92,0
WELL-03,2026-08-26T07:00,300.92,393.27,1306.9,20.61,2606.71,87.56,61.3,1.51,44.96,0
WELL-03,2026-08-26T08:00,305.91,382.69,1250.99,20.76,2508.24,85.23,57.6,1.71,43.24,0
WELL-03,2026-08-26T09:00,310.29,382.78,1233.62,19.93,2679.99,87.06,54.5,1.57,40.68,0
WELL-03,2026-08-26T10:00,300.06,396.42,1321.13,20.75,2579.32,88.21,57.1,1.62,44.05,0
WELL-03,2026-08-26T11:00,310.79,386.61,1243.95,20.64,2507.6,89.99,53.5,1.42,41.56,0
WELL-03,2026-08-26T12:00,302.26,398.73,1319.18,19.7,2635.13,85.04,56.3,1.39,40.47,0
WELL-03,2026-08-26T13:00,311.3,415.24,1333.89,20.73,2549.74,85.74,60.7,1.5,43.88,0
WELL-03,2026-08-26T14:00,304.39,392.94,1290.94,20.22,2582.36,88.98,59.8,1.48,40.19,0
WELL-03,2026-08-26T15:00,302.11,359.98,1191.53,20.52,2603.93,87.54,61.8,1.64,40.43,0
WELL-03,2026-08-26T16:00,304.09,395.52,1300.66,20.71,2573.3,87.91,53.5,1.54,45.1,0
WELL-03,2026-08-26T17:00,288.37,359.62,1247.08,20.89,2676.18,86.69,61.7,1.75,44.28,0
WELL-03,2026-08-26T18:00,294.29,351.12,1193.12,20.06,2608.62,86.39,55.7,1.72,43.82,0
WELL-03,2026-08-26T19:00,297.22,362.62,1220.02,20.65,2587.84,84.84,54.3,1.43,40.5,0
WELL-03,2026-08-26T20:00,304.29,363.98,1196.15,20.77,2657.3,86.23,53.7,1.45,41.96,0
WELL-03,2026-08-26T21:00,298.14,398.44,1336.41,20.21,2614.37,88.25,55.7,1.5,40.58,0
WELL-03,2026-08-26T22:00,304.05,371.08,1220.45,20.09,2648.49,88.75,55.9,1.6,41.95,0
WELL-03,2026-08-26T23:00,286.37,375.99,1312.93,19.53,2558.66,86.52,53.8,1.53,41.9,0
WELL-03,2026-08-27T00:00,285.51,372.07,1303.16,20.65,2589.41,86.84,60.9,1.63,41.22,0
WELL-03,2026-08-27T01:00,293.85,358.75,1220.86,20.03,2665.22,89.98,59.9,1.42,41.78,0
WELL-03,2026-08-27T02:00,284.82,373.8,1312.42,19.58,2577.08,87.76,53.8,1.65,44.22,0
WELL-03,2026-08-27T03:00,301.11,368.92,1225.2,19.75,2647.72,87.97,59.4,1.66,41.34,0
WELL-03,2026-08-27T04:00,293.61,356.29,1213.48,21.28,2539.51,88.68,55.9,1.5,42.07,0
WELL-03,2026-08-27T05:00,306.33,410.15,1338.94,21.25,2548.16,89.48,55.2,1.69,40.24,0
WELL-03,2026-08-27T06:00,290.22,353.05,1216.52,19.59,2669.16,88.98,53.9,1.66,40.97,0
WELL-03,2026-08-27T07:00,305.05,402.02,1317.89,19.62,2518.34,87.17,59.1,1.42,42.23,0
WELL-03,2026-08-27T08:00,290.75,348.85,1199.84,20.74,2624.49,85.92,58.8,1.61,42.23,0
WELL-03,2026-08-27T09:00,287.13,349.5,1217.23,19.41,2632.62,85.76,59.2,1.42,42.24,0
WELL-03,2026-08-27T10:00,293.81,359.65,1224.12,20.0,2605.94,89.14,53.1,1.48,44.95,0
WELL-03,2026-08-27T11:00,282.37,366.33,1297.32,19.68,2623.95,85.63,54.4,1.64,41.31,0
WELL-03,2026-08-27T12:00,302.74,394.0,1301.46,20.46,2652.51,89.52,57.2,1.72,42.86,0
WELL-03,2026-08-27T13:00,301.81,365.77,1211.9,20.45,2558.72,86.02,58.3,1.58,44.45,0
WELL-03,2026-08-27T14:00,299.54,385.72,1287.67,19.94,2571.93,90.0,53.2,1.72,40.27,0
WELL-03,2026-08-27T15:00,309.63,409.29,1321.86,20.0,2486.66,88.81,60.7,1.46,41.33,0
WELL-03,2026-08-27T16:00,293.82,357.46,1216.58,20.57,2632.69,89.1,54.4,1.53,44.81,0
WELL-03,2026-08-27T17:00,306.53,405.4,1322.56,19.71,2495.94,86.31,56.7,1.47,44.01,0
WELL-03,2026-08-27T18:00,291.69,375.35,1286.82,20.79,2552.49,85.7,55.5,1.63,44.01,0
WELL-03,2026-08-27T19:00,307.77,386.56,1255.99,21.03,2602.77,87.4,52.9,1.43,44.56,0
WELL-03,2026-08-27T20:00,291.99,372.14,1274.47,20.0,2685.22,90.02,56.1,1.48,43.01,0
WELL-03,2026-08-27T21:00,291.95,353.37,1210.4,19.91,2557.0,87.16,60.0,1.74,44.41,0
WELL-03,2026-08-27T22:00,310.97,396.82,1276.08,19.63,2645.43,87.82,55.0,1.4,41.54,0
WELL-03,2026-08-27T23:00,293.19,356.1,1214.58,21.05,2514.56,86.36,59.5,1.56,41.38,0
WELL-03,2026-08-28T00:00,284.24,339.94,1195.98,21.16,2581.97,85.22,55.1,1.47,40.81,0
WELL-03,2026-08-28T01:00,303.09,370.07,1220.99,19.75,2535.97,89.8,58.8,1.44,40.24,0
WELL-03,2026-08-28T02:00,296.31,358.91,1211.29,19.8,2590.72,88.19,54.2,1.6,40.68,0
WELL-03,2026-08-28T03:00,289.55,387.08,1336.8,20.05,2582.74,85.69,57.4,1.42,44.17,0
WELL-03,2026-08-28T04:00,305.04,383.28,1256.5,21.21,2639.48,89.18,53.3,1.7,41.96,0
WELL-03,2026-08-28T05:00,285.06,344.69,1209.2,20.43,2506.88,85.53,53.5,1.53,42.05,0
WELL-03,2026-08-28T06:00,303.79,365.59,1203.44,19.55,2687.16,88.12,56.8,1.62,41.74,0
WELL-03,2026-08-28T07:00,296.28,387.71,1308.6,19.51,2656.17,87.56,54.6,1.75,45.11,0
WELL-03,2026-08-28T08:00,302.35,369.59,1222.41,21.23,2588.11,89.28,53.6,1.69,43.4,0
WELL-03,2026-08-28T09:00,282.45,362.31,1282.73,20.4,2646.78,90.07,55.7,1.68,43.21,0
WELL-03,2026-08-28T10:00,286.48,350.62,1223.88,20.94,2582.04,85.33,58.8,1.72,41.54,0
WELL-03,2026-08-28T11:00,301.43,368.37,1222.08,20.97,2518.76,87.01,61.5,1.75,40.69,0
WELL-03,2026-08-28T12:00,310.4,394.62,1271.32,19.6,2574.14,87.51,54.9,1.63,41.44,0
WELL-03,2026-08-28T13:00,304.49,392.47,1288.93,20.48,2528.91,87.24,58.1,1.48,43.46,0
WELL-03,2026-08-28T14:00,299.87,385.43,1285.3,19.41,2625.93,87.25,54.1,1.43,43.17,0
WELL-03,2026-08-28T15:00,307.48,375.16,1220.12,19.56,2502.96,86.05,53.8,1.73,43.19,0
WELL-03,2026-08-28T16:00,292.14,367.37,1257.51,21.3,2546.99,85.73,54.6,1.73,40.86,0
WELL-03,2026-08-28T17:00,301.38,367.26,1218.57,19.44,2670.73,88.17,55.2,1.66,41.24,0
WELL-03,2026-08-28T18:00,294.92,351.53,1191.96,19.7,2502.05,86.44,56.0,1.5,40.12,0
WELL-03,2026-08-28T19:00,296.44,375.51,1266.73,21.03,2511.4,90.07,57.6,1.45,40.94,0
WELL-03,2026-08-28T20:00,290.26,378.47,1303.92,19.52,2594.83,85.95,56.5,1.41,44.58,0
WELL-03,2026-08-28T21:00,301.35,378.3,1255.38,19.43,2595.78,88.69,61.1,1.5,43.75,0
WELL-03,2026-08-28T22:00,301.58,361.27,1197.92,20.9,2568.24,89.1,61.8,1.73,42.27,0
WELL-03,2026-08-28T23:00,310.24,412.78,1330.49,21.32,2580.7,86.38,53.4,1.75,40.14,0
WELL-03,2026-08-29T00:00,290.93,372.9,1281.75,20.4,2630.41,86.79,53.9,1.49,43.99,0
WELL-03,2026-08-29T01:00,292.52,372.63,1273.87,19.88,2503.2,85.8,53.7,1.58,43.98,0
WELL-03,2026-08-29T02:00,304.69,385.8,1266.2,19.59,2528.1,89.96,53.3,1.68,41.69,0
WELL-03,2026-08-29T03:00,287.31,381.84,1329.0,20.32,2504.72,88.74,59.6,1.76,42.36,0
WELL-03,2026-08-29T04:00,307.09,377.18,1228.23,20.07,2595.46,88.36,52.9,1.39,42.74,0
WELL-03,2026-08-29T05:00,286.12,368.26,1287.09,19.87,2497.08,87.23,59.6,1.68,43.9,0
WELL-03,2026-08-29T06:00,284.19,346.7,1219.98,20.08,2543.74,86.4,60.9,1.69,41.96,0
WELL-03,2026-08-29T07:00,308.13,400.43,1299.57,19.71,2481.27,89.93,57.0,1.39,43.79,0
WELL-03,2026-08-29T08:00,310.66,369.27,1188.66,19.7,2505.4,86.42,61.3,1.62,44.22,0
WELL-03,2026-08-29T09:00,306.03,398.42,1301.88,19.72,2483.31,84.96,56.3,1.48,44.97,0
WELL-03,2026-08-29T10:00,305.64,396.64,1297.75,21.01,2592.67,89.49,54.6,1.69,43.28,0
WELL-03,2026-08-29T11:00,289.75,358.64,1237.74,19.73,2618.61,88.81,61.1,1.74,44.47,0
WELL-03,2026-08-29T12:00,293.17,365.43,1246.46,19.47,2494.12,89.28,56.0,1.55,40.9,0
WELL-03,2026-08-29T13:00,283.66,368.56,1299.3,19.6,2564.04,89.63,54.9,1.67,41.39,0
WELL-03,2026-08-29T14:00,302.44,389.86,1289.02,21.1,2501.87,84.91,59.1,1.73,44.11,0
WELL-03,2026-08-29T15:00,291.96,386.24,1322.9,19.67,2499.33,89.44,60.2,1.68,45.15,0
WELL-03,2026-08-29T16:00,296.06,373.53,1261.67,20.67,2555.56,85.05,54.0,1.48,41.83,0
WELL-03,2026-08-29T17:00,306.82,367.13,1196.56,20.52,2630.04,88.69,56.9,1.58,40.75,0
WELL-03,2026-08-29T18:00,282.7,348.28,1232.0,21.12,2677.63,85.7,54.2,1.51,42.14,0
WELL-03,2026-08-29T19:00,299.87,373.11,1244.23,19.41,2607.5,89.86,55.0,1.38,43.3,0
WELL-03,2026-08-29T20:00,295.43,386.91,1309.67,19.57,2518.12,88.65,53.0,1.49,40.89,0
WELL-03,2026-08-29T21:00,300.98,371.99,1235.94,20.1,2682.56,90.0,57.8,1.67,42.43,0
WELL-03,2026-08-29T22:00,285.36,342.06,1198.69,19.86,2665.75,85.84,55.3,1.63,43.59,0
WELL-03,2026-08-29T23:00,289.85,349.48,1205.69,19.7,2622.04,88.11,53.8,1.62,40.46,0
WELL-03,2026-08-30T00:00,293.0,378.08,1290.38,19.8,2497.18,86.2,57.3,1.62,43.43,0
WELL-03,2026-08-30T01:00,295.28,363.65,1231.53,20.29,2490.89,85.29,54.9,1.45,40.4,0
WELL-03,2026-08-30T02:00,308.94,377.83,1222.98,20.52,2644.78,86.52,61.0,1.68,42.11,0
WELL-03,2026-08-30T03:00,294.91,380.98,1291.85,20.72,2572.74,85.34,57.4,1.63,42.7,0
WELL-03,2026-08-30T04:00,303.88,382.47,1258.61,21.27,2655.09,87.53,59.6,1.52,42.82,0
WELL-03,2026-08-30T05:00,300.23,370.43,1233.83,21.19,2512.66,87.52,58.4,1.48,43.55,0
WELL-03,2026-08-30T06:00,304.38,367.2,1206.39,21.01,2536.37,86.05,59.2,1.73,41.84,0
WELL-03,2026-08-30T07:00,292.93,367.15,1253.38,20.17,2517.25,89.86,53.4,1.48,40.31,0
WELL-03,2026-08-30T08:00,304.54,383.54,1259.43,20.95,2612.37,85.11,61.3,1.66,40.37,0
WELL-03,2026-08-30T09:00,293.86,349.94,1190.82,19.96,2647.85,87.92,53.9,1.43,43.47,0
WELL-03,2026-08-30T10:00,310.38,414.81,1336.44,19.71,2501.9,86.29,59.8,1.54,44.69,0
WELL-03,2026-08-30T11:00,293.62,392.51,1336.82,21.04,2500.01,87.32,61.6,1.46,43.47,0
WELL-03,2026-08-30T12:00,296.7,391.5,1319.51,20.64,2548.83,86.3,56.9,1.72,42.11,0
WELL-03,2026-08-30T13:00,304.27,365.76,1202.1,19.61,2661.18,89.34,58.2,1.57,43.03,0
WELL-03,2026-08-30T14:00,282.18,342.52,1213.86,20.71,2531.64,86.54,54.0,1.44,44.74,0
WELL-03,2026-08-30T15:00,283.71,338.51,1193.16,20.22,2685.27,87.68,58.4,1.49,41.16,0
WELL-03,2026-08-30T16:00,308.75,392.26,1270.51,20.13,2534.21,87.47,53.6,1.49,43.66,0
WELL-03,2026-08-30T17:00,306.59,398.32,1299.17,19.44,2664.28,85.94,58.2,1.58,43.45,0
WELL-03,2026-08-30T18:00,309.89,401.9,1296.89,20.81,2552.66,84.96,52.9,1.41,42.38,0
WELL-03,2026-08-30T19:00,303.63,364.75,1201.3,20.08,2622.08,87.68,56.6,1.52,44.23,0
WELL-03,2026-08-30T20:00,301.56,391.84,1299.37,20.07,2520.72,88.04,59.6,1.62,40.89,0
WELL-03,2026-08-30T21:00,301.45,399.65,1325.77,19.4,2619.3,86.89,58.7,1.74,44.95,0
WELL-03,2026-08-30T22:00,291.35,352.07,1208.38,20.05,2553.11,86.91,53.1,1.49,44.26,0
WELL-03,2026-08-30T23:00,283.52,363.09,1280.64,20.9,2577.72,88.35,61.6,1.7,41.09,0
WELL-03,2026-08-31T00:00,311.61,378.31,1214.05,20.27,2656.7,86.26,57.9,1.7,42.31,0
WELL-03,2026-08-31T01:00,302.84,383.5,1266.36,20.7,2560.01,89.55,58.3,1.53,40.66,0
WELL-03,2026-08-31T02:00,295.07,359.93,1219.82,19.55,2481.81,85.4,57.7,1.64,42.38,0
WELL-03,2026-08-31T03:00,306.18,409.68,1338.04,20.33,2664.05,85.52,61.3,1.71,44.39,0
WELL-03,2026-08-31T04:00,294.92,390.22,1323.14,20.67,2497.15,88.8,60.8,1.73,41.73,0
WELL-03,2026-08-31T05:00,299.38,387.41,1294.05,19.45,2535.8,85.35,54.6,1.41,44.51,0
WELL-03,2026-08-31T06:00,308.45,409.48,1327.53,20.99,2577.96,87.33,57.3,1.76,40.64,0
WELL-03,2026-08-31T07:00,298.21,354.41,1188.46,19.62,2591.41,86.41,61.3,1.52,42.73,0
WELL-03,2026-08-31T08:00,291.02,381.51,1310.93,21.2,2554.76,87.79,56.5,1.61,41.78,0
WELL-03,2026-08-31T09:00,282.95,357.24,1262.55,20.07,2596.55,89.67,53.2,1.61,43.86,0
WELL-03,2026-08-31T10:00,294.82,389.59,1321.48,19.8,2499.81,88.5,57.5,1.59,41.36,0
WELL-03,2026-08-31T11:00,292.73,376.86,1287.41,20.67,2651.18,85.04,55.5,1.5,41.34,0
WELL-03,2026-08-31T12:00,301.67,369.87,1226.07,19.67,2490.18,85.75,53.1,1.56,40.34,0
WELL-03,2026-08-31T13:00,285.83,346.71,1212.96,19.68,2670.02,88.13,58.1,1.49,41.87,0
WELL-03,2026-08-31T14:00,302.07,373.51,1236.53,19.88,2628.12,85.79,58.9,1.6,43.49,0
WELL-03,2026-08-31T15:00,309.93,393.31,1269.01,20.22,2494.68,86.69,53.5,1.7,44.66,0
WELL-03,2026-08-31T16:00,305.33,369.8,1211.16,21.23,2527.69,89.8,58.6,1.74,44.75,0
WELL-03,2026-08-31T17:00,291.31,355.7,1221.04,21.21,2615.36,85.54,54.2,1.74,43.95,0
WELL-03,2026-08-31T18:00,286.61,362.51,1264.8,21.18,2541.96,86.29,58.7,1.42,42.62,0
WELL-03,2026-08-31T19:00,291.66,380.1,1303.24,20.81,2547.19,89.3,60.2,1.48,44.54,0
WELL-03,2026-08-31T20:00,305.28,390.46,1279.02,19.68,2582.97,86.36,59.4,1.45,42.54,0
WELL-03,2026-08-31T21:00,292.71,355.15,1213.32,19.98,2550.41,88.57,59.4,1.39,42.21,0
WELL-03,2026-08-31T22:00,286.53,346.11,1207.95,21.03,2605.14,89.47,56.1,1.64,41.17,0
WELL-03,2026-08-31T23:00,290.78,350.38,1204.97,19.75,2573.74,87.79,55.0,1.46,43.04,0
WELL-03,2026-09-01T00:00,304.97,371.92,1219.53,19.93,2548.86,88.16,57.1,1.5,45.06,0
WELL-03,2026-09-01T01:00,299.81,370.73,1236.52,19.93,2573.61,86.35,59.2,1.68,42.99,0
WELL-03,2026-09-01T02:00,301.24,385.82,1280.78,20.78,2610.73,86.69,54.0,1.47,42.42,0
WELL-03,2026-09-01T03:00,289.2,362.94,1254.97,19.76,2481.36,85.83,60.1,1.43,42.75,0
WELL-03,2026-09-01T04:00,283.82,367.1,1293.44,20.93,2683.69,90.03,54.3,1.47,41.39,0
WELL-03,2026-09-01T05:00,293.8,352.96,1201.35,21.07,2667.14,88.93,57.8,1.44,41.38,0
WELL-03,2026-09-01T06:00,304.87,396.28,1299.83,20.97,2619.49,87.29,57.7,1.5,45.09,0
WELL-03,2026-09-01T07:00,311.01,382.52,1229.94,20.63,2594.6,86.77,60.1,1.4,44.81,0
WELL-03,2026-09-01T08:00,292.3,356.45,1219.49,21.37,2566.37,89.13,56.4,1.75,41.1,0
WELL-03,2026-09-01T09:00,301.49,369.2,1224.58,20.0,2492.79,88.42,58.5,1.59,42.14,0
WELL-03,2026-09-01T10:00,299.44,377.53,1260.78,21.35,2500.71,89.98,52.8,1.61,42.07,0
WELL-03,2026-09-01T11:00,301.6,399.14,1323.42,19.76,2619.47,85.93,55.3,1.42,45.17,0
WELL-03,2026-09-01T12:00,303.06,393.99,1300.06,20.78,2549.7,87.32,53.2,1.73,41.22,0
WELL-03,2026-09-01T13:00,292.85,390.39,1333.09,20.24,2655.5,89.9,55.5,1.53,44.14,0
WELL-03,2026-09-01T14:00,291.03,363.53,1249.11,21.22,2583.0,87.84,57.3,1.52,41.94,0
WELL-03,2026-09-01T15:00,284.62,348.6,1224.78,20.63,2507.36,85.94,52.8,1.57,45.06,0
WELL-03,2026-09-01T16:00,306.03,386.95,1264.39,19.49,2634.51,89.41,54.1,1.54,41.98,0
WELL-03,2026-09-01T17:00,283.16,377.0,1331.42,19.47,2511.9,89.78,56.4,1.67,42.91,0
WELL-03,2026-09-01T18:00,308.77,384.29,1244.58,20.63,2566.7,85.57,55.3,1.65,43.82,0
WELL-03,2026-09-01T19:00,309.8,395.43,1276.42,20.97,2502.97,88.82,56.4,1.56,42.55,0
WELL-03,2026-09-01T20:00,309.84,405.19,1307.71,20.75,2554.0,88.94,60.6,1.61,42.74,0
WELL-03,2026-09-01T21:00,289.09,352.02,1217.71,20.15,2518.49,90.0,61.4,1.47,42.47,0
WELL-03,2026-09-01T22:00,305.67,384.47,1257.82,21.24,2602.54,88.62,55.7,1.56,45.18,0
WELL-03,2026-09-01T23:00,286.51,378.28,1320.31,20.11,2492.61,86.7,56.1,1.59,43.23,0
WELL-03,2026-09-02T00:00,305.09,403.77,1323.43,20.89,2669.36,88.98,55.0,1.6,40.6,0
WELL-03,2026-09-02T01:00,309.87,396.57,1279.79,19.48,2633.18,86.3,59.6,1.54,43.62,0
WELL-03,2026-09-02T02:00,292.33,382.37,1308.0,20.72,2666.41,88.44,53.5,1.45,43.88,0
WELL-03,2026-09-02T03:00,304.6,376.87,1237.25,21.02,2586.48,88.23,54.6,1.59,40.54,0
WELL-03,2026-09-02T04:00,298.47,356.23,1193.5,20.86,2637.73,89.83,57.0,1.49,42.1,0
WELL-03,2026-09-02T05:00,308.98,398.55,1289.87,19.92,2557.02,90.01,59.6,1.75,44.16,0
WELL-03,2026-09-02T06:00,299.09,369.93,1236.83,20.09,2661.38,86.14,54.4,1.46,44.38,0
WELL-03,2026-09-02T07:00,306.2,365.16,1192.55,19.52,2683.35,84.85,54.0,1.53,40.8,0
WELL-03,2026-09-02T08:00,298.53,393.95,1319.63,19.69,2483.21,90.05,56.9,1.39,42.18,0
WELL-03,2026-09-02T09:00,301.44,384.67,1276.11,20.82,2551.56,90.03,56.9,1.44,40.2,0
WELL-03,2026-09-02T10:00,284.9,354.76,1245.24,20.69,2635.79,89.93,60.3,1.59,43.88,0
WELL-03,2026-09-02T11:00,311.18,388.37,1248.04,20.02,2570.67,87.3,58.3,1.61,43.21,0
WELL-03,2026-09-02T12:00,302.82,381.41,1259.55,19.64,2528.23,88.69,60.4,1.6,40.33,0
WELL-03,2026-09-02T13:00,301.79,360.47,1194.44,20.67,2590.38,86.19,53.6,1.65,41.68,0
WELL-03,2026-09-02T14:00,292.69,375.46,1282.8,19.52,2593.28,88.54,54.8,1.48,43.62,0
WELL-03,2026-09-02T15:00,301.21,372.88,1237.94,20.38,2563.86,85.83,60.3,1.41,45.15,0
WELL-03,2026-09-02T16:00,310.72,388.98,1251.86,19.63,2639.56,86.48,53.2,1.49,41.72,0
WELL-03,2026-09-02T17:00,290.1,380.61,1312.0,20.49,2520.73,89.75,57.2,1.68,40.4,0
WELL-03,2026-09-02T18:00,307.67,401.35,1304.49,19.95,2531.85,85.68,59.7,1.69,42.0,0
WELL-03,2026-09-02T19:00,295.37,375.7,1271.99,19.68,2483.24,87.14,56.5,1.5,43.59,0
WELL-03,2026-09-02T20:00,289.38,344.22,1189.51,21.22,2667.37,90.0,57.5,1.46,44.42,0
WELL-03,2026-09-02T21:00,287.92,350.05,1215.79,20.35,2507.36,86.79,55.0,1.73,44.08,0
WELL-03,2026-09-02T22:00,288.74,350.85,1215.12,19.77,2640.11,86.85,55.3,1.46,42.02,0
WELL-03,2026-09-02T23:00,284.32,365.66,1286.11,21.01,2550.35,85.99,53.4,1.67,44.01,0
WELL-03,2026-09-03T00:00,304.01,374.59,1232.14,19.67,2534.77,86.38,58.7,1.46,41.64,0
WELL-03,2026-09-03T01:00,293.31,353.43,1204.97,20.46,2659.09,86.76,55.8,1.67,40.48,0
WELL-03,2026-09-03T02:00,286.01,356.2,1245.42,21.23,2685.49,87.61,57.7,1.71,41.89,0
WELL-03,2026-09-03T03:00,305.89,401.7,1313.22,20.13,2635.7,88.55,55.0,1.44,42.53,0
WELL-03,2026-09-03T04:00,292.01,355.57,1217.66,20.99,2490.17,85.31,54.3,1.71,40.99,0
WELL-03,2026-09-03T05:00,305.5,363.56,1190.04,19.8,2502.88,86.66,55.0,1.55,43.15,0
WELL-03,2026-09-03T06:00,296.38,389.36,1313.71,21.24,2519.63,89.13,57.4,1.45,45.08,0
WELL-03,2026-09-03T07:00,295.66,359.24,1215.03,20.92,2603.35,85.63,61.3,1.75,44.64,0
WELL-03,2026-09-03T08:00,288.02,377.77,1311.61,20.64,2596.53,89.41,56.2,1.66,44.33,0
WELL-03,2026-09-03T09:00,306.44,377.54,1232.04,21.33,2613.58,87.43,58.7,1.69,44.16,0
WELL-03,2026-09-03T10:00,282.11,340.09,1205.53,19.79,2648.34,85.1,61.1,1.68,41.78,0
WELL-03,2026-09-03T11:00,295.98,395.12,1334.93,21.39,2516.97,87.22,57.6,1.68,41.21,0
WELL-03,2026-09-03T12:00,308.99,388.71,1258.02,20.69,2587.35,87.22,53.6,1.72,43.63,0
WELL-03,2026-09-03T13:00,309.85,369.46,1192.39,20.7,2526.15,88.14,60.0,1.64,41.94,0
WELL-03,2026-09-03T14:00,308.94,406.27,1315.06,20.78,2613.98,89.14,59.8,1.51,40.91,0
WELL-03,2026-09-03T15:00,307.55,399.44,1298.79,20.55,2681.67,89.67,55.8,1.59,40.33,0
WELL-03,2026-09-03T16:00,304.69,393.36,1291.02,19.75,2526.8,85.24,56.7,1.51,42.52,0
WELL-03,2026-09-03T17:00,288.14,351.1,1218.51,20.87,2594.02,88.02,60.2,1.6,40.42,0
WELL-03,2026-09-03T18:00,290.0,384.31,1325.21,20.39,2672.72,90.02,59.7,1.49,40.81,0
WELL-03,2026-09-03T19:00,294.35,364.08,1236.88,19.69,2622.77,85.65,59.7,1.47,45.12,0
WELL-03,2026-09-03T20:00,283.47,364.36,1285.37,19.46,2566.35,87.75,53.0,1.58,42.35,0
WELL-03,2026-09-03T21:00,306.57,375.45,1224.67,19.65,2638.51,86.94,54.9,1.48,42.88,0
WELL-03,2026-09-03T22:00,296.18,370.95,1252.45,21.05,2642.71,86.32,53.5,1.56,43.45,0
WELL-03,2026-09-03T23:00,299.22,367.19,1227.18,21.16,2486.58,86.03,55.0,1.48,40.3,0
WELL-03,2026-09-04T00:00,302.08,392.22,1298.42,19.6,2484.25,88.0,60.8,1.64,43.89,0
WELL-03,2026-09-04T01:00,283.79,352.04,1240.52,20.32,2657.1,87.5,59.6,1.47,42.94,0
WELL-03,2026-09-04T02:00,308.63,395.47,1281.36,19.44,2660.17,87.72,57.5,1.56,44.04,0
WELL-03,2026-09-04T03:00,289.37,355.25,1227.65,21.19,2518.03,85.16,57.7,1.75,43.67,0
WELL-03,2026-09-04T04:00,310.69,375.13,1207.39,19.44,2660.91,88.66,57.1,1.58,42.96,0
WELL-03,2026-09-04T05:00,286.71,346.68,1209.17,19.47,2481.66,88.19,58.4,1.44,43.34,0
WELL-03,2026-09-04T06:00,283.71,352.51,1242.5,21.25,2530.52,88.92,60.6,1.47,41.33,0
WELL-03,2026-09-04T07:00,286.13,345.25,1206.61,19.97,2525.23,89.72,61.1,1.71,42.2,0
WELL-03,2026-09-04T08:00,310.52,370.3,1192.51,20.8,2629.2,89.68,54.2,1.47,41.93,0
WELL-03,2026-09-04T09:00,289.36,347.57,1201.19,20.51,2573.8,85.75,56.9,1.76,42.41,0
WELL-03,2026-09-04T10:00,288.09,356.68,1238.1,21.24,2520.03,85.66,53.6,1.54,44.49,0
WELL-03,2026-09-04T11:00,292.85,351.24,1199.37,19.81,2511.05,85.32,54.6,1.7,44.65,0
WELL-03,2026-09-04T12:00,299.47,380.09,1269.23,20.7,2488.51,87.27,58.5,1.43,42.45,0
WELL-03,2026-09-04T13:00,282.48,373.49,1322.16,19.57,2586.75,86.43,54.1,1.69,43.93,0
WELL-03,2026-09-04T14:00,306.31,399.05,1302.75,19.62,2517.61,89.88,61.1,1.53,42.78,0
WELL-03,2026-09-04T15:00,302.67,370.14,1222.92,21.11,2504.42,87.66,52.7,1.49,42.1,0
WELL-03,2026-09-04T16:00,295.52,367.31,1242.95,20.05,2683.27,88.9,57.9,1.49,42.13,0
WELL-03,2026-09-04T17:00,308.96,376.77,1219.47,19.71,2536.94,89.0,53.0,1.56,42.88,0
WELL-03,2026-09-04T18:00,309.75,399.55,1289.89,19.66,2593.37,88.79,56.1,1.54,44.68,0
WELL-03,2026-09-04T19:00,291.0,350.87,1205.76,20.81,2525.28,86.49,55.3,1.41,41.52,0
WELL-03,2026-09-04T20:00,300.4,394.38,1312.84,21.07,2485.68,85.52,59.8,1.75,43.9,0
WELL-03,2026-09-04T21:00,293.37,349.78,1192.27,21.41,2499.26,89.18,55.9,1.61,40.83,0
WELL-03,2026-09-04T22:00,304.14,389.75,1281.47,20.84,2635.97,85.37,59.7,1.64,45.21,0
WELL-03,2026-09-04T23:00,289.53,385.65,1331.97,20.66,2588.68,85.34,55.8,1.72,41.35,0
WELL-03,2026-09-05T00:00,293.89,361.12,1228.78,20.42,2525.0,85.45,53.0,1.38,41.59,0
WELL-03,2026-09-05T01:00,285.89,365.36,1277.98,20.92,2616.49,89.44,57.6,1.65,40.58,0
WELL-03,2026-09-05T02:00,302.43,372.1,1230.39,19.92,2540.53,89.81,59.8,1.56,40.32,0
WELL-03,2026-09-05T03:00,306.89,367.03,1195.96,19.66,2514.05,88.75,61.2,1.71,41.84,0
WELL-03,2026-09-05T04:00,287.27,379.06,1319.53,20.5,2677.55,85.83,56.6,1.67,41.35,0
WELL-03,2026-09-05T05:00,292.42,377.3,1290.25,21.21,2491.26,86.97,59.5,1.64,43.23,0
WELL-03,2026-09-05T06:00,289.55,361.04,1246.91,20.6,2495.74,87.84,55.2,1.58,43.17,0
WELL-03,2026-09-05T07:00,309.16,386.96,1251.65,19.87,2498.27,87.28,54.9,1.69,42.6,0
WELL-03,2026-09-05T08:00,296.42,371.44,1253.09,19.73,2493.12,87.38,56.9,1.64,42.78,0
WELL-03,2026-09-05T09:00,292.25,369.24,1263.47,20.44,2683.7,88.36,54.4,1.48,41.99,0
WELL-03,2026-09-05T10:00,311.2,375.96,1208.11,19.54,2576.84,88.22,59.8,1.53,42.45,0
WELL-03,2026-09-05T11:00,283.8,362.68,1277.97,20.27,2672.79,88.48,55.0,1.55,44.62,0
WELL-03,2026-09-05T12:00,289.08,367.47,1271.15,21.27,2681.65,85.35,56.8,1.74,44.7,0
WELL-03,2026-09-05T13:00,284.66,376.39,1322.22,20.74,2573.77,85.28,56.1,1.64,41.51,0
WELL-03,2026-09-05T14:00,293.22,363.43,1239.43,19.55,2499.12,87.49,58.5,1.48,41.23,0
WELL-03,2026-09-05T15:00,287.09,383.06,1334.29,19.95,2611.06,86.13,56.1,1.56,42.4,0
WELL-03,2026-09-05T16:00,306.87,388.43,1265.75,19.63,2562.36,86.52,57.5,1.45,44.05,0
WELL-03,2026-09-05T17:00,283.99,370.04,1303.04,19.47,2529.52,86.15,53.4,1.57,41.74,0
WELL-03,2026-09-05T18:00,309.57,385.26,1244.51,20.3,2669.23,86.22,59.6,1.57,41.97,0
WELL-03,2026-09-05T19:00,308.73,376.11,1218.28,20.61,2499.15,87.64,59.0,1.65,41.32,0
WELL-03,2026-09-05T20:00,283.48,342.47,1208.09,19.61,2575.32,88.98,57.3,1.44,41.54,0
WELL-03,2026-09-05T21:00,291.28,379.79,1303.86,21.02,2601.82,85.87,54.4,1.75,40.93,0
WELL-03,2026-09-05T22:00,298.33,365.58,1225.42,19.89,2679.02,87.04,53.1,1.58,44.15,0
WELL-03,2026-09-05T23:00,292.42,391.02,1337.19,20.42,2630.37,85.74,55.5,1.63,44.33,0
WELL-03,2026-09-06T00:00,298.08,385.01,1291.63,19.99,2568.46,88.16,61.3,1.72,43.6,0
WELL-03,2026-09-06T01:00,297.62,387.44,1301.76,21.1,2528.92,87.76,57.4,1.49,40.9,0
WELL-03,2026-09-06T02:00,301.86,381.43,1263.62,20.15,2523.47,87.98,53.1,1.64,42.59,0
WELL-03,2026-09-06T03:00,311.24,402.82,1294.24,20.06,2640.23,84.91,58.0,1.55,42.31,0
WELL-03,2026-09-06T04:00,284.92,354.64,1244.73,21.19,2604.39,86.46,60.6,1.61,40.89,0
WELL-03,2026-09-06T05:00,299.87,392.1,1307.57,20.12,2586.07,88.49,53.1,1.51,41.42,0
WELL-03,2026-09-06T06:00,295.96,369.09,1247.09,19.95,2682.84,85.97,59.4,1.43,42.87,0
WELL-03,2026-09-06T07:00,301.68,375.57,1244.91,20.46,2605.41,85.72,53.4,1.59,43.28,0
WELL-03,2026-09-06T08:00,285.5,375.41,1314.95,20.57,2552.77,87.61,60.1,1.51,43.06,0
WELL-03,2026-09-06T09:00,306.0,401.21,1311.16,21.29,2613.61,86.58,55.0,1.62,44.63,0
WELL-03,2026-09-06T10:00,305.36,369.53,1210.12,20.55,2549.89,85.78,53.9,1.55,42.02,0
WELL-03,2026-09-06T11:00,302.31,387.18,1280.74,20.75,2653.89,85.24,60.9,1.52,43.06,0
WELL-03,2026-09-06T12:00,295.33,355.22,1202.82,19.82,2634.31,86.05,61.0,1.46,43.47,0
WELL-03,2026-09-06T13:00,295.11,387.17,1311.98,20.47,2669.37,87.02,55.1,1.72,41.46,0
WELL-03,2026-09-06T14:00,297.34,379.34,1275.77,20.0,2495.19,85.39,59.8,1.43,45.16,0
WELL-03,2026-09-06T15:00,285.81,356.71,1248.04,19.4,2532.47,86.43,55.4,1.74,44.26,0
WELL-03,2026-09-06T16:00,290.51,378.56,1303.07,20.5,2662.74,89.53,58.0,1.67,41.96,0
WELL-03,2026-09-06T17:00,303.07,371.3,1225.15,19.59,2629.82,86.84,56.6,1.5,44.31,0
WELL-03,2026-09-06T18:00,309.57,392.17,1266.82,20.67,2612.71,89.9,60.4,1.71,41.18,0
WELL-03,2026-09-06T19:00,306.14,370.23,1209.35,21.05,2490.4,89.02,61.0,1.41,42.32,0
WELL-03,2026-09-06T20:00,294.67,372.58,1264.38,21.2,2635.79,89.95,52.9,1.73,42.57,0
WELL-03,2026-09-06T21:00,284.55,339.06,1191.57,19.85,2531.08,85.42,54.3,1.51,44.95,0
WELL-03,2026-09-06T22:00,305.76,376.67,1231.89,20.54,2531.64,87.76,55.2,1.71,44.01,0
WELL-03,2026-09-06T23:00,290.09,348.44,1201.13,19.91,2550.95,88.91,53.9,1.64,44.65,0
WELL-03,2026-09-07T00:00,298.65,395.39,1323.91,20.58,2520.51,87.46,58.2,1.61,43.34,0
WELL-03,2026-09-07T01:00,290.98,384.7,1322.05,21.36,2554.7,87.06,53.0,1.66,43.43,0
WELL-03,2026-09-07T02:00,293.39,380.62,1297.32,20.06,2662.3,85.54,53.0,1.63,43.65,0
WELL-03,2026-09-07T03:00,286.72,367.18,1280.6,19.61,2641.01,87.47,55.0,1.67,42.23,0
WELL-03,2026-09-07T04:00,285.54,341.35,1195.49,20.59,2625.66,88.11,56.5,1.56,41.01,0
WELL-03,2026-09-07T05:00,307.83,373.98,1214.86,20.26,2553.77,85.23,60.8,1.4,41.49,0
WELL-03,2026-09-07T06:00,296.47,369.33,1245.73,20.52,2677.71,87.1,56.3,1.74,45.17,0
WELL-03,2026-09-07T07:00,307.68,381.5,1239.93,21.28,2539.35,84.93,53.1,1.52,41.9,0
WELL-03,2026-09-07T08:00,294.64,373.11,1266.33,20.14,2634.73,88.53,60.1,1.73,44.64,0
WELL-03,2026-09-07T09:00,307.94,366.23,1189.31,20.1,2503.72,89.96,59.2,1.46,44.52,0
WELL-03,2026-09-07T10:00,288.78,378.49,1310.68,19.59,2661.85,88.48,61.3,1.45,43.52,0
WELL-03,2026-09-07T11:00,291.69,370.05,1268.66,19.74,2597.1,88.03,56.8,1.59,43.76,0
WELL-03,2026-09-07T12:00,309.17,412.49,1334.17,19.73,2534.7,85.5,58.1,1.4,40.25,0
WELL-03,2026-09-07T13:00,302.11,402.82,1333.34,21.41,2529.62,88.76,59.1,1.56,42.69,0
WELL-03,2026-09-07T14:00,284.12,358.07,1260.27,19.74,2554.51,88.09,55.9,1.66,45.07,0
WELL-03,2026-09-07T15:00,297.18,396.2,1333.18,19.91,2635.92,88.92,54.1,1.4,44.49,0
WELL-03,2026-09-07T16:00,291.83,388.54,1331.37,20.14,2588.2,89.99,55.6,1.39,41.16,0
WELL-03,2026-09-07T17:00,309.12,411.54,1331.33,21.05,2566.14,86.81,56.0,1.68,40.9,0
WELL-03,2026-09-07T18:00,296.79,397.23,1338.41,20.91,2667.7,87.81,59.7,1.44,43.19,0
WELL-03,2026-09-07T19:00,293.54,370.34,1261.62,19.51,2575.05,87.58,53.5,1.47,43.81,0
WELL-03,2026-09-07T20:00,303.97,384.02,1263.33,19.58,2667.73,89.12,56.3,1.61,41.49,0
WELL-03,2026-09-07T21:00,297.48,360.44,1211.67,21.2,2632.7,86.23,59.3,1.59,42.44,0
WELL-03,2026-09-07T22:00,310.68,397.33,1278.92,20.93,2640.37,85.08,60.9,1.73,41.01,0
WELL-03,2026-09-07T23:00,288.72,365.45,1265.77,19.66,2683.71,89.0,58.8,1.71,41.3,0
WELL-03,2026-09-08T00:00,293.02,391.68,1336.7,19.55,2684.8,87.94,59.5,1.45,41.4,0
WELL-03,2026-09-08T01:00,296.09,388.0,1310.43,20.03,2524.82,88.2,57.0,1.7,41.76,0
WELL-03,2026-09-08T02:00,296.02,377.02,1273.62,20.72,2502.43,85.87,56.0,1.69,42.5,0
WELL-03,2026-09-08T03:00,284.45,344.53,1211.21,20.12,2577.66,88.17,59.5,1.6,44.85,0
WELL-03,2026-09-08T04:00,290.93,365.0,1254.58,20.75,2595.78,86.64,57.3,1.74,43.76,0
WELL-03,2026-09-08T05:00,302.08,361.87,1197.92,20.23,2481.59,88.23,58.8,1.51,41.82,0
WELL-03,2026-09-08T06:00,309.38,372.89,1205.28,21.39,2646.77,88.47,53.3,1.46,44.1,0
WELL-03,2026-09-08T07:00,309.13,388.16,1255.64,19.91,2585.05,88.4,57.1,1.63,43.71,0
WELL-03,2026-09-08T08:00,299.89,399.81,1333.17,20.19,2655.47,87.05,59.8,1.47,41.61,0
WELL-03,2026-09-08T09:00,297.58,365.45,1228.1,20.69,2539.63,85.97,55.9,1.72,44.26,0
WELL-03,2026-09-08T10:00,305.2,363.67,1191.58,20.03,2665.29,86.73,58.2,1.74,45.06,0
WELL-03,2026-09-08T11:00,285.31,377.15,1321.89,20.89,2575.26,86.36,56.6,1.76,40.76,0
WELL-03,2026-09-08T12:00,289.88,385.6,1330.2,20.52,2583.37,86.27,55.5,1.44,41.5,0
WELL-03,2026-09-08T13:00,283.44,345.99,1220.71,20.9,2534.93,86.64,60.2,1.63,40.3,0
WELL-03,2026-09-08T14:00,302.05,402.04,1331.06,19.66,2594.77,89.72,57.0,1.44,40.63,0
WELL-03,2026-09-08T15:00,286.46,373.22,1302.87,20.82,2615.9,88.45,57.8,1.56,44.15,0
WELL-03,2026-09-08T16:00,291.0,374.76,1287.81,20.68,2671.04,87.32,55.7,1.64,44.1,0
WELL-03,2026-09-08T17:00,284.02,363.44,1279.63,20.53,2582.59,87.58,56.9,1.67,41.68,0
WELL-03,2026-09-08T18:00,301.91,397.05,1315.15,21.35,2655.75,88.96,56.6,1.63,43.41,0
WELL-03,2026-09-08T19:00,308.26,399.92,1297.35,19.55,2541.88,88.25,60.1,1.38,40.72,0
WELL-03,2026-09-08T20:00,282.8,337.61,1193.8,20.93,2505.0,89.69,53.9,1.62,44.85,0
WELL-03,2026-09-08T21:00,300.0,376.56,1255.23,20.09,2629.27,85.56,60.6,1.48,44.7,0
WELL-03,2026-09-08T22:00,283.14,351.7,1242.15,19.53,2608.32,88.56,59.2,1.5,44.8,0
WELL-03,2026-09-08T23:00,308.56,375.54,1217.06,21.1,2571.0,86.57,57.1,1.44,45.07,0
WELL-03,2026-09-09T00:00,295.69,381.83,1291.33,20.16,2493.82,87.45,60.0,1.48,41.05,0
WELL-03,2026-09-09T01:00,297.09,366.99,1235.31,21.1,2536.76,86.11,60.8,1.62,44.28,0
WELL-03,2026-09-09T02:00,309.31,400.35,1294.32,19.52,2643.11,87.58,55.8,1.45,44.71,0
WELL-03,2026-09-09T03:00,296.08,384.73,1299.44,20.45,2605.3,89.37,56.3,1.62,43.85,0
WELL-03,2026-09-09T04:00,286.81,365.07,1272.87,21.08,2549.99,85.45,53.8,1.65,42.45,0
WELL-03,2026-09-09T05:00,287.47,351.35,1222.19,20.08,2544.1,86.67,56.8,1.66,42.43,0
WELL-03,2026-09-09T06:00,291.17,387.97,1332.44,20.24,2663.95,86.26,56.4,1.75,41.03,0
WELL-03,2026-09-09T07:00,310.13,385.67,1243.57,19.79,2502.21,88.15,61.8,1.6,43.69,0
WELL-03,2026-09-09T08:00,301.44,368.97,1224.03,20.31,2638.83,89.66,61.6,1.59,40.53,0
WELL-03,2026-09-09T09:00,291.08,374.92,1288.01,19.64,2497.44,88.93,59.4,1.58,43.59,0
WELL-03,2026-09-09T10:00,283.35,362.02,1277.63,19.41,2507.3,84.86,54.1,1.47,44.53,0
WELL-03,2026-09-09T11:00,286.36,382.34,1335.17,19.97,2611.77,89.21,60.7,1.58,41.26,0
WELL-03,2026-09-09T12:00,284.13,357.11,1256.85,20.48,2610.81,85.04,61.5,1.55,40.44,0
WELL-03,2026-09-09T13:00,305.96,399.94,1307.18,21.39,2515.05,87.48,56.0,1.6,43.63,0
WELL-03,2026-09-09T14:00,286.81,377.26,1315.36,20.65,2519.52,84.85,53.2,1.65,42.24,0
WELL-03,2026-09-09T15:00,292.74,357.49,1221.21,20.45,2680.61,86.3,57.9,1.39,40.74,0
WELL-03,2026-09-09T16:00,302.29,393.02,1300.14,19.57,2641.29,86.59,54.3,1.74,44.59,0
WELL-03,2026-09-09T17:00,295.6,358.79,1213.78,20.2,2640.5,86.11,55.2,1.68,43.22,0
WELL-03,2026-09-09T18:00,304.28,392.82,1290.99,21.36,2656.16,85.32,55.0,1.58,40.38,0
WELL-03,2026-09-09T19:00,303.42,399.3,1315.99,21.09,2664.16,85.57,60.0,1.42,42.74,0
WELL-03,2026-09-09T20:00,284.03,376.15,1324.34,20.67,2488.32,87.12,57.3,1.42,43.34,0
WELL-03,2026-09-09T21:00,310.77,395.61,1272.97,19.55,2685.34,86.28,53.6,1.54,45.09,0
WELL-03,2026-09-09T22:00,294.93,364.89,1237.22,20.49,2676.11,85.88,53.8,1.43,43.09,0
WELL-03,2026-09-09T23:00,309.21,371.81,1202.45,21.06,2631.72,89.62,61.5,1.62,42.82,0
WELL-03,2026-09-10T00:00,296.98,394.92,1329.78,21.39,2627.1,87.16,58.8,1.57,42.73,0
WELL-03,2026-09-10T01:00,289.39,348.43,1204.03,21.22,2567.51,85.0,60.5,1.71,42.76,0
WELL-03,2026-09-10T02:00,286.87,364.06,1269.06,19.42,2552.8,87.15,59.8,1.48,41.85,0
WELL-03,2026-09-10T03:00,300.11,367.68,1225.17,20.58,2665.74,85.84,61.3,1.46,41.86,0
WELL-03,2026-09-10T04:00,286.03,375.87,1314.11,20.81,2552.04,88.86,58.7,1.71,42.3,0
WELL-03,2026-09-10T05:00,305.0,394.76,1294.29,20.72,2491.02,85.91,54.9,1.39,40.41,0
WELL-03,2026-09-10T06:00,286.4,347.99,1215.07,20.88,2631.17,88.67,56.1,1.69,41.76,0
WELL-03,2026-09-10T07:00,293.13,385.57,1315.35,20.14,2483.06,86.81,55.7,1.46,42.81,0
WELL-03,2026-09-10T08:00,299.72,397.04,1324.7,21.31,2681.21,85.1,59.0,1.47,41.5,0
WELL-03,2026-09-10T09:00,297.28,365.35,1228.99,19.84,2636.37,87.68,54.1,1.49,41.08,0
WELL-03,2026-09-10T10:00,311.08,413.44,1329.05,21.32,2671.06,88.9,55.5,1.42,42.7,0
WELL-03,2026-09-10T11:00,282.68,359.23,1270.8,21.0,2601.76,87.15,56.7,1.72,41.63,0
WELL-03,2026-09-10T12:00,301.64,380.02,1259.86,20.7,2529.13,88.41,59.7,1.68,41.18,0
WELL-03,2026-09-10T13:00,287.86,351.45,1220.92,19.93,2601.17,86.26,58.9,1.53,41.99,0
WELL-03,2026-09-10T14:00,308.47,409.84,1328.6,21.22,2499.07,87.42,58.3,1.55,43.7,0
WELL-03,2026-09-10T15:00,298.7,365.15,1222.46,20.42,2626.28,86.4,55.9,1.55,44.13,0
WELL-03,2026-09-10T16:00,309.14,410.58,1328.13,21.38,2489.28,85.7,59.6,1.74,42.56,0
WELL-03,2026-09-10T17:00,287.37,371.41,1292.46,21.2,2606.86,88.94,54.8,1.74,42.26,0
WELL-03,2026-09-10T18:00,301.08,358.09,1189.36,21.32,2676.69,85.14,59.8,1.66,41.86,0
WELL-03,2026-09-10T19:00,294.72,379.25,1286.83,21.2,2525.45,86.02,56.1,1.44,44.54,0
WELL-03,2026-09-10T20:00,290.78,370.11,1272.84,21.03,2513.6,84.86,53.4,1.53,41.44,0
WELL-03,2026-09-10T21:00,285.49,370.41,1297.42,20.12,2576.3,87.12,56.2,1.58,44.06,0
WELL-03,2026-09-10T22:00,299.45,376.96,1258.83,20.97,2623.32,85.34,54.5,1.53,45.03,0
WELL-03,2026-09-10T23:00,284.71,357.29,1254.92,19.65,2530.06,88.25,56.6,1.59,41.12,0
WELL-03,2026-09-11T00:00,295.88,375.91,1270.5,21.35,2600.33,86.36,54.5,1.73,44.9,0
WELL-03,2026-09-11T01:00,306.93,382.05,1244.74,20.46,2487.14,84.96,54.8,1.47,42.7,0
WELL-03,2026-09-11T02:00,290.19,346.8,1195.05,20.95,2687.35,89.55,61.4,1.57,40.46,0
WELL-03,2026-09-11T03:00,304.73,395.69,1298.46,20.84,2656.01,87.98,57.5,1.75,44.53,0
WELL-03,2026-09-11T04:00,302.75,399.09,1318.21,20.43,2653.48,86.39,60.7,1.57,43.76,0
WELL-03,2026-09-11T05:00,301.17,394.2,1308.9,21.17,2640.04,85.02,55.3,1.59,44.91,0
WELL-03,2026-09-11T06:00,305.21,398.26,1304.86,20.57,2635.7,84.87,61.5,1.57,41.59,0
WELL-03,2026-09-11T07:00,282.62,343.84,1216.63,21.32,2624.61,85.44,54.4,1.57,40.59,0
WELL-03,2026-09-11T08:00,295.35,352.0,1191.8,19.67,2667.87,89.41,60.5,1.58,40.91,0
WELL-03,2026-09-11T09:00,306.46,395.23,1289.66,19.85,2484.7,86.96,54.9,1.5,42.64,0
WELL-03,2026-09-11T10:00,289.8,353.26,1218.98,21.22,2574.16,88.48,57.7,1.56,44.9,0
WELL-03,2026-09-11T11:00,291.04,379.67,1304.52,19.66,2599.08,88.59,56.8,1.62,42.48,0
WELL-03,2026-09-11T12:00,304.85,375.38,1231.35,20.19,2621.02,87.81,61.2,1.42,44.18,0
WELL-03,2026-09-11T13:00,293.88,387.81,1319.59,20.98,2507.43,86.49,53.0,1.73,43.77,0
WELL-03,2026-09-11T14:00,302.2,384.94,1273.77,20.76,2482.68,87.29,54.6,1.47,40.49,0
WELL-03,2026-09-11T15:00,290.55,388.23,1336.18,20.73,2569.6,88.07,53.6,1.69,41.38,0
WELL-03,2026-09-11T16:00,286.04,381.55,1333.87,20.47,2513.81,84.84,60.0,1.46,44.98,0
WELL-03,2026-09-11T17:00,300.64,393.72,1309.6,19.45,2481.99,87.64,53.8,1.62,43.03,0
WELL-03,2026-09-11T18:00,294.96,356.5,1208.64,19.96,2633.81,87.78,55.4,1.72,44.63,0
WELL-03,2026-09-11T19:00,295.23,395.05,1338.1,20.75,2639.16,89.96,57.5,1.49,43.86,0
WELL-03,2026-09-11T20:00,301.99,398.05,1318.07,19.76,2496.24,85.93,55.7,1.48,41.56,0
WELL-03,2026-09-11T21:00,306.95,405.09,1319.72,20.25,2681.77,88.55,60.4,1.75,42.84,0
WELL-03,2026-09-11T22:00,288.52,373.94,1296.04,20.74,2558.67,84.97,52.9,1.73,42.63,0
WELL-03,2026-09-11T23:00,306.8,405.32,1321.12,19.48,2619.14,88.71,61.2,1.4,43.94,0
WELL-03,2026-09-12T00:00,310.89,409.68,1317.76,19.61,2498.12,86.67,56.8,1.53,41.05,0
WELL-03,2026-09-12T01:00,292.72,353.05,1206.08,19.83,2508.8,87.44,60.3,1.49,41.29,0
WELL-03,2026-09-12T02:00,305.55,409.21,1339.28,20.51,2659.22,89.86,55.7,1.54,42.32,0
WELL-03,2026-09-12T03:00,301.14,399.34,1326.07,21.24,2658.31,87.66,61.7,1.63,41.6,0
WELL-03,2026-09-12T04:00,292.9,384.74,1313.58,19.93,2542.62,85.15,54.5,1.52,43.91,0
WELL-03,2026-09-12T05:00,292.48,353.54,1208.75,19.47,2567.63,85.5,59.3,1.51,44.31,0
WELL-03,2026-09-12T06:00,302.35,395.98,1309.7,21.15,2536.72,88.64,54.4,1.54,43.6,0
WELL-03,2026-09-12T07:00,283.46,359.31,1267.57,20.88,2627.62,88.04,56.1,1.52,42.05,0
WELL-03,2026-09-12T08:00,302.23,401.86,1329.63,20.58,2610.4,88.43,58.9,1.63,45.06,0
WELL-03,2026-09-12T09:00,292.94,356.77,1217.89,20.51,2511.95,86.01,55.3,1.57,42.6,0
WELL-03,2026-09-12T10:00,286.66,354.76,1237.57,20.3,2594.9,87.45,58.9,1.75,42.93,0
WELL-03,2026-09-12T11:00,293.01,377.48,1288.28,19.39,2584.16,87.98,61.7,1.44,42.7,0
WELL-03,2026-09-12T12:00,285.03,371.74,1304.21,19.91,2584.05,85.01,54.5,1.6,42.06,0
WELL-03,2026-09-12T13:00,306.52,380.64,1241.84,20.79,2639.82,89.29,56.0,1.42,45.19,0
WELL-03,2026-09-12T14:00,288.87,346.02,1197.84,20.49,2641.67,86.35,60.4,1.4,43.95,0
WELL-03,2026-09-12T15:00,307.29,387.93,1262.42,20.25,2494.04,89.79,59.8,1.76,42.94,0
WELL-03,2026-09-12T16:00,308.48,370.57,1201.29,20.49,2502.09,87.03,61.4,1.63,42.19,0
WELL-03,2026-09-12T17:00,298.25,386.76,1296.76,19.81,2612.7,86.53,55.6,1.72,45.06,0
WELL-03,2026-09-12T18:00,307.4,406.08,1321.01,21.41,2501.69,85.86,54.7,1.51,42.31,0
WELL-03,2026-09-12T19:00,306.12,396.53,1295.36,20.4,2654.99,88.5,59.2,1.71,40.22,0
WELL-03,2026-09-12T20:00,309.75,404.2,1304.92,20.35,2512.84,87.52,55.8,1.71,41.19,0
WELL-03,2026-09-12T21:00,309.55,383.67,1239.43,20.81,2556.66,86.43,58.5,1.59,44.66,0
WELL-03,2026-09-12T22:00,299.12,387.57,1295.71,20.71,2681.89,86.55,54.5,1.59,41.77,0
WELL-03,2026-09-12T23:00,293.96,383.03,1303.0,20.69,2544.86,89.14,60.7,1.42,41.83,0
WELL-03,2026-09-13T00:00,294.3,383.77,1304.0,21.04,2602.27,89.57,58.6,1.49,42.22,0
WELL-03,2026-09-13T01:00,310.44,395.03,1272.49,20.65,2566.39,86.55,59.1,1.65,44.18,0
WELL-03,2026-09-13T02:00,308.87,377.54,1222.34,20.56,2594.96,87.6,58.5,1.41,40.48,0
WELL-03,2026-09-13T03:00,296.92,369.04,1242.89,20.5,2491.33,88.53,56.8,1.56,40.3,0
WELL-03,2026-09-13T04:00,283.59,374.2,1319.5,20.5,2621.91,85.38,61.0,1.57,41.17,0
WELL-03,2026-09-13T05:00,294.38,383.94,1304.22,21.27,2507.05,86.67,58.2,1.6,43.11,0
WELL-03,2026-09-13T06:00,289.06,376.33,1301.91,19.69,2580.1,86.81,57.2,1.62,40.52,0
WELL-03,2026-09-13T07:00,287.7,358.48,1246.04,20.71,2526.33,85.33,55.3,1.73,41.84,0
WELL-03,2026-09-13T08:00,282.34,343.87,1217.95,20.65,2677.4,88.93,59.9,1.55,45.04,0
WELL-03,2026-09-13T09:00,282.23,348.87,1236.13,20.6,2533.87,86.67,54.0,1.6,42.06,0
WELL-03,2026-09-13T10:00,308.0,404.91,1314.65,20.84,2606.78,87.59,54.8,1.6,42.1,0
WELL-03,2026-09-13T11:00,282.98,359.94,1271.94,19.8,2588.03,88.86,57.5,1.42,44.2,0
WELL-03,2026-09-13T12:00,298.95,388.47,1299.46,19.55,2481.12,88.95,54.7,1.62,43.99,0
WELL-03,2026-09-13T13:00,297.63,361.98,1216.21,20.08,2677.92,88.08,60.9,1.7,42.62,0
WELL-03,2026-09-13T14:00,293.25,392.84,1339.59,20.15,2555.6,88.79,59.6,1.63,40.42,0
WELL-03,2026-09-13T15:00,309.23,373.88,1209.04,20.58,2660.85,89.77,57.3,1.62,40.22,0
WELL-03,2026-09-13T16:00,291.4,389.88,1337.95,20.22,2667.14,88.75,59.2,1.63,43.13,0
WELL-03,2026-09-13T17:00,302.55,397.18,1312.81,20.02,2534.63,87.22,56.1,1.67,43.12,0
WELL-03,2026-09-13T18:00,300.96,397.76,1321.63,19.39,2507.45,87.96,61.9,1.52,40.18,0
WELL-03,2026-09-13T19:00,305.53,389.81,1275.87,20.46,2636.15,85.68,60.1,1.71,40.72,0
WELL-03,2026-09-13T20:00,288.43,384.99,1334.79,19.75,2574.41,88.02,58.4,1.58,43.73,0
WELL-03,2026-09-13T21:00,291.77,377.85,1295.04,19.67,2499.54,86.61,61.0,1.65,42.07,0
WELL-03,2026-09-13T22:00,302.21,373.76,1236.75,20.94,2592.02,89.3,53.9,1.7,43.0,0
WELL-03,2026-09-13T23:00,301.67,374.11,1240.16,20.0,2669.8,85.94,58.8,1.52,43.73,0
WELL-03,2026-09-14T00:00,287.25,357.12,1243.23,19.72,2666.11,86.42,53.1,1.47,43.82,0
WELL-03,2026-09-14T01:00,301.1,376.44,1250.22,20.54,2638.49,89.19,59.1,1.39,41.55,0
WELL-03,2026-09-14T02:00,303.61,402.87,1326.93,20.9,2497.83,88.24,58.6,1.57,45.16,0
WELL-03,2026-09-14T03:00,297.38,375.38,1262.27,20.87,2610.93,88.2,61.7,1.44,43.23,0
WELL-03,2026-09-14T04:00,292.06,364.92,1249.49,20.81,2552.5,86.65,54.8,1.66,45.07,0
WELL-03,2026-09-14T05:00,291.37,383.57,1316.45,21.22,2554.24,85.77,56.1,1.54,41.46,0
WELL-03,2026-09-14T06:00,297.98,374.01,1255.16,20.35,2659.48,85.45,54.7,1.54,42.76,0
WELL-03,2026-09-14T07:00,303.27,382.83,1262.33,21.36,2583.12,85.14,55.8,1.64,45.06,0
WELL-03,2026-09-14T08:00,287.13,346.12,1205.46,19.93,2686.08,88.56,59.6,1.63,42.96,0
WELL-03,2026-09-14T09:00,283.72,361.31,1273.5,21.27,2571.35,86.85,52.9,1.61,43.69,0
WELL-03,2026-09-14T10:00,303.24,376.45,1241.44,20.46,2615.85,87.16,53.1,1.74,44.6,0
WELL-03,2026-09-14T11:00,284.0,362.8,1277.47,21.16,2505.66,85.13,55.8,1.62,43.35,0
WELL-03,2026-09-14T12:00,287.05,352.71,1228.72,19.82,2541.32,85.01,54.2,1.7,42.32,0
WELL-03,2026-09-14T13:00,307.93,372.89,1210.98,20.35,2560.4,89.37,57.5,1.65,44.88,0
WELL-03,2026-09-14T14:00,309.23,390.76,1263.67,21.01,2685.12,88.71,55.0,1.53,42.88,0
WELL-03,2026-09-14T15:00,289.95,347.39,1198.08,21.22,2529.54,90.06,61.9,1.48,40.91,0
WELL-03,2026-09-14T16:00,301.83,383.63,1271.01,21.0,2508.85,85.57,53.7,1.55,41.6,0
WELL-03,2026-09-14T17:00,291.36,348.86,1197.34,20.31,2481.34,85.04,54.1,1.56,40.79,0
WELL-03,2026-09-14T18:00,299.59,357.6,1193.62,20.25,2544.12,87.29,53.1,1.71,40.67,0
WELL-03,2026-09-14T19:00,305.27,392.83,1286.82,20.87,2586.46,86.92,52.9,1.46,41.9,0
WELL-03,2026-09-14T20:00,283.17,374.12,1321.16,20.7,2535.42,88.73,60.1,1.47,42.95,0
WELL-03,2026-09-14T21:00,291.49,360.09,1235.34,20.5,2617.68,86.15,58.1,1.46,45.22,0
WELL-03,2026-09-14T22:00,294.1,364.84,1240.54,21.21,2650.37,88.01,61.0,1.45,40.35,0
WELL-03,2026-09-14T23:00,311.14,410.13,1318.16,20.57,2542.12,87.91,57.0,1.71,44.2,0
WELL-03,2026-09-15T00:00,284.78,370.77,1301.93,21.06,2546.77,84.85,59.0,1.7,41.71,0
WELL-03,2026-09-15T01:00,300.85,373.58,1241.77,21.41,2659.66,87.42,56.7,1.66,40.78,0
WELL-03,2026-09-15T02:00,302.36,388.71,1285.61,19.95,2683.45,89.63,53.8,1.55,44.84,0
WELL-03,2026-09-15T03:00,283.89,357.5,1259.28,20.39,2529.76,88.2,61.6,1.59,40.45,0
WELL-03,2026-09-15T04:00,307.36,383.58,1247.98,21.21,2528.77,85.78,56.3,1.67,41.07,0
WELL-03,2026-09-15T05:00,296.64,376.17,1268.08,20.6,2650.06,84.96,61.8,1.42,41.89,0
WELL-03,2026-09-15T06:00,309.08,380.8,1232.03,20.38,2650.23,89.44,53.1,1.74,41.92,0
WELL-03,2026-09-15T07:00,300.37,358.59,1193.82,21.3,2633.19,89.14,57.7,1.56,41.96,0
WELL-03,2026-09-15T08:00,306.87,381.76,1244.02,19.5,2602.47,87.42,55.2,1.55,42.27,0
WELL-03,2026-09-15T09:00,302.85,393.05,1297.82,21.22,2516.78,88.67,61.9,1.64,40.48,0
WELL-03,2026-09-15T10:00,297.39,362.2,1217.92,21.29,2587.53,90.05,53.4,1.56,41.69,0
WELL-03,2026-09-15T11:00,309.96,376.73,1215.43,20.96,2564.79,87.82,60.0,1.51,40.96,0
WELL-03,2026-09-15T12:00,310.7,371.66,1196.22,20.41,2595.44,87.08,55.7,1.45,42.76,0
WELL-03,2026-09-15T13:00,294.92,370.29,1255.57,19.59,2675.84,87.16,60.0,1.41,44.89,0
WELL-03,2026-09-15T14:00,305.85,405.05,1324.33,20.07,2546.08,86.74,61.3,1.46,43.22,0
WELL-03,2026-09-15T15:00,298.59,399.07,1336.51,21.0,2500.71,88.54,54.7,1.39,44.68,0
WELL-03,2026-09-15T16:00,283.56,360.73,1272.14,20.53,2624.83,85.03,58.9,1.72,45.18,0
WELL-03,2026-09-15T17:00,303.14,392.01,1293.19,21.39,2501.53,89.78,61.1,1.6,41.23,0
WELL-03,2026-09-15T18:00,299.24,363.82,1215.81,19.55,2666.03,88.05,56.1,1.47,44.85,0
WELL-03,2026-09-15T19:00,286.83,362.23,1262.9,19.46,2686.44,86.91,61.1,1.46,45.09,0
WELL-03,2026-09-15T20:00,302.94,359.95,1188.2,20.66,2681.66,88.69,55.2,1.44,42.5,0
WELL-03,2026-09-15T21:00,307.36,390.19,1269.47,19.58,2647.16,87.81,59.8,1.73,44.96,0
WELL-03,2026-09-15T22:00,305.54,363.86,1190.86,21.03,2553.27,85.41,60.1,1.4,41.4,0
WELL-03,2026-09-15T23:00,310.5,400.83,1290.91,19.85,2528.45,88.49,57.9,1.67,43.37,0
WELL-03,2026-09-16T00:00,297.58,364.83,1226.01,20.15,2644.26,89.56,57.7,1.48,44.89,0
WELL-03,2026-09-16T01:00,290.21,349.11,1202.95,20.3,2601.82,85.99,56.1,1.68,42.23,0
WELL-03,2026-09-16T02:00,291.31,373.59,1282.48,20.23,2581.48,89.97,56.6,1.68,42.03,0
WELL-03,2026-09-16T03:00,295.36,371.09,1256.39,19.61,2637.01,84.99,58.6,1.75,44.52,0
WELL-03,2026-09-16T04:00,294.57,367.57,1247.84,20.35,2506.16,86.86,54.1,1.47,42.68,0
WELL-03,2026-09-16T05:00,311.36,395.29,1269.54,20.59,2648.23,86.07,52.8,1.54,40.67,0
WELL-03,2026-09-16T06:00,283.75,355.95,1254.47,19.82,2590.22,87.86,56.0,1.51,44.86,0
WELL-03,2026-09-16T07:00,294.79,384.31,1303.69,20.36,2522.69,87.64,56.0,1.56,44.58,0
WELL-03,2026-09-16T08:00,291.68,364.34,1249.12,19.51,2611.98,89.38,58.2,1.73,41.29,0
WELL-03,2026-09-16T09:00,302.82,360.23,1189.59,20.7,2511.29,89.22,57.8,1.64,44.76,0
WELL-03,2026-09-16T10:00,307.98,370.24,1202.13,21.01,2653.47,86.7,59.1,1.55,40.85,0
WELL-03,2026-09-16T11:00,289.19,373.94,1293.06,20.75,2532.27,84.88,60.7,1.76,42.91,0
WELL-03,2026-09-16T12:00,304.15,373.4,1227.65,21.33,2674.99,87.31,60.1,1.64,40.69,0
WELL-03,2026-09-16T13:00,293.11,357.45,1219.5,19.46,2663.22,89.99,61.8,1.38,44.78,0
WELL-03,2026-09-16T14:00,286.6,372.99,1301.4,21.06,2524.35,85.24,58.8,1.43,45.11,0
WELL-03,2026-09-16T15:00,303.13,378.29,1247.94,19.38,2489.07,88.35,53.0,1.44,41.8,0
WELL-03,2026-09-16T16:00,293.37,376.93,1284.8,19.52,2646.04,86.62,60.2,1.51,42.15,0
WELL-03,2026-09-16T17:00,290.17,382.38,1317.79,21.4,2620.34,89.22,53.9,1.67,40.64,0
WELL-03,2026-09-16T18:00,311.38,412.99,1326.31,19.49,2482.15,89.69,53.2,1.66,43.59,0
WELL-03,2026-09-16T19:00,289.86,355.04,1224.85,21.39,2501.42,88.43,59.7,1.65,40.39,0
WELL-03,2026-09-16T20:00,284.42,378.9,1332.16,21.33,2668.93,88.34,58.0,1.64,43.1,0
WELL-03,2026-09-16T21:00,310.48,411.87,1326.54,19.59,2544.21,84.84,58.6,1.76,43.86,0
WELL-03,2026-09-16T22:00,303.86,364.23,1198.66,20.76,2591.52,88.58,61.7,1.46,45.06,0
WELL-03,2026-09-16T23:00,308.5,402.12,1303.48,20.33,2508.0,87.43,56.5,1.72,41.9,0
WELL-03,2026-09-17T00:00,300.17,394.98,1315.86,21.34,2534.34,87.8,58.3,1.71,41.01,0
WELL-03,2026-09-17T01:00,286.78,380.57,1327.04,21.12,2497.17,88.46,59.1,1.74,45.04,0
WELL-03,2026-09-17T02:00,292.83,386.78,1320.85,19.45,2513.67,88.93,53.5,1.64,41.28,0
WELL-03,2026-09-17T03:00,291.38,378.74,1299.84,20.71,2484.92,87.6,53.4,1.39,42.97,0
WELL-03,2026-09-17T04:00,284.87,377.71,1325.93,19.8,2486.89,85.63,60.4,1.65,43.66,0
WELL-03,2026-09-17T05:00,296.98,380.14,1280.0,20.04,2580.37,89.74,54.9,1.67,44.53,0
WELL-03,2026-09-17T06:00,295.75,391.77,1324.66,20.09,2678.29,89.6,57.1,1.72,43.8,0
WELL-03,2026-09-17T07:00,284.37,369.66,1299.94,20.01,2652.55,89.74,55.8,1.74,44.89,0
WELL-03,2026-09-17T08:00,305.78,390.91,1278.41,19.71,2504.44,88.15,57.5,1.71,42.06,0
WELL-03,2026-09-17T09:00,291.94,380.35,1302.82,21.05,2607.05,86.79,54.2,1.62,42.96,0
WELL-03,2026-09-17T10:00,304.08,395.57,1300.86,20.12,2503.11,87.92,58.6,1.58,44.62,0
WELL-03,2026-09-17T11:00,310.87,395.85,1273.36,20.07,2506.88,87.13,56.9,1.38,44.79,0
WELL-03,2026-09-17T12:00,292.71,364.02,1243.59,19.52,2591.08,89.11,56.3,1.41,41.5,0
WELL-03,2026-09-17T13:00,298.0,364.43,1222.93,21.26,2635.57,85.49,53.0,1.4,42.02,0
WELL-03,2026-09-17T14:00,297.43,372.3,1251.74,19.4,2592.77,88.73,54.5,1.61,40.6,0
WELL-03,2026-09-17T15:00,285.29,366.46,1284.53,19.77,2587.1,86.69,53.5,1.71,44.97,0
WELL-03,2026-09-17T16:00,310.95,371.3,1194.1,19.91,2532.17,89.01,61.5,1.4,44.36,0
WELL-03,2026-09-17T17:00,283.97,345.35,1216.18,20.56,2549.4,88.69,57.0,1.66,43.23,0
WELL-03,2026-09-17T18:00,292.93,364.31,1243.66,20.52,2566.23,89.37,55.7,1.63,42.47,0
WELL-03,2026-09-17T19:00,300.51,370.09,1231.56,21.37,2682.61,85.74,55.9,1.47,41.79,0
WELL-03,2026-09-17T20:00,301.04,381.33,1266.72,19.93,2496.51,88.19,60.3,1.69,40.39,0
WELL-03,2026-09-17T21:00,293.45,382.48,1303.4,21.18,2555.88,88.35,52.9,1.65,41.79,0
WELL-03,2026-09-17T22:00,285.7,375.72,1315.06,21.31,2553.63,85.01,54.5,1.63,41.91,0
WELL-03,2026-09-17T23:00,309.95,392.06,1264.91,19.7,2678.57,87.65,53.2,1.65,44.98,0
WELL-03,2026-09-18T00:00,310.5,385.77,1242.44,21.25,2490.12,85.11,60.8,1.45,40.5,0
WELL-03,2026-09-18T01:00,304.45,392.88,1290.44,20.17,2496.07,87.58,53.4,1.41,43.28,0
WELL-03,2026-09-18T02:00,304.78,394.76,1295.23,20.53,2517.61,89.07,61.6,1.72,41.21,0
WELL-03,2026-09-18T03:00,280.59,367.43,1309.47,20.76,2624.64,87.0,58.3,1.47,41.76,0
WELL-03,2026-09-18T04:00,302.58,405.28,1339.4,21.3,2628.03,89.02,57.2,1.77,42.05,0
WELL-03,2026-09-18T05:00,287.14,375.35,1307.18,19.87,2541.35,88.97,55.3,1.55,43.4,0
WELL-03,2026-09-18T06:00,295.27,393.85,1333.88,21.25,2476.92,90.33,60.2,1.54,42.29,0
WELL-03,2026-09-18T07:00,278.93,337.63,1210.46,21.07,2528.07,90.12,58.8,1.59,43.48,0
WELL-03,2026-09-18T08:00,276.78,354.61,1281.17,21.57,2483.09,87.65,61.3,1.83,42.42,0
WELL-03,2026-09-18T09:00,300.41,381.22,1269.03,20.39,2572.87,88.03,56.5,1.51,44.79,0
WELL-03,2026-09-18T10:00,284.33,351.66,1236.79,20.8,2614.24,90.43,53.9,1.62,45.69,0
WELL-03,2026-09-18T11:00,279.65,354.39,1267.25,20.3,2466.03,90.48,53.9,1.69,45.32,0
WELL-03,2026-09-18T12:00,301.13,378.54,1257.09,21.57,2533.66,91.05,54.6,1.85,41.98,0
WELL-03,2026-09-18T13:00,277.22,334.64,1207.12,21.48,2489.38,90.07,55.9,1.54,43.94,0
WELL-03,2026-09-18T14:00,291.76,370.4,1269.51,21.97,2558.13,86.5,60.8,1.51,46.54,0
WELL-03,2026-09-18T15:00,278.7,358.12,1284.93,20.46,2542.42,90.63,54.0,1.92,44.31,0
WELL-03,2026-09-18T16:00,296.11,394.97,1333.86,21.6,2507.77,86.37,59.7,1.67,45.59,0
WELL-03,2026-09-18T17:00,270.24,352.34,1303.82,21.54,2497.6,90.64,52.1,1.76,47.91,0
WELL-03,2026-09-18T18:00,275.16,359.3,1305.8,20.99,2424.97,88.19,53.3,1.63,44.74,0
WELL-03,2026-09-18T19:00,269.28,348.62,1294.66,21.69,2435.01,86.76,54.0,1.74,43.39,0
WELL-03,2026-09-18T20:00,285.88,355.43,1243.29,22.05,2519.42,91.43,53.8,1.83,43.7,0
WELL-03,2026-09-18T21:00,290.18,370.02,1275.15,21.02,2567.39,89.76,56.7,1.66,43.82,0
WELL-03,2026-09-18T22:00,269.51,367.43,1363.31,22.08,2590.97,88.8,59.2,1.68,47.47,0
WELL-03,2026-09-18T23:00,268.24,344.09,1282.77,21.49,2480.79,90.61,52.6,1.97,46.15,0
WELL-03,2026-09-19T00:00,290.25,361.08,1244.04,22.32,2447.47,91.12,55.1,1.65,48.74,0
WELL-03,2026-09-19T01:00,264.44,323.33,1222.7,21.67,2462.07,88.75,51.9,2.08,47.43,0
WELL-03,2026-09-19T02:00,262.97,348.9,1326.74,21.12,2500.18,89.2,55.2,1.77,46.55,0
WELL-03,2026-09-19T03:00,266.74,364.49,1366.46,22.39,2471.88,87.3,55.0,1.73,49.78,0
WELL-03,2026-09-19T04:00,283.57,370.04,1304.94,20.92,2563.46,91.69,51.2,1.75,50.82,0
WELL-03,2026-09-19T05:00,260.05,343.05,1319.2,20.94,2416.4,92.16,54.8,2.16,50.23,0
WELL-03,2026-09-19T06:00,279.18,375.72,1345.8,21.24,2479.55,91.5,59.0,1.99,49.44,0
WELL-03,2026-09-19T07:00,264.99,347.62,1311.82,22.01,2540.54,87.61,53.3,1.78,49.14,0
WELL-03,2026-09-19T08:00,279.96,371.76,1327.9,21.87,2406.72,88.2,59.4,1.85,46.46,0
WELL-03,2026-09-19T09:00,259.74,349.2,1344.41,22.38,2506.37,89.5,51.8,2.21,49.61,0
WELL-03,2026-09-19T10:00,257.29,339.63,1320.01,22.62,2419.87,87.78,53.6,2.01,50.53,0
WELL-03,2026-09-19T11:00,259.12,354.95,1369.81,21.16,2385.36,88.86,55.6,2.17,52.5,0
WELL-03,2026-09-19T12:00,269.27,367.11,1363.35,21.15,2470.38,92.48,52.6,1.95,49.21,0
WELL-03,2026-09-19T13:00,259.02,353.06,1363.1,22.3,2506.76,91.58,58.0,2.29,50.56,0
WELL-03,2026-09-19T14:00,254.75,328.94,1291.21,22.56,2492.09,93.14,56.7,2.4,49.24,0
WELL-03,2026-09-19T15:00,263.23,364.87,1386.13,22.07,2342.04,93.54,54.5,2.34,52.7,0
WELL-03,2026-09-19T16:00,266.19,363.84,1366.86,22.33,2406.04,90.19,54.0,2.08,53.09,0
WELL-03,2026-09-19T17:00,255.24,345.98,1355.52,22.37,2389.66,88.93,51.6,2.29,54.01,0
WELL-03,2026-09-19T18:00,272.83,370.45,1357.81,21.48,2510.66,90.19,56.8,2.04,53.8,0
WELL-03,2026-09-19T19:00,256.69,329.39,1283.19,21.56,2391.35,88.85,50.7,2.47,54.7,0
WELL-03,2026-09-19T20:00,246.98,344.65,1395.49,22.52,2349.87,90.7,57.5,2.29,55.26,0
WELL-03,2026-09-19T21:00,254.99,338.36,1326.99,21.33,2316.16,94.18,53.5,2.3,55.32,0
WELL-03,2026-09-19T22:00,245.26,340.53,1388.43,22.23,2451.77,93.67,50.9,2.33,53.46,0
WELL-03,2026-09-19T23:00,256.66,348.4,1357.45,22.51,2438.65,91.6,57.8,2.11,51.89,0
WELL-03,2026-09-20T00:00,247.99,327.69,1321.41,21.29,2419.04,93.76,53.7,2.17,50.79,0
WELL-03,2026-09-20T01:00,249.64,349.62,1400.52,21.91,2393.33,93.19,58.0,2.64,51.7,0
WELL-03,2026-09-20T02:00,261.0,331.48,1270.02,22.29,2311.5,89.25,53.4,2.52,56.47,0
WELL-03,2026-09-20T03:00,245.96,322.39,1310.75,23.44,2297.07,93.59,53.4,2.7,52.35,0
WELL-03,2026-09-20T04:00,263.87,359.28,1361.58,23.63,2393.62,89.97,54.8,2.43,51.73,0
WELL-03,2026-09-20T05:00,253.67,325.61,1283.6,23.08,2362.14,93.38,56.0,2.3,55.88,0
WELL-03,2026-09-20T06:00,246.23,317.71,1290.26,22.61,2295.0,92.72,55.9,2.61,56.87,0
WELL-03,2026-09-20T07:00,236.88,332.35,1403.01,23.43,2293.18,90.51,53.4,2.68,56.74,0
WELL-03,2026-09-20T08:00,238.24,314.33,1319.37,22.95,2294.58,92.5,53.4,2.73,57.07,0
WELL-03,2026-09-20T09:00,244.39,315.92,1292.67,21.78,2384.52,91.88,53.8,2.75,53.4,0
WELL-03,2026-09-20T10:00,239.52,335.22,1399.56,22.45,2347.41,92.68,50.5,2.59,54.89,0
WELL-03,2026-09-20T11:00,234.95,309.97,1319.28,22.62,2407.51,90.28,49.6,2.55,54.16,0
WELL-03,2026-09-20T12:00,242.32,344.07,1419.87,23.23,2265.65,93.57,55.9,2.51,57.13,0
WELL-03,2026-09-20T13:00,253.13,360.13,1422.7,24.06,2424.1,90.34,56.7,2.89,54.37,0
WELL-03,2026-09-20T14:00,252.23,350.13,1388.15,22.65,2242.5,91.51,56.8,2.87,54.24,0
WELL-03,2026-09-20T15:00,244.78,316.67,1293.71,23.66,2315.68,95.21,48.8,2.59,56.52,0
WELL-03,2026-09-20T16:00,235.18,319.77,1359.68,22.11,2328.04,94.88,49.4,2.73,60.79,0
WELL-03,2026-09-20T17:00,247.44,335.37,1355.4,23.33,2254.6,90.8,54.0,2.6,58.0,0
WELL-03,2026-09-20T18:00,230.41,305.75,1326.95,24.03,2342.71,90.87,51.5,2.53,59.73,0
WELL-03,2026-09-20T19:00,233.43,315.35,1350.97,22.04,2363.43,94.18,49.1,2.97,59.55,0
WELL-03,2026-09-20T20:00,232.98,324.64,1393.41,23.98,2279.99,95.6,53.6,2.7,57.72,0
WELL-03,2026-09-20T21:00,246.07,325.78,1323.94,23.72,2397.84,95.49,54.5,2.99,60.51,0
WELL-03,2026-09-20T22:00,235.95,328.9,1393.96,23.49,2330.24,95.24,52.4,2.9,60.88,0
WELL-03,2026-09-20T23:00,242.4,345.33,1424.6,23.96,2262.19,93.59,51.1,3.12,63.02,0
WELL-03,2026-09-21T00:00,242.99,312.98,1288.0,22.56,2271.35,92.2,50.6,3.08,58.5,0
WELL-03,2026-09-21T01:00,227.12,325.03,1431.1,23.43,2236.25,95.2,48.3,3.27,57.78,0
WELL-03,2026-09-21T02:00,237.41,341.3,1437.6,24.09,2234.04,91.76,50.6,2.79,62.08,0
WELL-03,2026-09-21T03:00,221.29,289.33,1307.48,23.76,2312.06,91.93,54.1,2.68,62.25,0
WELL-03,2026-09-21T04:00,229.77,316.26,1376.46,24.33,2323.49,95.16,52.4,2.75,60.67,0
WELL-03,2026-09-21T05:00,218.71,282.42,1291.3,23.63,2227.72,95.9,54.7,3.34,64.11,0
WELL-03,2026-09-21T06:00,229.48,328.57,1431.78,23.13,2283.66,93.47,49.1,2.7,59.4,0
WELL-03,2026-09-21T07:00,233.37,333.7,1429.95,24.37,2243.89,95.06,52.8,3.13,60.7,0
WELL-03,2026-09-21T08:00,232.18,330.39,1422.97,24.41,2343.67,93.88,47.9,3.03,60.4,0
WELL-03,2026-09-21T09:00,229.13,313.81,1369.53,23.64,2285.21,94.42,52.4,2.9,65.2,0
WELL-03,2026-09-21T10:00,224.92,298.3,1326.23,22.7,2337.65,92.98,51.7,3.41,64.71,0
WELL-03,2026-09-21T11:00,228.34,326.71,1430.83,24.41,2307.24,97.19,52.2,3.0,65.02,0
WELL-03,2026-09-21T12:00,224.1,305.21,1361.95,24.38,2329.26,94.0,48.4,3.08,64.09,0
WELL-03,2026-09-21T13:00,230.81,334.27,1448.26,23.07,2225.18,93.56,50.6,3.18,63.3,0
WELL-03,2026-09-21T14:00,219.41,308.25,1404.93,24.58,2246.58,93.71,53.8,3.5,67.4,0
WELL-03,2026-09-21T15:00,210.33,294.62,1400.76,23.31,2164.95,97.8,50.5,2.9,67.49,0
WELL-03,2026-09-21T16:00,225.13,328.59,1459.58,24.55,2191.52,93.26,49.1,3.6,63.18,0
WELL-03,2026-09-21T17:00,223.69,315.5,1410.43,23.45,2280.67,95.86,47.2,3.61,67.71,0
WELL-03,2026-09-21T18:00,221.32,318.19,1437.7,24.43,2261.23,96.59,52.8,3.45,67.52,0
WELL-03,2026-09-21T19:00,209.53,285.94,1364.7,25.29,2244.52,96.22,53.5,3.74,61.85,0
WELL-03,2026-09-21T20:00,222.14,303.88,1367.97,24.75,2192.71,98.46,49.5,3.78,63.26,0
WELL-03,2026-09-21T21:00,224.43,315.85,1407.38,25.29,2201.4,98.47,54.2,3.31,69.56,0
WELL-03,2026-09-21T22:00,206.0,297.88,1446.0,23.97,2272.46,96.1,48.3,3.25,63.39,0
WELL-03,2026-09-21T23:00,203.01,282.36,1390.89,23.36,2246.76,98.46,51.5,3.71,68.09,0
WELL-03,2026-09-22T00:00,211.3,283.62,1342.3,23.7,2134.39,98.55,49.4,3.45,70.29,0
WELL-03,2026-09-22T01:00,208.7,283.37,1357.74,24.1,2237.68,97.4,50.4,3.33,63.73,0
WELL-03,2026-09-22T02:00,201.01,273.47,1360.47,25.17,2129.29,98.14,53.9,3.71,65.91,0
WELL-03,2026-09-22T03:00,214.64,294.05,1370.01,24.86,2219.51,94.81,52.0,3.25,70.47,0
WELL-03,2026-09-22T04:00,206.25,272.47,1321.07,25.11,2116.38,94.9,51.5,3.95,69.03,0
WELL-03,2026-09-22T05:00,199.68,294.48,1474.76,24.55,2254.13,96.76,54.1,3.38,72.96,0
WELL-03,2026-09-22T06:00,205.88,304.28,1477.96,25.21,2218.82,95.38,52.6,3.97,66.64,0
WELL-03,2026-09-22T07:00,197.33,276.05,1398.91,23.67,2160.15,99.68,50.1,3.31,68.22,0
WELL-03,2026-09-22T08:00,205.1,301.36,1469.33,23.63,2189.64,97.79,49.5,3.57,66.27,0
WELL-03,2026-09-22T09:00,211.61,312.87,1478.5,26.04,2219.68,99.47,47.2,3.51,73.97,0
WELL-03,2026-09-22T10:00,199.78,296.17,1482.49,25.11,2095.65,99.79,52.3,3.39,67.81,0
WELL-03,2026-09-22T11:00,211.39,280.8,1328.35,25.03,2151.13,98.34,48.4,3.92,67.09,0
WELL-03,2026-09-22T12:00,201.86,289.29,1433.08,24.82,2078.0,97.97,48.6,4.28,70.78,0
WELL-03,2026-09-22T13:00,207.63,280.39,1350.45,25.26,2184.97,99.98,53.3,3.61,71.18,0
WELL-03,2026-09-22T14:00,206.23,293.62,1423.76,23.96,2103.09,96.3,45.8,3.8,69.43,0
WELL-03,2026-09-22T15:00,191.36,274.06,1432.18,25.14,2141.07,99.95,51.1,4.19,69.99,0
WELL-03,2026-09-22T16:00,190.97,262.53,1374.73,24.14,2081.07,97.59,51.2,3.49,72.46,0
WELL-03,2026-09-22T17:00,193.81,285.33,1472.18,24.09,2134.32,98.16,53.2,4.32,75.73,0
WELL-03,2026-09-22T18:00,197.81,279.38,1412.4,26.12,2103.92,96.91,46.9,4.0,73.33,0
WELL-03,2026-09-22T19:00,201.12,295.39,1468.72,25.04,2133.02,100.21,47.5,4.02,74.58,0
WELL-03,2026-09-22T20:00,201.31,279.21,1386.99,25.68,2035.31,98.66,51.4,4.42,71.37,0
WELL-03,2026-09-22T21:00,187.25,251.98,1345.66,26.23,2159.32,95.36,51.7,3.63,75.65,0
WELL-03,2026-09-22T22:00,191.14,270.08,1413.01,24.37,2035.67,100.83,50.4,4.14,75.09,0
WELL-03,2026-09-22T23:00,197.32,281.63,1427.28,26.1,2137.52,99.51,50.4,4.2,78.78,0
WELL-03,2026-09-23T00:00,183.67,265.77,1447.05,25.16,2112.4,97.92,48.8,4.68,77.47,0
WELL-03,2026-09-23T01:00,186.59,252.34,1352.38,24.42,2168.68,100.82,45.3,4.63,75.64,0
WELL-03,2026-09-23T02:00,182.65,267.47,1464.39,24.33,2053.89,99.2,51.9,4.4,72.85,0
WELL-03,2026-09-23T03:00,180.83,243.01,1343.84,26.06,2084.59,100.2,44.9,4.02,78.03,0
WELL-03,2026-09-23T04:00,183.43,266.03,1450.26,26.8,2029.13,99.32,49.4,4.67,79.53,0
WELL-03,2026-09-23T05:00,177.98,258.78,1453.97,24.72,2035.33,100.76,50.7,4.38,75.3,0
WELL-03,2026-09-23T06:00,194.66,264.16,1357.03,26.77,2080.34,97.09,51.4,4.58,78.67,0
WELL-03,2026-09-23T07:00,181.73,256.51,1411.48,25.55,2013.0,100.67,46.2,4.18,73.97,0
WELL-03,2026-09-23T08:00,192.53,277.11,1439.34,26.09,1987.93,98.55,48.9,4.83,81.93,0
WELL-03,2026-09-23T09:00,187.14,266.17,1422.33,26.15,1983.76,99.92,51.4,4.43,81.39,0
WELL-03,2026-09-23T10:00,184.06,260.34,1414.44,26.45,1979.59,97.64,45.7,4.74,79.81,0
WELL-03,2026-09-23T11:00,189.35,258.56,1365.49,25.84,2093.47,99.62,45.5,3.99,81.68,0
WELL-03,2026-09-23T12:00,178.84,268.09,1499.11,25.96,1986.84,101.26,50.6,4.91,80.94,0
WELL-03,2026-09-23T13:00,187.93,255.61,1360.16,26.18,2029.0,102.14,46.0,5.04,75.13,0
WELL-03,2026-09-23T14:00,183.83,266.6,1450.27,26.42,1959.33,101.99,45.7,4.89,81.93,0
WELL-03,2026-09-23T15:00,184.88,273.66,1480.23,26.07,1977.89,102.1,49.1,4.42,77.19,0
WELL-03,2026-09-23T16:00,180.28,266.04,1475.71,26.08,2034.75,97.22,44.8,4.27,82.23,0
WELL-03,2026-09-23T17:00,173.22,256.0,1477.91,25.64,1950.08,101.14,49.5,5.23,78.0,1
WELL-03,2026-09-23T18:00,183.52,253.29,1380.18,25.21,2070.69,102.21,45.2,5.16,81.34,0
WELL-03,2026-09-23T19:00,168.14,253.88,1509.89,26.36,2067.33,99.7,47.2,4.93,83.73,0
WELL-03,2026-09-23T20:00,169.55,245.79,1449.69,27.06,2055.57,100.87,45.8,4.22,81.57,0
WELL-03,2026-09-23T21:00,172.33,244.38,1418.16,27.04,2005.34,102.41,48.2,4.63,77.19,0
WELL-03,2026-09-23T22:00,173.97,238.69,1372.03,26.82,2030.14,102.35,46.0,5.19,80.15,0
WELL-03,2026-09-23T23:00,171.99,261.53,1520.62,25.48,2031.16,101.09,48.8,4.56,84.26,0
WELL-03,2026-09-24T00:00,163.62,247.64,1513.5,25.35,2002.72,97.86,44.3,4.88,79.5,0
WELL-03,2026-09-24T01:00,162.36,232.6,1432.61,27.24,1951.85,98.96,46.5,4.7,83.37,0
WELL-03,2026-09-24T02:00,169.45,247.53,1460.78,27.11,1985.67,99.39,50.0,5.24,87.7,0
WELL-03,2026-09-24T03:00,173.34,256.13,1477.58,25.88,2026.17,102.2,50.2,4.5,80.56,0
WELL-03,2026-09-24T04:00,167.69,251.51,1499.85,26.95,1993.84,98.67,45.5,5.37,81.35,0
WELL-03,2026-09-24T05:00,158.24,227.72,1439.09,27.2,2000.4,99.23,47.7,4.91,80.93,0
WELL-03,2026-09-24T06:00,169.06,249.7,1477.0,27.08,1993.89,101.76,44.4,4.97,80.2,0
WELL-03,2026-09-24T07:00,165.44,228.35,1380.28,27.57,1893.36,101.92,49.3,5.65,80.53,0
WELL-03,2026-09-24T08:00,168.9,237.73,1407.57,26.5,1961.88,101.13,42.8,5.53,86.84,0
WELL-03,2026-09-24T09:00,168.54,243.36,1443.94,26.76,2012.3,102.56,43.6,5.18,88.49,1
WELL-03,2026-09-24T10:00,166.93,233.49,1398.78,26.18,1906.5,102.98,47.1,4.81,90.56,0
WELL-03,2026-09-24T11:00,162.72,247.08,1518.4,27.14,2025.33,101.74,43.3,5.02,90.4,1
WELL-03,2026-09-24T12:00,163.39,230.03,1407.88,26.5,1955.89,104.56,47.4,5.87,85.66,0
WELL-03,2026-09-24T13:00,151.81,226.68,1493.19,26.25,1875.73,102.59,47.1,5.35,90.4,0
WELL-03,2026-09-24T14:00,150.58,230.64,1531.67,27.9,1924.97,103.64,47.3,4.77,83.69,1
WELL-03,2026-09-24T15:00,163.89,232.72,1419.98,27.94,1866.6,99.13,46.1,5.67,86.58,0
WELL-03,2026-09-24T16:00,154.37,218.85,1417.69,26.45,1956.97,100.22,45.6,4.8,85.49,1
WELL-03,2026-09-24T17:00,150.89,211.72,1403.16,27.81,1886.83,102.38,46.2,4.8,88.39,0
WELL-03,2026-09-24T18:00,148.04,231.02,1560.55,25.96,1887.06,101.29,47.4,4.82,86.03,0
WELL-03,2026-09-24T19:00,148.68,223.26,1501.63,27.7,1936.88,99.34,48.8,5.83,90.83,1
WELL-03,2026-09-24T20:00,156.96,222.17,1415.41,26.25,1905.7,102.28,48.2,5.69,84.99,1
WELL-03,2026-09-24T21:00,156.04,242.51,1554.19,27.22,1911.51,103.18,42.9,5.45,85.67,1
WELL-03,2026-09-24T22:00,153.77,218.24,1419.28,28.21,1904.57,100.8,46.7,6.13,94.52,0
WELL-03,2026-09-24T23:00,148.21,206.61,1393.98,26.54,1832.6,100.69,47.7,5.39,92.92,1
WELL-03,2026-09-25T00:00,148.08,229.19,1547.71,27.81,1895.1,102.86,47.1,5.97,92.21,0
WELL-04,2026-06-27T01:00,451.89,475.36,1051.94,20.28,2161.91,85.67,72.1,1.99,42.47,0
WELL-04,2026-06-27T02:00,411.37,427.05,1038.12,19.98,2247.9,83.54,78.7,1.78,41.33,0
WELL-04,2026-06-27T03:00,444.36,496.97,1118.39,20.64,2134.32,86.14,78.8,1.79,42.09,0
WELL-04,2026-06-27T04:00,445.77,471.27,1057.21,21.37,2130.61,82.57,75.8,1.96,42.58,0
WELL-04,2026-06-27T05:00,434.97,448.19,1030.39,21.11,2103.28,82.01,71.1,1.98,39.79,0
WELL-04,2026-06-27T06:00,432.94,437.27,1010.0,20.99,2141.7,83.12,69.1,1.74,38.4,0
WELL-04,2026-06-27T07:00,439.99,449.91,1022.53,20.37,2255.61,86.21,73.5,1.94,39.47,0
WELL-04,2026-06-27T08:00,448.93,469.83,1046.55,20.08,2233.66,84.05,70.1,1.84,39.08,0
WELL-04,2026-06-27T09:00,426.9,431.51,1010.8,21.66,2127.19,83.62,75.3,1.73,41.96,0
WELL-04,2026-06-27T10:00,450.08,499.99,1110.91,20.3,2218.08,84.49,78.3,1.98,39.27,0
WELL-04,2026-06-27T11:00,437.47,465.56,1064.22,20.02,2154.64,82.2,71.2,1.82,39.85,0
WELL-04,2026-06-27T12:00,435.21,489.87,1125.61,20.62,2147.84,86.58,69.2,2.01,39.01,0
WELL-04,2026-06-27T13:00,432.15,489.04,1131.65,20.72,2202.14,84.06,70.7,1.64,38.65,0
WELL-04,2026-06-27T14:00,445.87,494.34,1108.7,21.8,2263.56,84.4,70.1,2.0,41.32,0
WELL-04,2026-06-27T15:00,444.51,497.5,1119.21,21.07,2175.66,85.75,71.7,1.96,40.71,0
WELL-04,2026-06-27T16:00,434.61,473.94,1090.48,21.95,2125.95,83.0,69.3,1.9,39.76,0
WELL-04,2026-06-27T17:00,432.98,459.79,1061.93,21.7,2101.41,85.33,77.5,1.85,40.81,0
WELL-04,2026-06-27T18:00,417.9,436.2,1043.79,21.03,2194.95,84.56,69.2,1.98,40.18,0
WELL-04,2026-06-27T19:00,425.36,479.1,1126.33,21.7,2259.38,83.4,69.8,1.69,38.54,0
WELL-04,2026-06-27T20:00,439.19,458.06,1042.95,20.93,2142.63,82.81,75.2,1.69,42.34,0
WELL-04,2026-06-27T21:00,443.17,463.7,1046.33,21.83,2102.2,83.77,74.3,1.84,41.86,0
WELL-04,2026-06-27T22:00,429.67,457.36,1064.45,21.76,2151.28,86.34,73.3,1.71,43.0,0
WELL-04,2026-06-27T23:00,423.19,443.26,1047.44,21.9,2203.79,84.72,70.1,1.96,40.12,0
WELL-04,2026-06-28T00:00,413.06,468.7,1134.7,21.95,2130.68,85.06,79.5,1.59,43.11,0
WELL-04,2026-06-28T01:00,449.78,474.85,1055.75,20.68,2232.17,81.94,72.3,1.85,40.19,0
WELL-04,2026-06-28T02:00,445.11,498.74,1120.48,20.62,2148.81,81.97,73.4,1.89,42.68,0
WELL-04,2026-06-28T03:00,423.61,428.01,1010.38,20.9,2173.34,85.82,68.7,1.69,40.7,0
WELL-04,2026-06-28T04:00,427.51,463.16,1083.38,21.61,2148.53,84.06,72.4,2.0,42.4,0
WELL-04,2026-06-28T05:00,446.3,482.4,1080.89,21.49,2217.0,85.62,68.5,1.92,40.63,0
WELL-04,2026-06-28T06:00,412.7,419.84,1017.28,20.31,2156.46,84.63,73.2,1.96,40.52,0
WELL-04,2026-06-28T07:00,450.53,456.53,1013.32,21.35,2167.03,84.52,74.1,1.66,38.97,0
WELL-04,2026-06-28T08:00,444.72,472.15,1061.66,20.93,2255.52,84.43,69.2,1.84,41.31,0
WELL-04,2026-06-28T09:00,439.57,459.58,1045.52,21.77,2220.63,85.55,77.6,1.85,42.76,0
WELL-04,2026-06-28T10:00,418.98,472.94,1128.81,21.86,2158.48,84.23,72.1,1.87,39.53,0
WELL-04,2026-06-28T11:00,416.19,454.04,1090.96,21.26,2213.8,82.53,76.4,1.74,41.92,0
WELL-04,2026-06-28T12:00,413.68,457.35,1105.56,20.44,2135.92,81.82,71.8,1.71,42.7,0
WELL-04,2026-06-28T13:00,426.34,474.77,1113.6,21.96,2137.34,82.83,72.9,1.86,42.32,0
WELL-04,2026-06-28T14:00,447.04,463.94,1037.81,20.86,2116.62,84.24,71.7,1.73,39.53,0
WELL-04,2026-06-28T15:00,435.86,494.02,1133.44,21.38,2252.06,82.8,73.0,1.95,40.23,0
WELL-04,2026-06-28T16:00,433.46,482.46,1113.05,20.18,2220.56,83.05,68.2,1.74,41.95,0
WELL-04,2026-06-28T17:00,435.18,466.43,1071.83,20.25,2150.9,84.99,74.6,1.61,38.96,0
WELL-04,2026-06-28T18:00,424.58,437.17,1029.64,21.82,2123.49,86.34,79.1,1.62,38.56,0
WELL-04,2026-06-28T19:00,422.84,454.21,1074.19,20.07,2213.81,83.93,72.8,1.6,39.44,0
WELL-04,2026-06-28T20:00,426.05,429.42,1007.89,21.39,2247.36,86.11,78.9,1.78,42.2,0
WELL-04,2026-06-28T21:00,451.53,473.7,1049.1,21.22,2159.96,83.63,79.8,1.73,42.56,0
WELL-04,2026-06-28T22:00,443.89,488.43,1100.32,20.96,2116.31,82.63,78.6,1.92,40.42,0
WELL-04,2026-06-28T23:00,443.61,463.15,1044.05,21.88,2109.82,84.72,69.0,1.6,39.77,0
WELL-04,2026-06-29T00:00,415.79,460.72,1108.05,21.5,2197.5,82.97,72.6,1.73,41.39,0
WELL-04,2026-06-29T01:00,428.41,455.21,1062.57,19.95,2260.88,85.19,69.2,1.79,40.51,0
WELL-04,2026-06-29T02:00,447.59,470.32,1050.78,20.35,2220.53,82.83,73.6,1.64,41.9,0
WELL-04,2026-06-29T03:00,414.75,422.45,1018.55,21.15,2237.46,82.87,76.0,1.62,40.7,0
WELL-04,2026-06-29T04:00,422.51,443.13,1048.8,20.71,2255.08,83.68,77.7,1.72,42.95,0
WELL-04,2026-06-29T05:00,437.2,461.51,1055.61,19.96,2175.5,82.77,75.9,1.93,41.07,0
WELL-04,2026-06-29T06:00,445.21,459.93,1033.08,20.25,2128.61,85.82,68.5,1.79,40.0,0
WELL-04,2026-06-29T07:00,412.33,438.56,1063.6,21.15,2251.87,83.98,71.4,1.93,41.38,0
WELL-04,2026-06-29T08:00,449.06,452.02,1006.58,20.18,2218.22,81.78,73.9,1.9,40.71,0
WELL-04,2026-06-29T09:00,446.53,454.59,1018.05,20.58,2199.98,85.65,79.4,1.9,42.43,0
WELL-04,2026-06-29T10:00,430.92,463.43,1075.44,20.14,2276.02,86.58,74.5,1.75,40.94,0
WELL-04,2026-06-29T11:00,415.67,470.1,1130.94,21.0,2198.79,82.02,74.4,1.69,42.48,0
WELL-04,2026-06-29T12:00,438.46,488.28,1113.62,20.92,2176.24,84.52,73.6,2.01,38.7,0
WELL-04,2026-06-29T13:00,431.27,442.85,1026.85,20.22,2105.02,81.75,75.9,1.59,41.13,0
WELL-04,2026-06-29T14:00,440.49,470.12,1067.26,20.9,2136.44,85.25,71.0,1.97,40.14,0
WELL-04,2026-06-29T15:00,447.63,457.94,1023.05,20.4,2181.79,81.72,75.5,1.59,39.77,0
WELL-04,2026-06-29T16:00,432.21,443.14,1025.28,20.69,2103.0,86.47,70.4,1.65,41.9,0
WELL-04,2026-06-29T17:00,415.19,428.38,1031.77,21.44,2113.6,82.36,71.2,1.72,42.68,0
WELL-04,2026-06-29T18:00,434.52,489.63,1126.83,20.2,2157.51,86.44,72.8,1.92,40.04,0
WELL-04,2026-06-29T19:00,436.72,461.13,1055.89,21.1,2250.69,82.59,69.3,1.63,42.63,0
WELL-04,2026-06-29T20:00,428.38,453.59,1058.84,20.4,2130.66,83.72,79.3,1.9,38.36,0
WELL-04,2026-06-29T21:00,439.42,486.87,1107.99,21.59,2101.49,83.48,77.7,1.74,43.15,0
WELL-04,2026-06-29T22:00,436.27,469.33,1075.79,20.49,2140.11,84.81,77.9,1.6,40.14,0
WELL-04,2026-06-29T23:00,423.24,475.55,1123.59,21.12,2162.41,84.39,74.0,1.84,41.86,0
WELL-04,2026-06-30T00:00,433.78,439.5,1013.19,21.49,2193.45,83.67,72.0,1.73,43.0,0
WELL-04,2026-06-30T01:00,439.09,483.54,1101.24,21.45,2204.48,86.15,70.0,1.82,42.08,0
WELL-04,2026-06-30T02:00,438.78,461.96,1052.81,21.75,2254.8,84.52,73.7,1.62,42.64,0
WELL-04,2026-06-30T03:00,449.38,487.38,1084.55,20.5,2246.26,85.23,71.1,1.96,39.03,0
WELL-04,2026-06-30T04:00,430.97,461.48,1070.81,21.29,2158.58,82.92,79.2,1.86,43.11,0
WELL-04,2026-06-30T05:00,419.24,472.33,1126.63,21.82,2109.12,85.94,70.0,1.65,39.01,0
WELL-04,2026-06-30T06:00,441.37,483.28,1094.96,21.26,2127.86,83.25,68.1,1.62,38.78,0
WELL-04,2026-06-30T07:00,446.99,462.95,1035.71,21.8,2163.31,84.26,78.7,2.01,41.2,0
WELL-04,2026-06-30T08:00,425.23,465.09,1093.75,20.71,2141.94,84.74,76.6,1.89,39.9,0
WELL-04,2026-06-30T09:00,429.0,441.47,1029.07,21.39,2229.83,84.91,72.8,1.7,42.63,0
WELL-04,2026-06-30T10:00,418.49,428.49,1023.92,19.94,2179.98,82.38,75.8,1.71,38.73,0
WELL-04,2026-06-30T11:00,436.91,484.09,1107.99,21.73,2209.74,82.84,69.5,1.81,40.39,0
WELL-04,2026-06-30T12:00,413.64,417.34,1008.96,21.66,2126.18,86.51,68.3,1.74,40.44,0
WELL-04,2026-06-30T13:00,451.44,504.94,1118.49,20.87,2238.51,83.62,73.3,1.83,41.38,0
WELL-04,2026-06-30T14:00,449.27,454.51,1011.66,21.03,2116.96,83.8,79.5,1.62,41.49,0
WELL-04,2026-06-30T15:00,449.76,491.81,1093.49,21.38,2202.92,83.4,73.9,1.9,42.54,0
WELL-04,2026-06-30T16:00,447.81,473.12,1056.53,20.62,2103.91,86.51,79.6,1.77,40.08,0
WELL-04,2026-06-30T17:00,418.98,428.02,1021.57,21.9,2135.09,84.19,76.5,1.88,41.08,0
WELL-04,2026-06-30T18:00,429.28,470.65,1096.37,21.12,2144.57,85.04,69.1,1.84,42.57,0
WELL-04,2026-06-30T19:00,434.84,447.34,1028.74,20.79,2219.67,86.49,73.0,1.97,39.82,0
WELL-04,2026-06-30T20:00,447.88,461.54,1030.51,21.61,2241.98,84.33,72.3,1.73,42.53,0
WELL-04,2026-06-30T21:00,439.04,468.78,1067.74,21.67,2149.89,83.06,76.5,2.01,40.13,0
WELL-04,2026-06-30T22:00,431.3,438.89,1017.59,20.42,2151.99,83.82,74.8,1.64,41.72,0
WELL-04,2026-06-30T23:00,446.74,469.95,1051.94,21.23,2102.69,82.69,70.8,1.99,41.54,0
WELL-04,2026-07-01T00:00,413.91,452.11,1092.3,20.8,2235.0,83.36,77.5,1.74,41.71,0
WELL-04,2026-07-01T01:00,450.95,463.75,1028.37,20.05,2193.78,83.5,76.1,2.01,40.51,0
WELL-04,2026-07-01T02:00,419.96,434.95,1035.7,20.29,2207.01,82.19,68.4,1.77,38.51,0
WELL-04,2026-07-01T03:00,420.46,427.55,1016.85,21.14,2112.33,81.66,71.8,1.82,38.66,0
WELL-04,2026-07-01T04:00,426.3,474.6,1113.3,20.31,2219.69,82.68,77.8,1.78,42.86,0
WELL-04,2026-07-01T05:00,441.54,495.82,1122.93,21.34,2216.93,84.93,70.9,1.71,39.47,0
WELL-04,2026-07-01T06:00,426.08,464.79,1090.86,21.93,2220.76,81.67,77.5,1.88,40.4,0
WELL-04,2026-07-01T07:00,437.55,480.69,1098.6,20.58,2251.11,82.15,71.9,1.88,38.45,0
WELL-04,2026-07-01T08:00,438.19,494.19,1127.79,20.25,2151.34,81.89,71.4,1.84,41.55,0
WELL-04,2026-07-01T09:00,438.89,442.48,1008.19,20.5,2218.26,84.44,79.7,1.69,42.24,0
WELL-04,2026-07-01T10:00,434.35,448.01,1031.45,20.11,2240.81,83.0,69.9,1.84,41.73,0
WELL-04,2026-07-01T11:00,444.28,495.89,1116.14,21.61,2270.5,85.11,68.7,1.99,41.14,0
WELL-04,2026-07-01T12:00,423.18,478.41,1130.53,20.25,2246.33,82.93,74.8,1.81,42.87,0
WELL-04,2026-07-01T13:00,416.52,435.79,1046.26,20.48,2173.78,86.05,71.1,1.93,41.47,0
WELL-04,2026-07-01T14:00,433.9,490.56,1130.58,20.21,2239.01,84.83,71.6,1.71,38.39,0
WELL-04,2026-07-01T15:00,444.31,466.68,1050.36,20.18,2209.45,82.76,78.5,2.0,39.76,0
WELL-04,2026-07-01T16:00,441.09,467.02,1058.79,21.21,2187.51,85.58,79.6,1.69,41.06,0
WELL-04,2026-07-01T17:00,449.44,502.54,1118.14,20.55,2175.55,84.58,76.5,1.83,40.43,0
WELL-04,2026-07-01T18:00,432.06,483.66,1119.43,21.68,2232.75,85.86,71.4,1.63,38.53,0
WELL-04,2026-07-01T19:00,431.5,435.07,1008.26,21.37,2228.2,86.03,73.9,1.88,41.51,0
WELL-04,2026-07-01T20:00,437.32,447.96,1024.35,20.62,2116.43,81.59,74.6,1.95,39.27,0
WELL-04,2026-07-01T21:00,440.84,500.01,1134.22,21.05,2181.96,85.11,69.0,1.7,40.63,0
WELL-04,2026-07-01T22:00,410.99,415.47,1010.91,20.8,2183.95,81.64,76.8,1.62,41.66,0
WELL-04,2026-07-01T23:00,444.44,464.46,1045.05,20.61,2108.58,83.59,75.1,1.89,39.57,0
WELL-04,2026-07-02T00:00,434.74,442.9,1018.76,21.75,2186.07,83.11,74.1,1.69,40.37,0
WELL-04,2026-07-02T01:00,421.09,459.18,1090.46,20.45,2142.73,82.03,72.2,1.91,41.85,0
WELL-04,2026-07-02T02:00,447.36,497.93,1113.03,21.51,2238.09,84.26,71.8,1.72,41.66,0
WELL-04,2026-07-02T03:00,446.61,483.35,1082.25,20.08,2155.97,83.31,73.7,1.86,43.59,0
WELL-04,2026-07-02T04:00,404.55,421.4,1041.67,21.8,2113.72,83.08,67.5,1.83,39.47,0
WELL-04,2026-07-02T05:00,405.87,434.04,1069.42,20.71,2119.52,83.78,73.9,1.95,39.85,0
WELL-04,2026-07-02T06:00,434.39,458.03,1054.44,21.66,2100.38,83.23,76.1,1.95,42.06,0
WELL-04,2026-07-02T07:00,404.4,429.69,1062.54,20.95,2125.54,86.06,73.5,1.93,41.13,0
WELL-04,2026-07-02T08:00,419.25,444.67,1060.63,20.49,2187.54,84.93,73.8,1.97,43.82,0
WELL-04,2026-07-02T09:00,419.57,477.16,1137.24,22.34,2143.48,87.91,73.1,2.16,44.84,0
WELL-04,2026-07-02T10:00,393.01,438.66,1116.17,21.54,2204.09,87.08,72.8,2.21,42.94,0
WELL-04,2026-07-02T11:00,420.06,447.84,1066.14,21.94,2072.88,83.42,74.2,2.28,43.48,0
WELL-04,2026-07-02T12:00,417.34,435.98,1044.67,21.0,2046.9,87.84,74.4,2.01,45.97,0
WELL-04,2026-07-02T13:00,402.91,418.58,1038.9,21.94,2061.49,86.0,74.8,2.1,46.95,0
WELL-04,2026-07-02T14:00,409.9,439.7,1072.7,21.11,2167.01,89.03,66.1,2.26,47.79,0
WELL-04,2026-07-02T15:00,386.75,439.15,1135.48,21.35,2132.4,88.98,69.2,2.02,43.8,0
WELL-04,2026-07-02T16:00,396.47,418.61,1055.83,23.27,2087.86,86.75,70.7,2.45,48.01,0
WELL-04,2026-07-02T17:00,382.47,417.83,1092.44,22.29,2144.7,85.88,75.1,2.2,44.68,0
WELL-04,2026-07-02T18:00,379.79,429.32,1130.42,22.32,2144.26,88.9,73.3,2.13,46.03,0
WELL-04,2026-07-02T19:00,397.44,454.07,1142.48,22.53,2040.65,88.73,72.8,2.12,50.39,0
WELL-04,2026-07-02T20:00,398.2,445.84,1119.64,22.44,1985.74,89.1,69.8,2.27,51.68,0
WELL-04,2026-07-02T21:00,391.02,457.61,1170.3,22.14,2083.53,89.65,64.7,2.71,51.95,0
WELL-04,2026-07-02T22:00,366.01,397.31,1085.54,23.09,2103.79,88.24,66.2,2.25,48.04,0
WELL-04,2026-07-02T23:00,373.34,424.93,1138.16,22.41,1972.92,90.38,75.1,2.78,51.43,0
WELL-04,2026-07-03T00:00,381.01,412.87,1083.62,22.57,1996.1,89.54,64.1,2.65,53.79,0
WELL-04,2026-07-03T01:00,371.17,423.92,1142.11,23.41,2015.5,91.07,69.6,2.55,48.97,0
WELL-04,2026-07-03T02:00,352.27,386.17,1096.22,22.03,2074.56,87.08,64.8,2.53,54.21,0
WELL-04,2026-07-03T03:00,366.41,416.27,1136.06,22.54,1932.23,89.09,72.5,3.01,53.51,0
WELL-04,2026-07-03T04:00,344.46,391.37,1136.19,22.18,2045.11,89.55,71.3,2.52,52.34,0
WELL-04,2026-07-03T05:00,355.02,413.6,1165.0,23.69,1973.0,89.83,72.4,2.72,53.28,0
WELL-04,2026-07-03T06:00,343.47,408.5,1189.32,24.05,1978.94,90.95,71.3,3.13,55.34,0
WELL-04,2026-07-03T07:00,337.33,403.77,1196.96,24.39,2029.46,88.58,64.5,3.2,56.13,0
WELL-04,2026-07-03T08:00,339.99,403.19,1185.91,24.11,2020.02,89.72,72.1,2.66,58.52,0
WELL-04,2026-07-03T09:00,332.29,372.1,1119.79,23.08,1890.22,91.46,66.4,3.31,59.26,0
WELL-04,2026-07-03T10:00,330.15,378.71,1147.07,23.01,2037.18,87.71,69.6,3.12,58.99,0
WELL-04,2026-07-03T11:00,350.11,417.59,1192.74,23.29,2017.92,92.01,69.8,2.97,56.94,0
WELL-04,2026-07-03T12:00,336.19,391.37,1164.13,23.18,1993.04,89.12,68.2,3.02,57.94,0
WELL-04,2026-07-03T13:00,330.25,369.83,1119.85,23.1,2009.39,90.91,68.2,2.81,58.74,0
WELL-04,2026-07-03T14:00,327.51,370.46,1131.12,24.83,1956.71,90.84,63.4,3.3,57.97,0
WELL-04,2026-07-03T15:00,330.33,359.81,1089.24,23.9,1993.1,92.23,66.8,3.3,59.98,0
WELL-04,2026-07-03T16:00,336.22,394.53,1173.41,23.16,1960.32,91.28,70.9,3.33,59.72,0
WELL-04,2026-07-03T17:00,322.79,371.6,1151.19,23.47,1924.88,92.66,65.7,3.23,63.86,0
WELL-04,2026-07-03T18:00,314.34,377.48,1200.85,24.49,1951.44,93.77,70.7,3.09,61.55,0
WELL-04,2026-07-03T19:00,326.03,362.01,1110.37,24.52,1883.42,92.04,68.5,3.62,58.75,0
WELL-04,2026-07-03T20:00,330.03,404.47,1225.54,24.65,1934.5,92.55,62.6,3.38,58.92,0
WELL-04,2026-07-03T21:00,327.86,367.43,1120.67,25.19,1921.7,89.96,62.9,3.39,61.5,0
WELL-04,2026-07-03T22:00,314.1,364.13,1159.3,25.68,1871.56,94.99,60.7,3.37,65.32,0
WELL-04,2026-07-03T23:00,316.03,353.31,1117.98,24.4,1944.1,90.06,69.1,3.46,64.32,0
WELL-04,2026-07-04T00:00,295.99,351.49,1187.5,24.84,1848.9,93.36,69.5,3.57,65.32,0
WELL-04,2026-07-04T01:00,318.48,371.53,1166.56,25.02,1806.23,90.91,65.0,3.87,62.89,0
WELL-04,2026-07-04T02:00,290.09,353.13,1217.32,25.53,1911.34,94.76,65.0,3.97,63.6,0
WELL-04,2026-07-04T03:00,309.33,355.75,1150.08,26.07,1904.49,90.85,62.1,4.17,69.24,0
WELL-04,2026-07-04T04:00,313.58,369.79,1179.26,26.26,1866.71,95.89,69.0,3.73,70.78,0
WELL-04,2026-07-04T05:00,296.77,341.37,1150.29,25.37,1857.97,94.18,63.4,3.86,71.52,0
WELL-04,2026-07-04T06:00,300.31,349.8,1164.8,26.03,1750.07,91.31,59.3,4.22,66.71,0
WELL-04,2026-07-04T07:00,286.83,342.92,1195.55,25.42,1819.6,93.34,61.6,3.74,73.37,0
WELL-04,2026-07-04T08:00,285.59,352.26,1233.44,25.75,1788.42,95.45,65.6,4.35,68.83,0
WELL-04,2026-07-04T09:00,280.87,340.34,1211.74,26.17,1739.48,96.14,66.1,4.43,67.55,0
WELL-04,2026-07-04T10:00,295.7,337.36,1140.87,25.69,1863.79,91.7,59.5,3.98,73.83,0
WELL-04,2026-07-04T11:00,284.11,334.59,1177.7,26.19,1783.44,92.23,60.5,4.48,69.28,0
WELL-04,2026-07-04T12:00,271.82,327.82,1206.04,26.62,1788.8,92.6,63.6,4.25,68.51,0
WELL-04,2026-07-04T13:00,273.51,323.32,1182.12,25.15,1725.53,92.51,59.2,4.6,71.58,0
WELL-04,2026-07-04T14:00,282.57,346.88,1227.58,26.91,1726.51,97.74,67.6,4.14,70.19,0
WELL-04,2026-07-04T15:00,277.51,334.37,1204.92,25.82,1761.64,97.13,66.7,4.27,73.43,0
WELL-04,2026-07-04T16:00,264.5,327.59,1238.51,25.85,1783.48,93.12,57.8,4.13,78.64,0
WELL-04,2026-07-04T17:00,264.06,309.52,1172.13,26.25,1782.24,95.38,66.5,5.09,75.26,0
WELL-04,2026-07-04T18:00,270.2,308.85,1143.03,26.58,1785.25,97.36,60.3,4.86,72.87,0
WELL-04,2026-07-04T19:00,264.26,329.9,1248.39,27.18,1782.26,97.34,62.2,5.28,81.47,0
WELL-04,2026-07-04T20:00,263.11,330.12,1254.68,27.85,1781.68,96.61,60.9,4.74,81.8,0
WELL-04,2026-07-04T21:00,249.39,296.45,1188.7,26.63,1679.84,98.92,63.4,5.01,79.53,0
WELL-04,2026-07-04T22:00,255.34,307.0,1202.34,27.33,1673.82,97.25,59.2,4.6,79.47,0
WELL-04,2026-07-04T23:00,243.43,301.89,1240.15,26.71,1652.51,94.38,56.9,5.2,78.45,0
WELL-04,2026-07-05T00:00,252.48,301.53,1194.29,26.52,1744.04,98.52,59.0,4.52,80.97,0
WELL-04,2026-07-05T01:00,233.13,278.94,1196.48,26.87,1673.32,99.24,64.2,5.03,76.64,0
WELL-04,2026-07-05T02:00,246.29,313.6,1273.32,26.64,1702.6,98.01,59.6,4.85,79.31,0
WELL-04,2026-07-05T03:00,247.64,289.04,1167.14,27.81,1716.15,98.77,58.4,5.71,83.3,0
WELL-04,2026-07-05T04:00,230.73,291.07,1261.55,26.73,1658.29,100.15,56.4,5.26,81.83,0
WELL-04,2026-07-05T05:00,232.32,301.98,1299.86,26.92,1628.94,96.16,56.0,5.12,82.92,0
WELL-04,2026-07-05T06:00,231.23,291.92,1262.45,27.64,1591.71,99.58,61.0,4.98,88.13,1
WELL-04,2026-07-05T07:00,228.9,279.25,1219.94,29.12,1635.69,96.74,61.1,5.81,85.28,0
WELL-04,2026-07-05T08:00,232.73,282.04,1211.88,28.43,1681.71,97.36,63.3,5.79,81.06,0
WELL-04,2026-07-05T09:00,213.1,250.7,1176.45,27.69,1633.09,99.98,57.8,5.2,85.99,0
WELL-04,2026-07-05T10:00,228.18,270.51,1185.52,27.38,1665.99,96.78,54.3,5.22,82.69,0
WELL-04,2026-07-05T11:00,210.36,273.32,1299.25,29.0,1628.32,98.64,56.4,6.23,83.55,0
WELL-04,2026-07-05T12:00,217.57,271.98,1250.05,26.86,1662.44,98.83,54.3,5.14,86.6,1
WELL-04,2026-07-05T13:00,216.48,287.91,1329.92,29.2,1630.81,97.83,60.0,5.8,90.02,1
WELL-04,2026-07-05T14:00,212.3,266.11,1253.5,28.48,1613.77,100.56,60.1,5.47,88.08,1
WELL-04,2026-07-05T15:00,209.47,262.11,1251.29,29.62,1563.84,97.16,62.5,5.59,92.65,1
WELL-04,2026-07-05T16:00,215.58,261.1,1211.16,28.13,1557.52,101.89,61.8,5.4,90.64,1
WELL-04,2026-07-05T17:00,199.34,240.21,1205.05,29.13,1599.38,102.2,57.9,6.08,87.83,1
WELL-04,2026-07-05T18:00,209.47,262.36,1252.52,29.44,1587.63,97.78,59.4,6.33,96.59,1
WELL-04,2026-07-05T19:00,203.05,257.58,1268.56,30.19,1588.72,102.77,58.8,6.61,95.59,1
WELL-04,2026-07-05T20:00,196.25,247.19,1259.57,28.11,1550.75,103.74,60.7,6.72,96.74,1
WELL-04,2026-07-05T21:00,188.04,242.06,1287.28,27.86,1507.48,99.58,58.7,6.82,97.66,0
WELL-04,2026-07-05T22:00,194.18,233.57,1202.85,28.58,1552.07,99.27,54.9,5.71,98.82,1
WELL-04,2026-07-05T23:00,184.29,243.49,1321.19,28.41,1570.11,99.37,58.5,6.9,96.03,1
WELL-04,2026-07-06T00:00,191.12,251.89,1317.98,28.83,1501.58,98.96,59.2,6.8,95.43,1
WELL-04,2026-07-06T01:00,178.98,235.95,1318.29,29.75,1568.31,102.39,54.2,6.26,98.89,1
WELL-04,2026-07-06T02:00,185.74,252.18,1357.71,28.97,1473.98,99.28,52.1,6.04,103.98,1
WELL-04,2026-07-06T03:00,175.0,233.21,1332.64,29.0,1471.26,102.26,58.7,6.76,103.11,1
WELL-04,2026-07-06T04:00,177.05,226.75,1280.74,29.83,1550.33,100.36,56.0,7.3,96.21,1
WELL-04,2026-07-06T05:00,164.48,219.64,1335.36,31.1,1489.16,100.82,56.2,7.41,102.23,1
WELL-04,2026-07-06T06:00,170.98,218.89,1280.26,29.7,1455.94,103.54,53.7,7.43,103.63,1
WELL-04,2026-07-06T07:00,165.12,210.43,1274.35,28.57,1492.07,103.57,57.1,7.39,107.63,1
WELL-04,2026-07-06T08:00,171.15,216.74,1266.4,30.86,1531.46,100.56,57.8,7.74,97.65,1
WELL-04,2026-07-06T09:00,162.51,220.09,1354.29,29.91,1447.32,106.02,53.1,6.84,104.75,1
WELL-04,2026-07-06T10:00,154.5,202.13,1308.3,28.79,1510.2,102.37,56.0,7.41,105.19,1
WELL-04,2026-07-06T11:00,152.75,197.24,1291.24,30.25,1415.22,100.74,56.6,7.27,106.75,1
WELL-04,2026-07-06T12:00,160.4,201.05,1253.45,28.95,1409.08,102.66,49.9,7.87,103.05,1
WELL-04,2026-07-06T13:00,158.12,213.3,1348.99,30.61,1395.04,104.0,53.3,6.83,101.26,1
WELL-04,2026-07-06T14:00,141.94,191.7,1350.61,29.33,1394.98,102.08,54.6,6.92,111.55,1
WELL-04,2026-07-06T15:00,139.42,189.95,1362.44,30.08,1377.94,105.76,51.9,6.83,102.68,1
WELL-04,2026-07-06T16:00,148.27,204.35,1378.28,31.05,1456.56,106.46,56.2,8.0,108.27,1
WELL-04,2026-07-06T17:00,134.61,172.73,1283.23,29.89,1367.16,105.08,50.8,7.18,106.23,1
WELL-04,2026-07-06T18:00,141.89,184.28,1298.73,30.48,1378.37,105.79,53.7,6.88,116.39,1
WELL-04,2026-07-06T19:00,142.29,180.75,1270.37,31.73,1349.35,107.69,56.6,8.62,106.46,1
WELL-04,2026-07-06T20:00,138.64,175.77,1267.86,31.82,1373.0,102.97,49.6,7.89,105.46,1
WELL-04,2026-07-06T21:00,135.64,182.79,1347.62,30.06,1373.57,106.3,56.5,7.83,113.91,1
WELL-04,2026-07-06T22:00,128.82,168.43,1307.46,30.05,1374.11,102.88,49.0,8.51,106.99,1
WELL-04,2026-07-06T23:00,129.18,167.46,1296.3,31.78,1369.96,105.53,49.3,7.71,108.32,1
WELL-04,2026-07-07T00:00,119.54,166.24,1390.65,32.12,1371.6,102.86,47.9,7.74,112.03,1
WELL-04,2026-07-07T01:00,125.83,162.36,1290.36,31.53,1378.31,109.05,54.7,7.91,109.96,1
WELL-04,2026-07-07T02:00,118.35,167.72,1417.18,31.9,1388.81,107.68,48.4,9.19,122.3,1
WELL-04,2026-07-07T03:00,117.96,163.39,1385.21,30.19,1334.37,103.32,54.2,8.99,116.03,1
WELL-04,2026-07-07T04:00,123.54,160.55,1299.58,31.76,1401.97,107.6,47.8,8.53,121.98,1
WELL-04,2026-07-07T05:00,123.95,164.07,1323.68,32.75,1321.42,106.62,52.5,9.19,114.11,1
WELL-04,2026-07-07T06:00,121.45,166.07,1367.42,31.43,1351.82,107.09,50.7,8.35,117.42,1
WELL-04,2026-07-07T07:00,121.26,152.77,1259.88,31.52,1386.38,103.29,49.7,8.22,117.86,1
WELL-04,2026-07-07T08:00,124.86,162.54,1301.81,30.61,1304.78,106.58,51.0,9.16,111.79,1
WELL-04,2026-07-07T09:00,120.19,169.52,1410.42,32.56,1386.6,107.79,49.2,8.29,110.94,1
WELL-04,2026-07-07T10:00,126.21,176.99,1402.36,32.42,1388.51,108.21,51.6,8.85,110.98,1
WELL-04,2026-07-07T11:00,123.31,174.75,1417.17,30.63,1315.97,105.79,49.8,9.11,119.88,1
WELL-04,2026-07-07T12:00,119.3,153.69,1288.28,32.75,1304.35,105.66,55.2,9.12,122.34,1
WELL-04,2026-07-07T13:00,116.72,153.73,1317.11,31.21,1340.9,106.57,53.9,7.58,117.99,1
WELL-04,2026-07-07T14:00,115.13,147.17,1278.32,29.85,1359.51,104.81,51.4,7.83,112.31,1
WELL-04,2026-07-07T15:00,118.35,151.62,1281.12,32.84,1343.8,109.04,50.9,8.79,116.09,1
WELL-04,2026-07-07T16:00,119.85,167.51,1397.64,31.01,1322.35,107.58,51.7,8.93,119.96,1
WELL-04,2026-07-07T17:00,124.38,157.07,1262.81,31.24,1342.65,104.02,49.5,8.1,116.77,1
WELL-04,2026-07-07T18:00,118.96,152.0,1277.73,32.45,1380.73,105.82,51.6,8.12,117.95,1
WELL-04,2026-07-07T19:00,117.6,158.58,1348.4,32.48,1391.98,103.63,49.2,7.47,118.41,1
WELL-04,2026-07-07T20:00,118.02,164.82,1396.5,32.31,1327.53,108.56,49.9,8.72,116.44,1
WELL-04,2026-07-07T21:00,117.17,152.3,1299.79,32.34,1385.84,104.33,55.3,8.47,111.82,1
WELL-04,2026-07-07T22:00,118.24,158.49,1340.37,30.97,1307.01,105.66,53.5,8.45,118.67,1
WELL-04,2026-07-07T23:00,122.79,169.52,1380.53,30.92,1351.82,106.33,51.2,9.19,118.71,1
WELL-04,2026-07-08T00:00,123.37,172.48,1398.08,31.09,1308.76,109.09,51.9,9.1,115.39,1
WELL-04,2026-07-08T01:00,116.98,154.12,1317.45,32.12,1408.77,106.59,53.1,8.35,122.24,1
WELL-04,2026-07-08T02:00,121.73,168.63,1385.2,32.28,1369.58,108.35,49.3,8.89,113.09,1
WELL-04,2026-07-08T03:00,122.63,161.46,1316.6,30.4,1374.63,103.47,53.6,8.44,118.29,1
WELL-04,2026-07-08T04:00,122.31,172.63,1411.47,32.49,1339.51,104.44,53.2,8.53,115.94,1
WELL-04,2026-07-08T05:00,122.75,165.92,1351.61,30.7,1354.89,107.94,53.3,8.12,122.15,1
WELL-04,2026-07-08T06:00,118.67,166.94,1406.75,30.51,1322.82,105.96,49.0,7.53,118.35,1
WELL-04,2026-07-08T07:00,124.91,163.18,1306.35,30.46,1370.38,108.27,48.2,8.6,113.92,1
WELL-04,2026-07-08T08:00,121.93,170.94,1401.91,31.38,1371.74,104.22,49.2,7.55,122.07,1
WELL-04,2026-07-08T09:00,123.32,167.84,1361.04,31.24,1303.37,103.92,48.9,8.99,120.92,1
WELL-04,2026-07-08T10:00,124.9,171.36,1371.99,32.19,1383.78,108.79,51.6,7.65,111.92,1
WELL-04,2026-07-08T11:00,122.8,171.07,1393.09,30.54,1405.95,107.54,48.1,8.23,120.54,1
WELL-04,2026-07-08T12:00,125.79,175.43,1394.63,29.95,1377.95,104.99,50.8,8.5,120.49,1
WELL-04,2026-07-08T13:00,114.84,151.63,1320.29,31.21,1316.91,107.52,52.8,9.16,113.66,1
WELL-04,2026-07-08T14:00,125.32,168.15,1341.79,32.62,1345.15,107.03,55.7,7.38,120.81,1
WELL-04,2026-07-08T15:00,123.26,158.64,1287.07,31.18,1313.72,103.24,49.5,8.29,115.06,1
WELL-04,2026-07-08T16:00,121.34,154.66,1274.62,30.42,1334.92,106.17,52.7,7.34,112.77,1
WELL-04,2026-07-08T17:00,125.56,166.46,1325.72,31.09,1320.9,105.72,49.4,9.09,115.2,1
WELL-04,2026-07-08T18:00,122.08,161.91,1326.28,32.22,1320.73,106.21,50.6,8.64,120.06,1
WELL-04,2026-07-08T19:00,117.53,149.97,1275.99,31.22,1327.15,104.08,51.5,7.41,115.71,1
WELL-04,2026-07-08T20:00,117.04,160.52,1371.52,30.26,1409.97,103.72,54.3,8.32,117.45,1
WELL-04,2026-07-08T21:00,114.88,147.03,1279.81,32.76,1395.84,105.86,54.4,7.47,111.93,1
WELL-04,2026-07-08T22:00,115.84,160.44,1384.96,32.79,1364.63,104.56,53.8,8.58,117.8,1
WELL-04,2026-07-08T23:00,115.67,156.12,1349.69,31.66,1350.83,104.2,53.2,7.61,116.93,1
WELL-04,2026-07-09T00:00,115.54,154.11,1333.81,31.42,1380.27,103.7,52.9,8.56,119.29,1
WELL-04,2026-07-09T01:00,448.37,504.57,1125.35,21.61,2204.55,85.56,76.5,1.74,41.44,0
WELL-04,2026-07-09T02:00,427.74,485.24,1134.44,20.79,2229.38,83.59,73.3,1.66,39.32,0
WELL-04,2026-07-09T03:00,426.6,461.77,1082.44,20.24,2238.76,81.58,77.7,1.98,43.18,0
WELL-04,2026-07-09T04:00,447.2,486.07,1086.92,20.6,2149.48,85.54,73.2,1.96,41.07,0
WELL-04,2026-07-09T05:00,412.16,420.6,1020.48,21.09,2262.78,82.57,75.2,1.82,41.85,0
WELL-04,2026-07-09T06:00,430.47,434.71,1009.85,20.02,2215.36,82.57,69.9,1.82,39.29,0
WELL-04,2026-07-09T07:00,418.91,461.87,1102.55,20.07,2137.15,85.64,72.0,1.84,41.87,0
WELL-04,2026-07-09T08:00,446.27,475.47,1065.43,21.22,2135.07,83.8,72.4,1.97,39.18,0
WELL-04,2026-07-09T09:00,423.47,460.54,1087.52,20.53,2218.78,86.58,70.7,1.67,39.36,0
WELL-04,2026-07-09T10:00,413.48,454.31,1098.74,20.17,2228.73,82.68,69.6,1.94,40.25,0
WELL-04,2026-07-09T11:00,436.21,442.34,1014.05,20.78,2194.05,83.3,79.2,1.63,41.93,0
WELL-04,2026-07-09T12:00,418.46,449.01,1073.0,21.62,2136.19,86.02,70.6,1.81,42.21,0
WELL-04,2026-07-09T13:00,449.62,497.23,1105.88,21.12,2201.09,83.98,69.0,1.85,41.03,0
WELL-04,2026-07-09T14:00,430.85,467.75,1085.65,20.72,2256.34,86.45,72.3,1.84,40.98,0
WELL-04,2026-07-09T15:00,425.04,451.97,1063.36,20.66,2212.37,85.31,68.7,1.9,41.37,0
WELL-04,2026-07-09T16:00,439.75,491.56,1117.82,21.07,2242.18,85.12,68.6,1.85,41.22,0
WELL-04,2026-07-09T17:00,442.38,471.79,1066.49,20.99,2219.06,82.99,76.4,1.6,39.96,0
WELL-04,2026-07-09T18:00,413.81,465.4,1124.67,20.51,2159.28,82.77,77.7,1.92,40.92,0
WELL-04,2026-07-09T19:00,442.24,445.85,1008.16,20.57,2142.23,86.03,78.6,1.73,38.57,0
WELL-04,2026-07-09T20:00,423.23,470.86,1112.53,20.38,2171.66,82.05,70.5,1.95,41.83,0
WELL-04,2026-07-09T21:00,440.88,484.55,1099.04,20.25,2201.52,81.64,77.6,1.78,40.89,0
WELL-04,2026-07-09T22:00,417.5,458.83,1099.02,21.26,2213.64,85.81,77.7,1.8,39.17,0
WELL-04,2026-07-09T23:00,429.43,470.29,1095.15,20.14,2199.49,86.58,72.7,1.68,42.18,0
WELL-04,2026-07-10T00:00,447.93,481.88,1075.79,20.13,2275.22,83.17,72.8,1.73,38.96,0
WELL-04,2026-07-10T01:00,428.4,437.5,1021.23,20.42,2140.29,83.92,68.7,1.98,39.87,0
WELL-04,2026-07-10T02:00,420.65,450.08,1069.97,21.97,2259.98,85.07,79.0,1.94,39.0,0
WELL-04,2026-07-10T03:00,444.85,501.05,1126.33,21.59,2159.82,86.4,76.0,1.87,42.26,0
WELL-04,2026-07-10T04:00,432.87,450.44,1040.58,21.58,2234.93,82.36,75.6,1.59,41.02,0
WELL-04,2026-07-10T05:00,444.07,499.05,1123.8,20.01,2234.91,82.13,73.8,1.92,42.34,0
WELL-04,2026-07-10T06:00,431.48,460.07,1066.27,20.17,2167.4,85.18,75.9,1.69,41.64,0
WELL-04,2026-07-10T07:00,428.7,449.2,1047.83,21.15,2224.75,82.03,79.2,1.81,40.09,0
WELL-04,2026-07-10T08:00,449.57,457.56,1017.77,20.35,2122.39,82.46,69.6,1.91,41.18,0
WELL-04,2026-07-10T09:00,432.5,451.72,1044.45,21.27,2259.92,83.08,69.5,1.72,39.03,0
WELL-04,2026-07-10T10:00,434.34,460.92,1061.18,21.23,2234.68,82.12,79.4,1.75,42.55,0
WELL-04,2026-07-10T11:00,417.58,430.21,1030.25,20.66,2168.26,85.2,70.9,1.88,39.66,0
WELL-04,2026-07-10T12:00,425.29,482.06,1133.5,20.15,2121.2,81.84,79.8,1.61,41.7,0
WELL-04,2026-07-10T13:00,428.79,458.56,1069.43,20.45,2148.55,82.48,74.3,1.6,40.54,0
WELL-04,2026-07-10T14:00,411.15,430.56,1047.2,20.26,2117.91,85.44,74.0,1.66,43.12,0
WELL-04,2026-07-10T15:00,429.99,450.82,1048.43,21.98,2108.96,82.9,77.6,1.86,40.75,0
WELL-04,2026-07-10T16:00,424.9,442.34,1041.04,20.9,2167.8,83.66,76.5,1.78,39.79,0
WELL-04,2026-07-10T17:00,429.86,469.63,1092.52,20.12,2256.17,83.28,71.7,1.63,38.92,0
WELL-04,2026-07-10T18:00,422.19,444.17,1052.07,20.83,2146.3,83.14,72.2,1.88,42.99,0
WELL-04,2026-07-10T19:00,438.17,458.2,1045.71,20.95,2108.15,81.99,74.5,1.98,42.27,0
WELL-04,2026-07-10T20:00,432.12,448.95,1038.95,21.3,2222.06,83.74,79.5,1.83,40.05,0
WELL-04,2026-07-10T21:00,446.1,460.47,1032.22,20.24,2227.49,84.4,73.6,1.62,40.53,0
WELL-04,2026-07-10T22:00,413.37,468.0,1132.17,20.52,2102.66,84.5,70.0,1.75,41.17,0
WELL-04,2026-07-10T23:00,448.12,467.4,1043.03,21.06,2103.47,85.19,68.6,2.0,41.76,0
WELL-04,2026-07-11T00:00,445.15,501.67,1126.95,20.91,2209.14,83.13,69.7,1.95,40.99,0
WELL-04,2026-07-11T01:00,430.48,454.87,1056.67,20.74,2270.35,81.89,69.2,1.85,41.19,0
WELL-04,2026-07-11T02:00,443.2,476.77,1075.75,19.9,2102.92,85.97,77.6,1.59,40.65,0
WELL-04,2026-07-11T03:00,436.61,478.5,1095.95,20.37,2237.33,83.87,69.0,1.86,40.87,0
WELL-04,2026-07-11T04:00,447.83,457.53,1021.67,20.06,2160.11,86.19,77.3,1.91,40.83,0
WELL-04,2026-07-11T05:00,424.88,442.89,1042.39,21.28,2230.15,84.74,75.4,1.66,38.42,0
WELL-04,2026-07-11T06:00,439.92,491.5,1117.25,20.74,2215.97,82.25,68.4,1.71,41.67,0
WELL-04,2026-07-11T07:00,440.14,473.0,1074.64,21.23,2214.14,85.6,70.5,1.89,40.96,0
WELL-04,2026-07-11T08:00,418.18,454.02,1085.72,20.63,2156.33,83.38,77.2,1.82,40.51,0
WELL-04,2026-07-11T09:00,422.27,429.03,1016.0,20.36,2154.17,83.54,73.0,2.0,41.54,0
WELL-04,2026-07-11T10:00,438.36,486.52,1109.85,21.63,2253.64,82.51,72.4,1.77,40.3,0
WELL-04,2026-07-11T11:00,436.2,452.54,1037.46,20.48,2157.22,85.23,70.9,1.73,43.11,0
WELL-04,2026-07-11T12:00,414.82,431.44,1040.05,21.9,2233.3,84.93,79.0,1.7,39.27,0
WELL-04,2026-07-11T13:00,423.84,433.17,1022.02,21.29,2260.88,86.35,71.3,1.64,42.95,0
WELL-04,2026-07-11T14:00,410.15,416.69,1015.95,21.13,2139.05,83.33,70.9,1.67,41.46,0
WELL-04,2026-07-11T15:00,432.96,477.63,1103.18,21.92,2198.79,84.46,78.9,1.68,40.76,0
WELL-04,2026-07-11T16:00,437.0,451.04,1032.13,21.22,2123.55,83.82,74.5,1.65,39.88,0
WELL-04,2026-07-11T17:00,436.71,488.99,1119.71,20.64,2165.85,85.92,73.5,1.79,41.26,0
WELL-04,2026-07-11T18:00,446.71,450.81,1009.19,20.81,2250.85,85.42,74.5,1.78,40.02,0
WELL-04,2026-07-11T19:00,443.93,476.07,1072.4,20.62,2242.93,82.43,70.4,1.99,39.39,0
WELL-04,2026-07-11T20:00,425.69,462.57,1086.62,20.59,2214.81,81.98,73.2,1.94,42.53,0
WELL-04,2026-07-11T21:00,448.2,462.74,1032.46,19.99,2202.01,85.65,77.0,1.63,43.15,0
WELL-04,2026-07-11T22:00,432.14,479.32,1109.2,20.28,2263.4,84.66,73.8,1.62,41.48,0
WELL-04,2026-07-11T23:00,434.25,442.64,1019.33,21.22,2184.14,83.7,75.3,1.83,42.59,0
WELL-04,2026-07-12T00:00,442.11,494.06,1117.49,20.94,2153.48,85.4,73.9,1.73,39.94,0
WELL-04,2026-07-12T01:00,428.09,466.63,1090.04,20.12,2205.16,86.58,71.2,1.99,38.57,0
WELL-04,2026-07-12T02:00,433.53,464.58,1071.62,21.4,2190.99,83.36,78.3,1.64,42.27,0
WELL-04,2026-07-12T03:00,450.36,490.72,1089.61,20.36,2144.91,83.65,76.8,1.98,40.6,0
WELL-04,2026-07-12T04:00,450.71,463.75,1028.94,20.25,2106.68,82.08,77.3,1.7,41.47,0
WELL-04,2026-07-12T05:00,422.33,452.16,1070.64,21.09,2247.03,83.34,75.9,1.84,40.79,0
WELL-04,2026-07-12T06:00,442.26,463.38,1047.76,20.76,2241.56,86.19,69.7,2.01,40.85,0
WELL-04,2026-07-12T07:00,419.55,448.1,1068.05,21.95,2134.85,83.08,68.9,1.93,39.3,0
WELL-04,2026-07-12T08:00,433.62,456.91,1053.71,19.95,2146.8,85.94,75.1,1.94,40.58,0
WELL-04,2026-07-12T09:00,451.14,511.45,1133.7,21.63,2228.82,84.99,76.6,1.85,41.5,0
WELL-04,2026-07-12T10:00,443.05,482.39,1088.79,20.11,2158.65,82.87,78.2,1.73,42.49,0
WELL-04,2026-07-12T11:00,433.45,451.25,1041.07,21.41,2233.04,84.81,69.0,1.92,41.81,0
WELL-04,2026-07-12T12:00,432.58,471.68,1090.39,20.04,2109.01,81.9,73.7,1.71,42.3,0
WELL-04,2026-07-12T13:00,428.8,439.92,1025.94,21.23,2102.52,83.33,71.9,2.02,39.56,0
WELL-04,2026-07-12T14:00,433.55,456.82,1053.66,21.54,2249.52,86.12,69.4,2.0,39.22,0
WELL-04,2026-07-12T15:00,417.55,426.66,1021.83,20.73,2209.36,82.62,68.6,1.59,41.65,0
WELL-04,2026-07-12T16:00,440.73,471.89,1070.71,21.26,2195.97,84.13,70.6,1.96,40.45,0
WELL-04,2026-07-12T17:00,452.87,507.9,1121.51,20.87,2273.54,84.54,79.1,1.69,42.28,0
WELL-04,2026-07-12T18:00,445.13,473.41,1063.53,19.94,2129.74,81.96,72.0,1.99,42.81,0
WELL-04,2026-07-12T19:00,451.46,459.43,1017.64,20.09,2241.79,82.27,71.4,1.95,38.94,0
WELL-04,2026-07-12T20:00,424.46,481.01,1133.22,21.03,2241.06,83.03,73.1,2.0,42.49,0
WELL-04,2026-07-12T21:00,427.43,459.54,1075.12,20.18,2128.4,82.39,71.5,1.99,42.13,0
WELL-04,2026-07-12T22:00,414.4,421.36,1016.78,21.39,2102.17,85.71,72.6,1.68,40.01,0
WELL-04,2026-07-12T23:00,440.37,478.69,1087.01,21.53,2252.07,84.73,72.3,1.68,41.56,0
WELL-04,2026-07-13T00:00,445.54,479.3,1075.77,21.8,2195.69,85.46,78.2,1.87,39.67,0
WELL-04,2026-07-13T01:00,436.44,468.86,1074.28,21.73,2140.56,85.79,73.9,1.7,38.69,0
WELL-04,2026-07-13T02:00,433.45,472.29,1089.59,21.48,2218.78,83.05,68.4,1.78,42.17,0
WELL-04,2026-07-13T03:00,420.03,467.81,1113.76,21.23,2259.73,83.13,79.6,1.62,42.69,0
WELL-04,2026-07-13T04:00,429.45,463.83,1080.05,21.85,2215.15,85.28,79.0,1.81,38.41,0
WELL-04,2026-07-13T05:00,409.88,434.58,1060.25,21.51,2198.28,85.07,72.2,1.99,38.48,0
WELL-04,2026-07-13T06:00,441.16,459.54,1041.67,21.98,2193.52,84.68,76.4,1.74,42.88,0
WELL-04,2026-07-13T07:00,442.94,465.59,1051.15,21.59,2213.17,82.51,72.3,1.73,39.62,0
WELL-04,2026-07-13T08:00,440.68,485.68,1102.11,20.3,2173.03,82.36,70.0,2.01,42.69,0
WELL-04,2026-07-13T09:00,425.55,446.16,1048.43,20.38,2224.49,84.01,69.0,1.9,39.54,0
WELL-04,2026-07-13T10:00,413.05,455.98,1103.93,20.63,2223.47,82.58,71.3,1.67,41.64,0
WELL-04,2026-07-13T11:00,442.85,465.98,1052.23,20.87,2270.98,85.03,68.3,1.62,40.77,0
WELL-04,2026-07-13T12:00,423.64,431.86,1019.39,19.99,2122.88,85.15,74.7,1.89,42.96,0
WELL-04,2026-07-13T13:00,442.48,454.79,1027.82,21.75,2123.43,83.12,74.5,1.82,41.84,0
WELL-04,2026-07-13T14:00,437.54,470.53,1075.38,21.86,2104.59,85.49,75.0,1.62,41.02,0
WELL-04,2026-07-13T15:00,418.02,461.64,1104.35,21.84,2137.94,83.97,72.2,2.01,43.01,0
WELL-04,2026-07-13T16:00,421.32,455.78,1081.78,19.96,2196.53,83.52,77.9,1.77,41.95,0
WELL-04,2026-07-13T17:00,434.7,463.26,1065.68,21.51,2258.48,86.43,73.7,1.67,43.12,0
WELL-04,2026-07-13T18:00,428.53,440.38,1027.67,21.06,2186.74,83.59,78.7,1.82,42.48,0
WELL-04,2026-07-13T19:00,445.74,484.88,1087.8,20.35,2168.69,85.88,70.7,1.61,39.64,0
WELL-04,2026-07-13T20:00,449.65,458.92,1020.63,21.35,2191.98,84.55,79.2,1.9,40.64,0
WELL-04,2026-07-13T21:00,442.91,480.95,1085.88,20.82,2117.74,82.23,71.3,1.92,38.9,0
WELL-04,2026-07-13T22:00,443.82,466.15,1050.3,21.62,2138.56,84.5,77.4,1.75,42.25,0
WELL-04,2026-07-13T23:00,430.84,443.39,1029.12,20.74,2152.82,85.67,79.1,1.8,39.11,0
WELL-04,2026-07-14T00:00,425.6,453.08,1064.56,21.49,2104.88,83.07,72.4,1.96,39.07,0
WELL-04,2026-07-14T01:00,431.93,466.04,1078.98,19.9,2263.78,84.23,70.3,1.6,40.35,0
WELL-04,2026-07-14T02:00,452.24,457.9,1012.52,20.72,2220.06,86.02,68.4,1.76,41.1,0
WELL-04,2026-07-14T03:00,414.61,429.1,1034.94,20.53,2225.12,82.56,77.2,1.6,41.73,0
WELL-04,2026-07-14T04:00,414.09,420.01,1014.29,21.93,2239.99,84.35,79.5,1.91,38.87,0
WELL-04,2026-07-14T05:00,446.9,493.32,1103.87,20.29,2175.03,84.42,75.1,1.91,40.54,0
WELL-04,2026-07-14T06:00,441.14,469.02,1063.19,21.21,2227.58,84.36,68.6,1.75,38.4,0
WELL-04,2026-07-14T07:00,447.56,486.07,1086.04,21.05,2197.47,83.69,68.8,1.6,39.32,0
WELL-04,2026-07-14T08:00,441.84,478.22,1082.33,21.18,2186.04,85.3,78.3,1.63,42.0,0
WELL-04,2026-07-14T09:00,448.75,507.68,1131.31,21.46,2264.03,84.33,69.0,1.83,42.49,0
WELL-04,2026-07-14T10:00,416.53,433.22,1040.07,20.86,2151.55,86.11,75.4,1.64,43.03,0
WELL-04,2026-07-14T11:00,422.38,435.98,1032.2,20.17,2231.39,84.31,78.1,1.92,40.06,0
WELL-04,2026-07-14T12:00,432.76,438.02,1012.16,19.97,2157.74,85.93,77.8,1.72,38.79,0
WELL-04,2026-07-14T13:00,423.2,433.64,1024.67,21.25,2243.37,84.08,71.6,1.9,41.97,0
WELL-04,2026-07-14T14:00,448.63,460.21,1025.82,21.31,2268.91,84.15,75.9,1.78,40.29,0
WELL-04,2026-07-14T15:00,450.88,479.99,1064.56,20.3,2216.3,82.14,77.2,1.67,40.59,0
WELL-04,2026-07-14T16:00,439.83,447.75,1018.0,20.33,2214.22,82.83,69.6,1.79,41.54,0
WELL-04,2026-07-14T17:00,415.96,440.0,1057.81,19.89,2119.1,82.49,71.5,1.92,39.78,0
WELL-04,2026-07-14T18:00,442.19,486.57,1100.36,21.19,2169.24,83.21,71.2,1.61,41.5,0
WELL-04,2026-07-14T19:00,439.98,471.17,1070.87,20.75,2178.48,83.38,75.9,1.62,38.46,0
WELL-04,2026-07-14T20:00,425.77,433.57,1018.31,20.22,2135.88,82.78,79.4,2.01,40.43,0
WELL-04,2026-07-14T21:00,429.87,483.82,1125.52,21.71,2244.81,82.63,72.9,1.77,39.7,0
WELL-04,2026-07-14T22:00,417.59,423.59,1014.36,21.87,2169.87,84.33,77.0,1.72,38.33,0
WELL-04,2026-07-14T23:00,414.09,462.5,1116.92,21.93,2219.36,83.59,78.3,1.91,39.49,0
WELL-04,2026-07-15T00:00,445.14,460.48,1034.48,20.09,2194.98,84.83,72.0,2.01,38.67,0
WELL-04,2026-07-15T01:00,445.43,481.64,1081.3,20.16,2257.64,86.09,78.9,1.73,38.79,0
WELL-04,2026-07-15T02:00,414.56,438.77,1058.39,21.59,2107.92,86.4,69.0,1.62,40.13,0
WELL-04,2026-07-15T03:00,439.72,444.76,1011.45,21.13,2171.73,85.7,79.0,1.7,39.01,0
WELL-04,2026-07-15T04:00,432.42,437.2,1011.06,20.68,2103.78,81.74,70.9,1.69,41.15,0
WELL-04,2026-07-15T05:00,412.88,419.48,1015.98,21.33,2188.6,84.35,72.1,1.73,42.09,0
WELL-04,2026-07-15T06:00,425.11,440.27,1035.64,19.92,2101.68,84.47,68.7,1.96,38.8,0
WELL-04,2026-07-15T07:00,430.17,466.67,1084.83,20.86,2234.08,84.87,76.2,1.89,40.16,0
WELL-04,2026-07-15T08:00,439.55,443.08,1008.04,21.11,2268.31,85.0,79.6,1.8,39.15,0
WELL-04,2026-07-15T09:00,410.1,452.94,1104.46,20.36,2230.87,86.18,78.7,1.83,41.54,0
WELL-04,2026-07-15T10:00,417.75,450.62,1078.67,20.86,2156.1,84.52,79.2,1.66,42.45,0
WELL-04,2026-07-15T11:00,450.9,467.45,1036.72,21.65,2158.95,84.7,75.8,1.74,41.41,0
WELL-04,2026-07-15T12:00,445.97,480.58,1077.61,21.91,2216.86,84.9,68.3,1.61,40.64,0
WELL-04,2026-07-15T13:00,421.49,476.97,1131.63,21.44,2216.17,84.43,71.5,1.96,42.33,0
WELL-04,2026-07-15T14:00,429.13,485.92,1132.33,21.56,2144.09,82.11,71.8,1.61,43.08,0
WELL-04,2026-07-15T15:00,432.89,470.25,1086.32,19.92,2267.93,81.97,68.0,1.91,41.12,0
WELL-04,2026-07-15T16:00,422.65,458.14,1083.98,20.54,2274.29,84.39,71.1,1.75,39.99,0
WELL-04,2026-07-15T17:00,443.08,448.12,1011.38,20.71,2273.99,86.3,78.7,1.75,39.72,0
WELL-04,2026-07-15T18:00,443.9,478.1,1077.04,20.11,2161.93,86.57,70.9,1.98,42.03,0
WELL-04,2026-07-15T19:00,443.82,477.67,1076.28,20.21,2110.53,86.49,70.1,1.99,42.05,0
WELL-04,2026-07-15T20:00,422.93,469.93,1111.14,19.94,2179.68,82.99,74.7,1.8,42.84,0
WELL-04,2026-07-15T21:00,435.1,442.45,1016.89,21.1,2158.98,82.46,68.9,1.8,41.53,0
WELL-04,2026-07-15T22:00,439.94,461.36,1048.67,20.6,2192.27,83.1,69.0,1.94,38.41,0
WELL-04,2026-07-15T23:00,442.79,459.78,1038.38,20.64,2114.97,82.28,69.8,1.69,41.04,0
WELL-04,2026-07-16T00:00,410.39,435.97,1062.34,21.32,2217.57,83.57,74.3,1.85,40.23,0
WELL-04,2026-07-16T01:00,443.28,454.82,1026.03,20.8,2174.4,82.0,74.6,1.75,40.64,0
WELL-04,2026-07-16T02:00,419.37,450.08,1073.24,19.95,2249.76,86.38,79.3,1.67,40.53,0
WELL-04,2026-07-16T03:00,435.67,451.7,1036.79,20.94,2200.44,81.97,73.6,1.71,42.9,0
WELL-04,2026-07-16T04:00,416.03,450.84,1083.67,20.38,2182.54,86.44,79.4,1.98,41.68,0
WELL-04,2026-07-16T05:00,446.0,497.57,1115.63,19.99,2265.78,83.19,71.5,1.8,42.43,0
WELL-04,2026-07-16T06:00,430.86,477.59,1108.46,21.63,2192.71,84.13,79.0,1.77,40.78,0
WELL-04,2026-07-16T07:00,443.76,485.26,1093.51,21.43,2271.67,83.63,77.3,1.89,41.25,0
WELL-04,2026-07-16T08:00,451.57,472.78,1046.97,21.24,2266.24,85.94,79.5,1.71,42.72,0
WELL-04,2026-07-16T09:00,427.54,455.27,1064.86,21.86,2193.04,85.29,78.7,1.82,42.07,0
WELL-04,2026-07-16T10:00,431.48,471.45,1092.63,20.28,2262.68,85.24,76.4,1.96,41.24,0
WELL-04,2026-07-16T11:00,428.72,456.74,1065.34,19.96,2235.05,85.86,69.4,1.77,40.52,0
WELL-04,2026-07-16T12:00,424.56,436.05,1027.06,21.74,2166.66,82.66,73.3,1.75,42.63,0
WELL-04,2026-07-16T13:00,414.79,419.02,1010.19,20.95,2118.63,84.19,79.5,1.75,42.11,0
WELL-04,2026-07-16T14:00,449.45,474.36,1055.4,20.29,2272.67,83.88,70.5,1.99,40.87,0
WELL-04,2026-07-16T15:00,427.73,455.55,1065.05,20.68,2227.56,84.97,73.6,1.89,42.09,0
WELL-04,2026-07-16T16:00,446.69,476.87,1067.57,21.5,2113.29,83.18,72.1,1.86,38.8,0
WELL-04,2026-07-16T17:00,449.95,492.01,1093.48,21.27,2192.87,86.54,76.5,1.79,42.29,0
WELL-04,2026-07-16T18:00,421.53,440.08,1044.01,20.69,2127.25,84.83,72.9,1.74,39.42,0
WELL-04,2026-07-16T19:00,446.74,454.23,1016.75,20.42,2211.73,85.43,78.4,1.95,42.67,0
WELL-04,2026-07-16T20:00,412.79,455.46,1103.36,20.89,2250.27,82.86,71.9,1.59,41.05,0
WELL-04,2026-07-16T21:00,436.11,444.37,1018.93,21.48,2179.43,85.4,72.8,1.98,41.62,0
WELL-04,2026-07-16T22:00,424.79,460.13,1083.19,21.05,2235.71,84.81,78.5,1.64,41.35,0
WELL-04,2026-07-16T23:00,444.23,491.14,1105.6,20.14,2215.14,82.01,69.4,1.89,42.25,0
WELL-04,2026-07-17T00:00,417.63,456.36,1092.76,20.65,2259.36,83.76,74.8,1.97,38.3,0
WELL-04,2026-07-17T01:00,419.98,456.57,1087.13,20.86,2201.76,84.61,72.6,1.88,38.98,0
WELL-04,2026-07-17T02:00,438.47,486.54,1109.62,21.26,2176.83,84.69,76.1,1.67,41.36,0
WELL-04,2026-07-17T03:00,422.12,440.99,1044.71,21.38,2140.68,86.07,72.6,1.79,38.72,0
WELL-04,2026-07-17T04:00,414.93,429.6,1035.36,20.75,2246.28,83.63,70.9,1.9,39.05,0
WELL-04,2026-07-17T05:00,450.61,477.82,1060.39,19.91,2155.09,83.17,69.9,1.98,41.63,0
WELL-04,2026-07-17T06:00,418.45,443.95,1060.94,21.73,2178.51,84.99,79.4,1.83,41.68,0
WELL-04,2026-07-17T07:00,432.74,480.37,1110.06,20.28,2197.19,85.6,74.3,1.61,41.75,0
WELL-04,2026-07-17T08:00,424.86,431.05,1014.58,20.41,2166.71,82.56,79.4,1.71,42.71,0
WELL-04,2026-07-17T09:00,451.53,499.69,1106.64,21.65,2139.67,84.7,75.1,2.02,38.86,0
WELL-04,2026-07-17T10:00,420.25,476.79,1134.53,20.61,2184.65,84.33,71.2,1.85,39.39,0
WELL-04,2026-07-17T11:00,441.45,499.83,1132.24,20.5,2253.62,82.9,69.6,1.77,39.0,0
WELL-04,2026-07-17T12:00,413.42,416.59,1007.67,20.63,2168.86,84.51,76.4,1.7,40.41,0
WELL-04,2026-07-17T13:00,447.78,498.38,1113.0,21.35,2203.48,84.19,76.4,1.99,41.75,0
WELL-04,2026-07-17T14:00,441.8,453.27,1025.95,21.64,2230.36,83.68,69.4,1.72,42.48,0
WELL-04,2026-07-17T15:00,425.28,469.46,1103.89,21.06,2207.08,85.65,76.6,1.69,40.26,0
WELL-04,2026-07-17T16:00,431.66,438.66,1016.22,20.04,2269.69,85.17,72.7,1.86,39.75,0
WELL-04,2026-07-17T17:00,446.13,480.12,1076.17,20.54,2235.87,82.8,76.4,1.75,40.12,0
WELL-04,2026-07-17T18:00,419.22,444.95,1061.36,20.88,2169.6,82.36,77.9,2.02,42.37,0
WELL-04,2026-07-17T19:00,425.7,467.51,1098.2,21.44,2262.95,81.86,74.5,1.8,42.09,0
WELL-04,2026-07-17T20:00,423.96,438.12,1033.4,20.33,2264.38,81.88,72.1,1.89,41.0,0
WELL-04,2026-07-17T21:00,411.1,430.87,1048.1,20.1,2131.66,84.46,74.5,1.71,39.83,0
WELL-04,2026-07-17T22:00,412.4,467.83,1134.39,21.5,2239.54,84.77,73.7,2.0,41.13,0
WELL-04,2026-07-17T23:00,446.03,476.0,1067.18,21.63,2272.39,84.79,78.8,1.83,39.29,0
WELL-04,2026-07-18T00:00,414.45,445.07,1073.88,20.67,2170.25,84.64,75.8,1.75,41.01,0
WELL-04,2026-07-18T01:00,436.1,476.0,1091.5,19.95,2152.05,82.82,74.6,1.82,40.02,0
WELL-04,2026-07-18T02:00,434.2,486.05,1119.43,20.82,2224.86,85.72,72.5,1.68,42.55,0
WELL-04,2026-07-18T03:00,421.23,456.44,1083.59,21.05,2263.24,83.05,74.6,1.91,41.77,0
WELL-04,2026-07-18T04:00,410.26,445.03,1084.75,21.81,2124.93,86.28,76.7,1.87,39.24,0
WELL-04,2026-07-18T05:00,422.47,464.51,1099.51,20.2,2104.26,84.63,77.1,1.98,42.77,0
WELL-04,2026-07-18T06:00,430.19,487.66,1133.6,20.46,2233.56,85.77,79.6,1.59,39.57,0
WELL-04,2026-07-18T07:00,437.57,446.52,1020.46,21.01,2153.22,85.57,73.9,1.8,38.41,0
WELL-04,2026-07-18T08:00,419.32,456.12,1087.77,20.27,2111.2,81.83,76.0,1.87,42.05,0
WELL-04,2026-07-18T09:00,424.1,435.0,1025.7,20.52,2229.47,84.15,71.3,1.95,40.87,0
WELL-04,2026-07-18T10:00,448.96,508.47,1132.56,20.89,2125.21,81.64,71.6,1.74,42.12,0
WELL-04,2026-07-18T11:00,441.16,448.86,1017.44,20.25,2143.21,85.35,74.2,1.85,39.02,0
WELL-04,2026-07-18T12:00,432.65,469.94,1086.18,21.24,2126.57,85.12,74.4,1.79,41.04,0
WELL-04,2026-07-18T13:00,448.33,469.04,1046.2,21.29,2130.18,85.17,70.5,1.77,42.59,0
WELL-04,2026-07-18T14:00,439.92,487.54,1108.23,20.39,2178.77,82.29,77.9,1.61,41.7,0
WELL-04,2026-07-18T15:00,420.29,448.69,1067.58,21.46,2266.17,85.95,73.8,1.78,38.51,0
WELL-04,2026-07-18T16:00,411.75,452.46,1098.89,20.7,2175.6,83.17,79.2,1.93,42.97,0
WELL-04,2026-07-18T17:00,442.84,501.1,1131.57,21.43,2244.46,86.31,68.5,1.77,43.1,0
WELL-04,2026-07-18T18:00,425.46,428.51,1007.17,21.06,2187.04,83.89,68.4,1.95,42.31,0
WELL-04,2026-07-18T19:00,414.05,437.96,1057.75,20.36,2129.22,84.59,69.0,1.76,41.44,0
WELL-04,2026-07-18T20:00,443.78,494.04,1113.26,20.22,2123.89,81.95,74.7,1.68,38.91,0
WELL-04,2026-07-18T21:00,431.87,436.4,1010.48,21.63,2195.33,85.13,78.1,1.97,43.0,0
WELL-04,2026-07-18T22:00,413.89,448.88,1084.53,20.65,2151.34,84.47,77.3,1.9,39.86,0
WELL-04,2026-07-18T23:00,413.18,438.82,1062.07,20.93,2203.51,82.18,69.7,1.95,40.72,0
WELL-04,2026-07-19T00:00,435.51,453.81,1042.02,21.45,2189.29,84.41,77.3,1.81,42.13,0
WELL-04,2026-07-19T01:00,410.9,418.85,1019.34,21.79,2264.67,83.3,74.3,1.84,42.0,0
WELL-04,2026-07-19T02:00,439.78,445.34,1012.64,20.05,2202.66,84.71,68.5,1.98,41.02,0
WELL-04,2026-07-19T03:00,413.12,441.39,1068.43,21.52,2216.91,83.4,79.0,1.77,41.48,0
WELL-04,2026-07-19T04:00,446.91,479.91,1073.84,21.29,2175.22,83.76,73.5,1.78,39.87,0
WELL-04,2026-07-19T05:00,439.52,489.96,1114.77,21.71,2212.23,83.82,78.3,1.75,39.13,0
WELL-04,2026-07-19T06:00,425.29,439.36,1033.09,21.88,2115.79,86.24,77.0,1.76,41.11,0
WELL-04,2026-07-19T07:00,416.57,472.26,1133.7,20.91,2215.83,86.44,69.3,1.66,40.55,0
WELL-04,2026-07-19T08:00,445.42,459.2,1030.95,20.32,2275.13,83.29,69.9,1.61,41.99,0
WELL-04,2026-07-19T09:00,429.47,450.63,1049.27,20.68,2249.69,83.84,77.2,1.64,42.63,0
WELL-04,2026-07-19T10:00,437.05,441.58,1010.37,20.02,2169.04,81.74,72.6,1.88,41.38,0
WELL-04,2026-07-19T11:00,433.37,465.3,1073.67,21.07,2190.3,85.05,76.6,1.94,42.45,0
WELL-04,2026-07-19T12:00,433.02,453.53,1047.36,21.66,2182.23,86.53,71.5,1.6,42.73,0
WELL-04,2026-07-19T13:00,414.71,441.53,1064.67,20.99,2187.11,84.11,76.9,1.88,42.48,0
WELL-04,2026-07-19T14:00,419.08,438.35,1045.98,20.02,2202.63,84.81,71.9,1.81,40.89,0
WELL-04,2026-07-19T15:00,435.07,479.03,1101.05,21.73,2118.86,85.62,71.7,1.66,38.49,0
WELL-04,2026-07-19T16:00,452.85,495.71,1094.64,21.74,2213.87,83.83,72.5,1.65,41.74,0
WELL-04,2026-07-19T17:00,429.32,434.53,1012.12,20.89,2105.05,85.56,76.4,1.62,39.64,0
WELL-04,2026-07-19T18:00,443.67,484.89,1092.91,21.71,2271.33,84.82,78.3,1.83,39.51,0
WELL-04,2026-07-19T19:00,417.6,442.02,1058.45,20.16,2117.99,85.95,72.2,1.76,41.95,0
WELL-04,2026-07-19T20:00,428.64,480.61,1121.26,19.96,2254.45,83.94,77.4,1.99,41.92,0
WELL-04,2026-07-19T21:00,423.43,451.95,1067.37,20.31,2160.06,86.12,77.0,1.81,41.69,0
WELL-04,2026-07-19T22:00,440.01,486.71,1106.13,20.2,2115.86,86.55,74.1,1.73,39.73,0
WELL-04,2026-07-19T23:00,439.05,459.61,1046.82,21.54,2251.13,84.38,70.2,1.88,39.12,0
WELL-04,2026-07-20T00:00,411.85,460.93,1119.15,21.8,2115.38,82.47,78.9,1.7,38.42,0
WELL-04,2026-07-20T01:00,430.51,466.68,1084.02,21.1,2139.32,83.19,71.5,1.72,39.23,0
WELL-04,2026-07-20T02:00,428.74,453.57,1057.91,20.7,2230.02,85.46,76.5,1.72,42.11,0
WELL-04,2026-07-20T03:00,423.1,447.86,1058.52,20.46,2181.7,86.38,72.5,1.63,41.36,0
WELL-04,2026-07-20T04:00,452.79,502.3,1109.36,20.47,2184.54,84.09,73.4,1.91,40.2,0
WELL-04,2026-07-20T05:00,441.05,485.38,1100.51,19.93,2213.85,84.23,75.2,1.84,39.68,0
WELL-04,2026-07-20T06:00,432.14,486.87,1126.64,21.54,2135.36,83.82,69.5,1.77,41.8,0
WELL-04,2026-07-20T07:00,411.32,421.5,1024.76,21.26,2214.34,85.41,72.1,1.97,41.23,0
WELL-04,2026-07-20T08:00,418.79,444.12,1060.48,20.47,2262.76,84.59,74.6,1.83,40.73,0
WELL-04,2026-07-20T09:00,425.29,480.95,1130.87,21.72,2151.2,85.25,70.0,1.89,40.88,0
WELL-04,2026-07-20T10:00,418.63,451.15,1077.68,20.06,2130.78,84.32,70.9,1.81,39.49,0
WELL-04,2026-07-20T11:00,420.41,468.41,1114.18,20.07,2214.69,84.68,68.3,1.81,42.81,0
WELL-04,2026-07-20T12:00,452.46,484.44,1070.68,21.54,2165.22,85.88,74.2,1.74,39.52,0
WELL-04,2026-07-20T13:00,425.16,474.66,1116.43,21.81,2115.48,86.12,76.8,1.89,40.33,0
WELL-04,2026-07-20T14:00,413.27,424.7,1027.66,20.59,2266.91,84.88,78.3,1.73,39.78,0
WELL-04,2026-07-20T15:00,433.73,475.62,1096.57,21.73,2248.72,84.11,72.6,1.98,42.54,0
WELL-04,2026-07-20T16:00,440.75,471.68,1070.18,21.24,2124.6,82.68,69.1,1.81,39.63,0
WELL-04,2026-07-20T17:00,413.11,466.21,1128.55,20.06,2215.53,82.68,79.5,1.81,38.37,0
WELL-04,2026-07-20T18:00,441.89,490.88,1110.88,20.23,2263.28,85.13,78.6,1.85,38.77,0
WELL-04,2026-07-20T19:00,420.09,457.06,1088.0,20.38,2143.84,85.12,69.3,1.63,40.63,0
WELL-04,2026-07-20T20:00,426.58,477.68,1119.79,21.5,2143.18,85.26,77.5,2.01,41.7,0
WELL-04,2026-07-20T21:00,426.41,460.62,1080.22,20.39,2109.35,83.39,72.8,1.92,39.97,0
WELL-04,2026-07-20T22:00,440.63,495.18,1123.79,21.97,2166.46,82.97,73.6,1.78,40.31,0
WELL-04,2026-07-20T23:00,452.06,512.16,1132.97,20.22,2202.15,85.39,74.4,1.96,41.22,0
WELL-04,2026-07-21T00:00,444.54,448.83,1009.67,21.31,2191.82,81.98,79.8,1.76,40.78,0
WELL-04,2026-07-21T01:00,449.08,495.15,1102.6,20.64,2164.93,86.47,72.7,1.79,41.53,0
WELL-04,2026-07-21T02:00,422.69,441.01,1043.33,21.42,2245.18,82.5,74.3,1.8,40.61,0
WELL-04,2026-07-21T03:00,423.44,475.27,1122.42,20.29,2151.35,82.84,76.5,1.7,42.0,0
WELL-04,2026-07-21T04:00,443.96,482.1,1085.92,21.53,2107.56,86.23,72.0,1.73,40.58,0
WELL-04,2026-07-21T05:00,427.78,473.59,1107.08,20.92,2201.98,83.01,71.5,1.91,40.12,0
WELL-04,2026-07-21T06:00,410.75,454.49,1106.47,21.3,2126.07,84.33,68.6,1.94,40.23,0
WELL-04,2026-07-21T07:00,429.4,481.76,1121.94,20.34,2145.3,83.13,72.4,1.87,41.28,0
WELL-04,2026-07-21T08:00,434.32,462.77,1065.5,20.35,2140.28,86.58,74.9,1.8,41.2,0
WELL-04,2026-07-21T09:00,429.84,448.7,1043.88,20.32,2161.48,86.12,77.7,1.8,42.08,0
WELL-04,2026-07-21T10:00,429.06,469.58,1094.44,20.1,2243.39,82.55,72.5,1.66,39.02,0
WELL-04,2026-07-21T11:00,423.44,440.44,1040.13,20.32,2152.79,86.48,76.5,1.62,40.97,0
WELL-04,2026-07-21T12:00,452.61,480.17,1060.88,21.69,2267.6,83.33,78.0,1.72,39.02,0
WELL-04,2026-07-21T13:00,440.88,456.1,1034.51,20.3,2141.83,84.92,71.3,1.7,42.75,0
WELL-04,2026-07-21T14:00,448.3,499.63,1114.51,19.95,2130.3,82.84,69.3,1.96,39.18,0
WELL-04,2026-07-21T15:00,426.09,442.67,1038.92,20.24,2181.6,81.75,69.2,1.83,39.43,0
WELL-04,2026-07-21T16:00,421.21,455.93,1082.41,21.01,2149.46,86.37,74.3,1.84,39.34,0
WELL-04,2026-07-21T17:00,434.13,463.82,1068.4,21.73,2265.15,83.32,79.7,1.71,42.8,0
WELL-04,2026-07-21T18:00,434.0,473.1,1090.11,21.54,2226.99,83.52,70.3,1.86,39.22,0
WELL-04,2026-07-21T19:00,433.68,491.71,1133.8,21.71,2149.3,83.07,74.8,1.63,42.85,0
WELL-04,2026-07-21T20:00,431.26,460.94,1068.81,21.36,2206.01,85.37,74.3,1.71,42.04,0
WELL-04,2026-07-21T21:00,421.7,470.06,1114.68,20.21,2212.26,84.5,79.7,1.75,41.79,0
WELL-04,2026-07-21T22:00,431.28,438.6,1016.96,21.26,2231.0,84.57,76.6,1.74,40.61,0
WELL-04,2026-07-21T23:00,446.44,454.53,1018.12,20.54,2135.21,81.68,70.6,1.61,40.01,0
WELL-04,2026-07-22T00:00,419.35,457.65,1091.32,21.46,2169.37,86.42,77.5,1.64,41.88,0
WELL-04,2026-07-22T01:00,443.59,488.14,1100.42,20.88,2259.61,84.74,72.8,1.83,41.14,0
WELL-04,2026-07-22T02:00,448.01,496.1,1107.32,21.27,2158.55,84.36,69.8,2.01,40.07,0
WELL-04,2026-07-22T03:00,420.3,432.49,1028.98,20.24,2104.57,81.62,73.8,1.83,41.16,0
WELL-04,2026-07-22T04:00,416.91,444.3,1065.69,20.84,2108.0,83.64,74.9,1.83,40.03,0
WELL-04,2026-07-22T05:00,432.66,473.71,1094.89,20.4,2127.75,84.77,70.8,1.61,39.4,0
WELL-04,2026-07-22T06:00,435.78,448.06,1028.18,20.44,2267.05,85.22,69.3,1.74,39.57,0
WELL-04,2026-07-22T07:00,437.09,457.86,1047.52,20.46,2135.35,84.77,75.0,1.88,42.28,0
WELL-04,2026-07-22T08:00,411.17,414.61,1008.38,21.21,2158.9,82.56,76.8,1.94,38.56,0
WELL-04,2026-07-22T09:00,420.97,445.04,1057.19,20.21,2138.29,85.55,73.3,1.95,40.43,0
WELL-04,2026-07-22T10:00,424.7,433.4,1020.49,20.5,2126.46,85.73,73.0,1.69,41.84,0
WELL-04,2026-07-22T11:00,428.6,453.38,1057.82,21.75,2212.59,83.6,69.7,1.92,38.79,0
WELL-04,2026-07-22T12:00,442.5,447.88,1012.17,21.52,2162.17,81.63,79.5,1.84,42.42,0
WELL-04,2026-07-22T13:00,418.82,466.14,1112.98,21.83,2159.62,82.56,78.7,1.93,38.84,0
WELL-04,2026-07-22T14:00,428.05,445.55,1040.88,20.8,2215.9,82.1,73.3,1.72,40.89,0
WELL-04,2026-07-22T15:00,447.24,486.65,1088.12,21.4,2254.95,83.05,74.7,2.01,40.51,0
WELL-04,2026-07-22T16:00,420.24,441.36,1050.27,20.17,2221.1,84.34,74.1,1.7,40.68,0
WELL-04,2026-07-22T17:00,421.94,455.63,1079.84,20.85,2233.51,85.32,68.2,1.71,41.31,0
WELL-04,2026-07-22T18:00,414.68,435.28,1049.68,21.13,2233.36,83.01,70.5,1.95,42.69,0
WELL-04,2026-07-22T19:00,436.98,472.76,1081.88,21.26,2212.82,83.14,74.5,1.96,42.77,0
WELL-04,2026-07-22T20:00,425.53,466.56,1096.43,20.2,2243.87,85.15,71.0,1.61,41.98,0
WELL-04,2026-07-22T21:00,410.7,454.66,1107.05,21.85,2101.4,83.96,71.1,1.83,39.12,0
WELL-04,2026-07-22T22:00,452.68,490.46,1083.45,20.69,2260.02,84.07,77.5,1.63,39.5,0
WELL-04,2026-07-22T23:00,437.89,482.55,1101.98,20.81,2104.57,85.22,74.8,1.69,40.2,0
WELL-04,2026-07-23T00:00,433.37,439.4,1013.9,21.7,2137.66,83.91,77.9,1.73,39.76,0
WELL-04,2026-07-23T01:00,439.67,447.73,1018.32,19.9,2176.83,86.17,76.7,1.66,40.96,0
WELL-04,2026-07-23T02:00,430.35,454.41,1055.92,21.46,2138.05,84.47,76.9,1.69,41.94,0
WELL-04,2026-07-23T03:00,452.6,462.15,1021.09,21.04,2196.03,83.24,68.4,1.98,39.94,0
WELL-04,2026-07-23T04:00,427.37,464.97,1087.97,20.88,2115.17,82.69,75.5,1.64,41.94,0
WELL-04,2026-07-23T05:00,451.58,472.99,1047.42,20.33,2166.21,83.49,73.2,1.89,39.74,0
WELL-04,2026-07-23T06:00,449.77,460.45,1023.74,20.67,2199.03,84.72,74.9,1.82,38.53,0
WELL-04,2026-07-23T07:00,449.92,504.92,1122.25,20.38,2133.87,85.1,69.2,1.85,39.92,0
WELL-04,2026-07-23T08:00,437.58,442.52,1011.31,20.62,2207.54,85.33,75.6,1.91,43.07,0
WELL-04,2026-07-23T09:00,419.99,475.15,1131.35,21.19,2202.76,83.44,70.0,1.99,43.09,0
WELL-04,2026-07-23T10:00,420.94,463.25,1100.53,21.63,2114.52,86.42,72.3,1.79,41.49,0
WELL-04,2026-07-23T11:00,438.98,468.67,1067.64,20.17,2191.76,82.12,71.9,1.74,42.51,0
WELL-04,2026-07-23T12:00,433.26,453.87,1047.57,20.49,2111.74,85.65,69.3,1.73,39.25,0
WELL-04,2026-07-23T13:00,424.1,444.56,1048.24,21.02,2265.94,84.84,78.7,1.69,43.05,0
WELL-04,2026-07-23T14:00,417.24,463.77,1111.52,21.74,2263.01,84.01,72.7,1.81,39.74,0
WELL-04,2026-07-23T15:00,439.5,460.42,1047.58,21.47,2132.89,84.77,69.2,1.71,40.23,0
WELL-04,2026-07-23T16:00,419.31,442.89,1056.25,20.36,2124.37,84.08,77.1,1.83,41.18,0
WELL-04,2026-07-23T17:00,445.16,462.9,1039.85,21.43,2256.42,83.23,77.7,1.91,42.31,0
WELL-04,2026-07-23T18:00,433.43,476.11,1098.46,21.09,2251.11,85.8,79.0,1.94,42.65,0
WELL-04,2026-07-23T19:00,421.87,444.43,1053.48,21.72,2244.31,83.14,71.6,1.96,42.46,0
WELL-04,2026-07-23T20:00,411.11,414.63,1008.55,20.4,2271.32,83.05,75.4,1.94,40.86,0
WELL-04,2026-07-23T21:00,417.68,450.73,1079.12,21.5,2189.77,84.56,68.6,1.74,39.96,0
WELL-04,2026-07-23T22:00,436.51,491.98,1127.07,21.0,2221.56,84.91,72.4,1.92,40.8,0
WELL-04,2026-07-23T23:00,411.2,466.41,1134.25,21.24,2140.93,82.24,79.6,1.64,42.9,0
WELL-04,2026-07-24T00:00,440.22,466.94,1060.7,21.14,2156.32,83.51,70.9,1.78,42.58,0
WELL-04,2026-07-24T01:00,452.56,495.78,1095.5,20.93,2216.36,84.29,77.8,1.63,42.44,0
WELL-04,2026-07-24T02:00,451.82,497.22,1100.48,21.86,2236.9,84.13,70.0,1.9,43.12,0
WELL-04,2026-07-24T03:00,412.84,446.0,1080.32,21.13,2239.96,86.33,72.5,1.83,42.57,0
WELL-04,2026-07-24T04:00,424.37,477.25,1124.59,20.41,2151.36,86.43,77.8,1.8,42.05,0
WELL-04,2026-07-24T05:00,420.83,457.78,1087.78,20.94,2113.05,83.86,76.0,1.74,41.99,0
WELL-04,2026-07-24T06:00,414.3,464.84,1121.99,21.29,2205.9,83.18,72.8,1.98,40.49,0
WELL-04,2026-07-24T07:00,438.03,449.06,1025.18,19.89,2159.77,84.37,72.7,1.8,43.09,0
WELL-04,2026-07-24T08:00,422.78,441.83,1045.06,21.1,2146.49,86.55,78.4,1.62,39.22,0
WELL-04,2026-07-24T09:00,432.19,487.14,1127.15,20.93,2233.85,84.71,76.2,1.76,41.79,0
WELL-04,2026-07-24T10:00,428.94,434.71,1013.45,21.3,2126.56,83.15,69.6,1.59,41.48,0
WELL-04,2026-07-24T11:00,451.63,497.26,1101.04,20.61,2273.87,83.84,77.2,1.86,39.2,0
WELL-04,2026-07-24T12:00,426.88,454.1,1063.75,20.16,2106.51,84.91,68.1,1.72,39.95,0
WELL-04,2026-07-24T13:00,413.88,432.83,1045.78,21.95,2248.15,84.19,77.3,1.8,39.64,0
WELL-04,2026-07-24T14:00,436.82,470.15,1076.3,19.99,2122.6,83.16,75.1,1.95,43.17,0
WELL-04,2026-07-24T15:00,435.23,480.49,1104.0,20.97,2117.12,82.37,78.0,1.64,42.21,0
WELL-04,2026-07-24T16:00,438.22,470.28,1073.18,20.27,2229.31,84.19,75.8,1.9,39.39,0
WELL-04,2026-07-24T17:00,419.49,454.33,1083.06,21.62,2127.6,85.19,78.3,1.98,40.16,0
WELL-04,2026-07-24T18:00,449.39,452.82,1007.63,20.78,2194.59,83.47,74.3,1.6,40.29,0
WELL-04,2026-07-24T19:00,436.35,439.88,1008.08,21.79,2134.18,85.54,69.2,1.94,42.25,0
WELL-04,2026-07-24T20:00,430.59,467.47,1085.66,21.62,2274.81,85.98,79.4,1.71,42.66,0
WELL-04,2026-07-24T21:00,431.29,452.02,1048.08,20.47,2150.74,84.08,75.7,1.78,38.97,0
WELL-04,2026-07-24T22:00,411.65,466.05,1132.16,21.65,2183.25,86.25,76.7,1.9,40.88,0
WELL-04,2026-07-24T23:00,433.49,481.12,1109.88,19.94,2165.99,86.11,69.8,1.59,38.91,0
WELL-04,2026-07-25T00:00,422.96,449.5,1062.75,21.86,2205.51,85.65,69.5,1.75,42.19,0
WELL-04,2026-07-25T01:00,427.16,430.83,1008.6,21.66,2190.7,84.29,76.7,1.86,41.93,0
WELL-04,2026-07-25T02:00,410.37,417.86,1018.24,20.79,2137.93,81.92,75.4,1.59,42.3,0
WELL-04,2026-07-25T03:00,413.86,459.65,1110.62,20.65,2171.21,82.81,69.5,1.85,40.39,0
WELL-04,2026-07-25T04:00,449.73,485.63,1079.82,21.31,2150.85,86.43,78.0,1.88,39.71,0
WELL-04,2026-07-25T05:00,428.03,474.21,1107.91,21.56,2114.42,86.51,71.2,1.77,40.89,0
WELL-04,2026-07-25T06:00,445.94,485.03,1087.65,21.71,2231.34,83.01,77.5,1.84,40.4,0
WELL-04,2026-07-25T07:00,415.07,443.14,1067.63,20.91,2210.73,83.23,79.5,1.66,40.45,0
WELL-04,2026-07-25T08:00,418.58,463.36,1106.97,19.97,2161.5,82.59,76.1,1.97,41.89,0
WELL-04,2026-07-25T09:00,430.71,459.63,1067.14,20.7,2169.54,84.63,75.6,1.84,42.17,0
WELL-04,2026-07-25T10:00,431.98,480.06,1111.29,20.5,2109.91,85.1,70.2,1.72,43.02,0
WELL-04,2026-07-25T11:00,440.24,495.31,1125.09,20.19,2101.97,83.9,69.1,1.9,43.18,0
WELL-04,2026-07-25T12:00,409.95,443.31,1081.37,21.75,2228.77,84.8,79.0,1.86,40.49,0
WELL-04,2026-07-25T13:00,447.04,493.06,1102.94,21.05,2228.53,83.16,71.9,1.79,40.07,0
WELL-04,2026-07-25T14:00,410.46,414.31,1009.37,21.81,2169.27,86.35,73.8,1.65,39.09,0
WELL-04,2026-07-25T15:00,444.83,491.98,1106.0,21.53,2183.79,83.22,74.6,1.87,42.48,0
WELL-04,2026-07-25T16:00,414.96,434.83,1047.88,20.05,2120.65,85.52,69.4,1.68,39.79,0
WELL-04,2026-07-25T17:00,412.73,462.67,1120.98,20.53,2154.03,83.61,73.7,1.7,41.95,0
WELL-04,2026-07-25T18:00,432.61,478.41,1105.87,21.0,2183.33,83.46,78.0,1.61,38.49,0
WELL-04,2026-07-25T19:00,442.46,478.22,1080.82,21.83,2120.14,82.84,72.1,2.02,41.53,0
WELL-04,2026-07-25T20:00,449.4,488.33,1086.62,20.21,2252.49,81.68,74.1,1.82,42.18,0
WELL-04,2026-07-25T21:00,419.33,461.53,1100.65,21.74,2120.53,85.52,70.7,1.67,40.46,0
WELL-04,2026-07-25T22:00,422.22,431.21,1021.27,20.5,2134.09,85.89,77.2,1.66,39.07,0
WELL-04,2026-07-25T23:00,443.72,468.57,1056.03,21.43,2139.16,86.54,71.4,1.65,41.03,0
WELL-04,2026-07-26T00:00,415.09,452.63,1090.44,20.12,2254.14,86.09,78.7,2.02,38.69,0
WELL-04,2026-07-26T01:00,429.22,475.33,1107.43,20.91,2270.6,85.32,69.4,1.78,39.52,0
WELL-04,2026-07-26T02:00,417.8,427.52,1023.27,20.26,2113.76,83.97,70.6,1.94,41.19,0
WELL-04,2026-07-26T03:00,412.47,435.5,1055.84,21.31,2215.05,85.01,78.7,1.87,39.29,0
WELL-04,2026-07-26T04:00,415.98,459.15,1103.78,21.12,2262.38,83.86,74.2,1.8,38.41,0
WELL-04,2026-07-26T05:00,420.98,459.76,1092.11,20.86,2262.93,83.72,71.9,1.9,42.32,0
WELL-04,2026-07-26T06:00,436.57,457.81,1048.64,20.13,2175.59,83.12,73.2,1.59,42.62,0
WELL-04,2026-07-26T07:00,426.71,455.91,1068.44,20.83,2265.92,86.25,76.7,1.95,42.15,0
WELL-04,2026-07-26T08:00,433.65,460.85,1062.7,20.37,2203.94,86.44,69.9,1.94,42.76,0
WELL-04,2026-07-26T09:00,441.81,492.56,1114.87,21.97,2111.84,85.04,72.4,1.96,40.27,0
WELL-04,2026-07-26T10:00,423.42,468.85,1107.28,21.36,2217.8,86.57,69.0,1.84,41.15,0
WELL-04,2026-07-26T11:00,414.57,468.58,1130.3,20.2,2140.49,86.59,79.2,2.01,38.71,0
WELL-04,2026-07-26T12:00,412.7,429.46,1040.59,21.56,2208.22,86.21,68.2,1.91,38.9,0
WELL-04,2026-07-26T13:00,436.11,454.47,1042.09,21.4,2105.9,84.1,69.8,1.74,38.59,0
WELL-04,2026-07-26T14:00,447.81,500.56,1117.8,20.29,2102.38,86.17,72.4,1.93,40.21,0
WELL-04,2026-07-26T15:00,421.85,425.44,1008.51,20.02,2212.12,86.07,73.7,1.73,40.32,0
WELL-04,2026-07-26T16:00,452.35,493.19,1090.29,20.15,2196.88,84.59,77.9,1.9,41.67,0
WELL-04,2026-07-26T17:00,445.11,501.21,1126.03,20.12,2197.58,86.34,71.6,1.69,38.92,0
WELL-04,2026-07-26T18:00,421.06,431.3,1024.33,20.81,2105.2,82.52,74.0,1.71,41.71,0
WELL-04,2026-07-26T19:00,411.29,435.59,1059.09,20.77,2242.99,84.3,72.3,2.02,42.51,0
WELL-04,2026-07-26T20:00,436.84,478.11,1094.48,21.01,2129.65,85.17,73.3,1.61,42.37,0
WELL-04,2026-07-26T21:00,418.3,446.37,1067.09,21.14,2146.55,84.99,69.6,1.89,41.93,0
WELL-04,2026-07-26T22:00,445.26,503.25,1130.24,20.85,2147.63,82.71,71.2,1.93,41.84,0
WELL-04,2026-07-26T23:00,429.93,440.16,1023.79,21.74,2196.88,82.58,70.6,1.71,41.74,0
WELL-04,2026-07-27T00:00,413.87,434.56,1050.0,21.92,2181.28,82.26,68.3,1.93,41.93,0
WELL-04,2026-07-27T01:00,427.87,451.59,1055.45,21.1,2127.5,82.26,72.5,2.01,38.71,0
WELL-04,2026-07-27T02:00,449.54,489.64,1089.2,19.94,2229.0,82.85,78.9,1.67,42.88,0
WELL-04,2026-07-27T03:00,434.38,439.95,1012.82,20.23,2180.72,83.39,74.8,1.61,40.42,0
WELL-04,2026-07-27T04:00,435.95,468.08,1073.7,20.53,2131.2,84.1,68.0,1.7,40.97,0
WELL-04,2026-07-27T05:00,430.84,467.02,1083.98,20.6,2142.03,86.28,70.2,1.71,41.56,0
WELL-04,2026-07-27T06:00,451.88,503.7,1114.68,20.82,2197.54,85.33,77.7,1.84,39.79,0
WELL-04,2026-07-27T07:00,438.12,465.49,1062.47,21.05,2127.43,84.32,71.5,1.65,42.45,0
WELL-04,2026-07-27T08:00,434.27,471.06,1084.72,20.68,2119.11,84.59,72.4,1.62,38.65,0
WELL-04,2026-07-27T09:00,449.19,467.51,1040.79,21.63,2268.34,82.59,72.1,1.64,40.39,0
WELL-04,2026-07-27T10:00,452.62,483.74,1068.76,19.93,2216.63,85.09,79.5,1.75,41.41,0
WELL-04,2026-07-27T11:00,439.42,454.43,1034.16,20.59,2152.96,84.52,69.6,2.01,41.46,0
WELL-04,2026-07-27T12:00,431.53,443.19,1027.02,20.06,2128.73,83.62,78.7,1.8,42.61,0
WELL-04,2026-07-27T13:00,450.22,486.5,1080.6,20.9,2102.09,84.94,75.3,1.67,40.66,0
WELL-04,2026-07-27T14:00,414.79,436.9,1053.32,21.38,2158.99,86.03,79.0,2.0,42.25,0
WELL-04,2026-07-27T15:00,439.89,461.0,1047.98,21.55,2114.24,82.22,73.5,1.6,42.83,0
WELL-04,2026-07-27T16:00,425.0,475.39,1118.56,20.26,2140.78,86.45,68.1,1.91,42.07,0
WELL-04,2026-07-27T17:00,432.31,477.44,1104.38,20.58,2183.84,83.26,75.8,1.77,42.45,0
WELL-04,2026-07-27T18:00,437.23,493.74,1129.25,21.3,2264.26,84.14,77.7,1.89,43.15,0
WELL-04,2026-07-27T19:00,442.72,459.63,1038.2,19.96,2258.09,84.14,70.3,1.82,43.04,0
WELL-04,2026-07-27T20:00,427.39,471.96,1104.29,20.08,2226.65,83.35,70.0,1.68,41.8,0
WELL-04,2026-07-27T21:00,422.02,473.03,1120.85,20.92,2186.97,86.11,73.9,1.66,41.18,0
WELL-04,2026-07-27T22:00,437.7,446.33,1019.71,19.94,2174.64,82.36,73.2,1.69,39.65,0
WELL-04,2026-07-27T23:00,438.5,476.16,1085.88,21.65,2108.54,82.64,75.3,1.91,39.69,0
WELL-04,2026-07-28T00:00,433.39,481.93,1111.99,20.65,2130.88,83.01,71.1,1.83,40.89,0
WELL-04,2026-07-28T01:00,413.55,451.56,1091.91,20.41,2252.41,82.28,74.6,1.73,38.59,0
WELL-04,2026-07-28T02:00,413.19,442.28,1070.42,20.16,2165.96,83.36,70.4,1.96,40.41,0
WELL-04,2026-07-28T03:00,416.44,441.98,1061.33,20.98,2198.81,82.35,71.3,1.65,42.65,0
WELL-04,2026-07-28T04:00,450.14,504.3,1120.31,21.7,2166.39,83.29,79.4,1.64,41.66,0
WELL-04,2026-07-28T05:00,442.55,500.87,1131.8,21.96,2194.73,81.86,77.2,1.76,38.58,0
WELL-04,2026-07-28T06:00,450.61,463.59,1028.8,20.07,2224.55,85.74,73.2,2.0,42.22,0
WELL-04,2026-07-28T07:00,420.74,444.3,1056.01,20.38,2164.91,86.05,68.2,1.83,42.51,0
WELL-04,2026-07-28T08:00,436.22,470.99,1079.71,20.6,2173.48,82.32,70.0,1.77,40.78,0
WELL-04,2026-07-28T09:00,412.03,454.28,1102.55,20.11,2145.6,85.24,72.0,1.62,41.96,0
WELL-04,2026-07-28T10:00,437.36,489.35,1118.86,21.94,2137.73,83.56,70.3,1.74,40.67,0
WELL-04,2026-07-28T11:00,421.47,460.63,1092.93,20.13,2159.6,84.28,79.1,1.88,41.52,0
WELL-04,2026-07-28T12:00,421.29,431.32,1023.8,20.25,2210.86,84.73,72.5,1.8,41.5,0
WELL-04,2026-07-28T13:00,410.9,462.64,1125.94,21.33,2171.49,86.38,73.9,1.91,39.58,0
WELL-04,2026-07-28T14:00,415.31,463.07,1115.01,20.0,2260.13,85.1,74.1,1.86,40.68,0
WELL-04,2026-07-28T15:00,440.2,475.78,1080.84,20.28,2143.48,85.29,71.7,1.83,40.06,0
WELL-04,2026-07-28T16:00,442.8,487.73,1101.45,21.48,2195.72,85.77,68.2,1.75,42.35,0
WELL-04,2026-07-28T17:00,448.2,478.55,1067.71,20.2,2116.61,84.65,76.7,1.84,39.75,0
WELL-04,2026-07-28T18:00,451.28,497.35,1102.09,21.61,2169.63,86.07,73.5,1.71,40.34,0
WELL-04,2026-07-28T19:00,433.68,444.15,1024.14,20.65,2191.4,82.37,72.5,1.76,39.35,0
WELL-04,2026-07-28T20:00,435.8,476.48,1093.35,20.55,2217.85,85.23,70.9,1.72,43.09,0
WELL-04,2026-07-28T21:00,427.75,472.23,1104.0,20.41,2158.11,82.33,71.9,2.02,38.45,0
WELL-04,2026-07-28T22:00,447.37,497.28,1111.56,20.17,2199.55,85.65,69.8,1.83,42.46,0
WELL-04,2026-07-28T23:00,448.23,460.91,1028.3,21.95,2253.42,86.12,79.4,1.97,42.96,0
WELL-04,2026-07-29T00:00,440.92,444.41,1007.93,20.83,2232.42,84.8,76.8,1.73,40.88,0
WELL-04,2026-07-29T01:00,427.79,465.25,1087.57,20.91,2104.31,85.83,73.6,1.87,42.66,0
WELL-04,2026-07-29T02:00,432.29,437.34,1011.69,21.69,2207.52,83.08,74.7,2.0,42.15,0
WELL-04,2026-07-29T03:00,439.44,459.76,1046.23,20.96,2231.18,86.11,72.9,1.77,42.57,0
WELL-04,2026-07-29T04:00,412.34,424.03,1028.37,20.25,2205.77,83.63,70.0,1.65,39.52,0
WELL-04,2026-07-29T05:00,422.6,470.18,1112.58,20.9,2168.15,82.65,75.0,1.73,38.6,0
WELL-04,2026-07-29T06:00,419.63,454.33,1082.7,21.42,2204.97,84.89,77.0,1.67,42.47,0
WELL-04,2026-07-29T07:00,437.5,466.34,1065.92,19.91,2271.22,82.17,76.7,1.97,40.77,0
WELL-04,2026-07-29T08:00,431.71,463.6,1073.87,21.88,2221.5,83.58,74.7,1.82,40.09,0
WELL-04,2026-07-29T09:00,447.82,454.86,1015.72,20.27,2232.62,84.92,72.9,1.68,40.51,0
WELL-04,2026-07-29T10:00,432.25,445.74,1031.22,20.59,2221.84,85.33,69.4,1.83,40.72,0
WELL-04,2026-07-29T11:00,444.31,465.86,1048.49,20.53,2103.81,85.07,79.8,1.66,42.13,0
WELL-04,2026-07-29T12:00,442.25,473.65,1071.0,20.49,2118.28,84.45,75.2,1.76,42.21,0
WELL-04,2026-07-29T13:00,434.44,487.54,1122.24,20.04,2140.99,85.23,77.3,2.01,40.91,0
WELL-04,2026-07-29T14:00,432.54,442.5,1023.01,19.92,2248.83,84.24,69.8,1.86,40.68,0
WELL-04,2026-07-29T15:00,411.09,457.47,1112.83,21.62,2182.87,84.14,74.1,1.74,38.75,0
WELL-04,2026-07-29T16:00,425.01,434.44,1022.2,21.66,2143.48,83.44,75.9,1.61,39.29,0
WELL-04,2026-07-29T17:00,434.14,463.07,1066.64,21.14,2222.93,83.36,75.8,2.01,38.43,0
WELL-04,2026-07-29T18:00,435.29,486.27,1117.11,21.66,2122.49,85.08,79.3,1.78,42.57,0
WELL-04,2026-07-29T19:00,446.27,462.92,1037.29,20.18,2238.3,84.51,73.6,1.73,41.79,0
WELL-04,2026-07-29T20:00,447.82,503.45,1124.23,20.82,2160.12,82.25,78.7,1.63,40.27,0
WELL-04,2026-07-29T21:00,447.49,465.85,1041.04,20.94,2260.88,83.79,70.9,1.79,38.3,0
WELL-04,2026-07-29T22:00,421.22,470.2,1116.27,21.36,2137.15,82.99,72.7,1.59,39.12,0
WELL-04,2026-07-29T23:00,437.2,449.68,1028.54,21.97,2115.87,82.69,70.3,1.88,40.58,0
WELL-04,2026-07-30T00:00,443.87,458.64,1033.28,21.77,2138.31,85.52,72.7,1.66,39.06,0
WELL-04,2026-07-30T01:00,446.27,502.11,1125.13,20.61,2189.23,84.71,68.3,1.61,38.5,0
WELL-04,2026-07-30T02:00,417.76,463.09,1108.5,20.73,2110.67,83.2,73.2,1.71,41.15,0
WELL-04,2026-07-30T03:00,431.77,462.57,1071.33,20.23,2179.28,83.64,71.3,1.84,39.61,0
WELL-04,2026-07-30T04:00,422.0,462.24,1095.34,21.07,2228.63,84.08,77.9,1.93,40.8,0
WELL-04,2026-07-30T05:00,422.35,468.25,1108.67,20.29,2188.35,85.89,71.3,1.98,38.48,0
WELL-04,2026-07-30T06:00,450.64,462.12,1025.49,21.85,2175.27,82.94,76.6,1.86,39.6,0
WELL-04,2026-07-30T07:00,415.95,440.47,1058.96,21.63,2169.23,85.4,74.2,1.78,38.94,0
WELL-04,2026-07-30T08:00,449.76,510.41,1134.85,20.82,2165.38,85.53,71.9,1.65,41.54,0
WELL-04,2026-07-30T09:00,451.98,467.57,1034.47,21.54,2198.19,85.61,70.0,1.91,39.33,0
WELL-04,2026-07-30T10:00,420.28,423.44,1007.52,21.21,2179.29,85.14,73.0,1.83,42.56,0
WELL-04,2026-07-30T11:00,442.11,482.1,1090.45,19.92,2181.39,85.35,72.4,1.76,42.21,0
WELL-04,2026-07-30T12:00,420.8,468.15,1112.52,20.22,2122.12,84.25,78.9,1.63,42.92,0
WELL-04,2026-07-30T13:00,444.82,462.2,1039.06,21.18,2151.32,85.91,71.2,1.85,39.91,0
WELL-04,2026-07-30T14:00,440.13,479.17,1088.7,20.45,2187.26,84.06,74.2,1.99,39.78,0
WELL-04,2026-07-30T15:00,429.64,483.3,1124.91,21.23,2102.16,85.33,79.2,1.93,42.1,0
WELL-04,2026-07-30T16:00,414.35,431.47,1041.32,20.41,2161.04,85.6,76.3,1.63,39.38,0
WELL-04,2026-07-30T17:00,426.65,451.67,1058.65,21.68,2254.44,82.08,79.4,1.61,39.5,0
WELL-04,2026-07-30T18:00,416.48,457.31,1098.04,20.26,2211.69,86.46,77.8,1.94,40.85,0
WELL-04,2026-07-30T19:00,449.35,460.05,1023.82,20.25,2207.93,85.94,69.5,1.61,40.83,0
WELL-04,2026-07-30T20:00,423.02,463.64,1096.03,21.51,2169.55,81.82,75.2,1.6,42.63,0
WELL-04,2026-07-30T21:00,414.15,433.46,1046.61,21.58,2182.38,84.76,78.9,1.94,41.51,0
WELL-04,2026-07-30T22:00,422.09,454.39,1076.51,20.5,2210.71,83.34,77.3,1.8,42.31,0
WELL-04,2026-07-30T23:00,445.3,458.54,1029.74,21.55,2171.24,86.35,79.5,1.69,40.99,0
WELL-04,2026-07-31T00:00,428.36,464.67,1084.76,20.8,2179.71,84.64,70.4,1.7,42.99,0
WELL-04,2026-07-31T01:00,417.29,444.53,1065.27,21.86,2123.94,84.04,72.2,1.96,41.15,0
WELL-04,2026-07-31T02:00,435.66,465.17,1067.74,20.32,2250.55,86.56,73.3,1.94,40.42,0
WELL-04,2026-07-31T03:00,425.99,478.32,1122.87,20.28,2102.22,85.48,72.1,1.97,42.44,0
WELL-04,2026-07-31T04:00,409.96,422.35,1030.22,20.63,2102.97,85.15,76.8,1.71,40.81,0
WELL-04,2026-07-31T05:00,413.15,452.36,1094.9,21.25,2188.88,86.51,74.4,1.81,41.74,0
WELL-04,2026-07-31T06:00,424.81,449.71,1058.62,20.47,2219.01,82.23,74.0,1.64,42.65,0
WELL-04,2026-07-31T07:00,423.47,464.89,1097.8,20.21,2201.3,83.6,75.7,1.64,38.37,0
WELL-04,2026-07-31T08:00,428.82,479.39,1117.93,20.03,2156.81,83.36,69.0,1.75,39.12,0
WELL-04,2026-07-31T09:00,442.16,456.89,1033.31,21.2,2203.01,85.43,70.0,1.66,39.01,0
WELL-04,2026-07-31T10:00,429.18,471.72,1099.11,20.97,2241.24,83.38,68.8,1.78,42.86,0
WELL-04,2026-07-31T11:00,413.63,442.09,1068.79,21.87,2236.72,85.09,75.1,1.97,40.23,0
WELL-04,2026-07-31T12:00,441.79,445.44,1008.26,20.35,2215.8,85.54,72.5,1.63,40.91,0
WELL-04,2026-07-31T13:00,448.06,476.98,1064.55,21.38,2243.08,82.11,79.6,1.75,40.19,0
WELL-04,2026-07-31T14:00,419.96,472.81,1125.85,21.69,2138.85,85.95,75.0,1.92,40.3,0
WELL-04,2026-07-31T15:00,425.41,478.81,1125.52,21.16,2249.52,82.83,68.9,1.92,39.18,0
WELL-04,2026-07-31T16:00,449.23,508.4,1131.7,21.85,2125.76,82.88,79.7,1.92,40.62,0
WELL-04,2026-07-31T17:00,451.31,508.56,1126.84,21.07,2143.2,86.24,75.2,1.65,42.5,0
WELL-04,2026-07-31T18:00,440.03,478.71,1087.91,20.22,2197.65,82.16,70.8,1.9,39.01,0
WELL-04,2026-07-31T19:00,416.81,425.23,1020.21,20.1,2168.35,85.23,72.4,1.8,42.0,0
WELL-04,2026-07-31T20:00,433.36,461.25,1064.34,21.14,2239.28,82.48,77.1,1.71,39.33,0
WELL-04,2026-07-31T21:00,433.74,475.73,1096.82,20.29,2272.27,86.43,77.9,1.79,40.76,0
WELL-04,2026-07-31T22:00,426.35,466.09,1093.2,20.5,2191.77,84.63,72.1,1.93,42.55,0
WELL-04,2026-07-31T23:00,448.94,504.22,1123.14,21.3,2231.14,86.33,77.1,1.59,39.32,0
WELL-04,2026-08-01T00:00,447.05,483.98,1082.61,19.94,2234.44,85.76,72.7,1.63,41.18,0
WELL-04,2026-08-01T01:00,441.35,458.0,1037.71,20.5,2123.9,84.6,69.7,1.73,42.24,0
WELL-04,2026-08-01T02:00,424.78,467.71,1101.06,21.24,2151.24,86.07,79.4,1.8,41.95,0
WELL-04,2026-08-01T03:00,419.94,423.75,1009.07,20.79,2227.15,83.0,75.9,1.81,41.7,0
WELL-04,2026-08-01T04:00,418.73,432.64,1033.22,21.56,2240.01,82.0,77.2,1.67,42.43,0
WELL-04,2026-08-01T05:00,442.76,477.63,1078.74,20.74,2140.8,84.02,79.0,1.74,38.39,0
WELL-04,2026-08-01T06:00,410.53,460.51,1121.75,20.13,2217.72,81.62,74.5,1.88,42.12,0
WELL-04,2026-08-01T07:00,437.96,490.17,1119.21,20.33,2216.49,82.68,78.5,1.91,41.08,0
WELL-04,2026-08-01T08:00,410.97,443.79,1079.85,21.48,2237.65,85.23,73.2,1.77,39.49,0
WELL-04,2026-08-01T09:00,449.09,471.99,1050.98,20.73,2158.23,85.72,73.6,2.01,40.24,0
WELL-04,2026-08-01T10:00,439.5,446.65,1016.26,20.16,2192.56,83.23,72.3,1.85,38.39,0
WELL-04,2026-08-01T11:00,417.93,427.29,1022.39,20.56,2215.21,82.75,68.3,2.01,41.05,0
WELL-04,2026-08-01T12:00,424.63,445.96,1050.24,21.34,2156.42,81.83,76.9,1.88,42.94,0
WELL-04,2026-08-01T13:00,433.96,453.7,1045.48,20.52,2205.84,82.41,68.5,1.82,42.77,0
WELL-04,2026-08-01T14:00,424.0,447.73,1055.96,20.04,2117.4,84.44,79.2,1.62,40.61,0
WELL-04,2026-08-01T15:00,421.66,437.17,1036.78,20.72,2245.63,81.75,71.3,1.75,42.9,0
WELL-04,2026-08-01T16:00,412.92,442.06,1070.56,20.5,2173.09,85.15,68.3,1.65,38.84,0
WELL-04,2026-08-01T17:00,411.16,415.29,1010.02,20.21,2239.63,83.31,77.8,1.62,40.2,0
WELL-04,2026-08-01T18:00,438.96,485.1,1105.11,20.58,2102.84,82.35,75.2,1.99,39.41,0
WELL-04,2026-08-01T19:00,421.64,467.23,1108.12,21.83,2223.28,84.52,69.0,1.67,40.9,0
WELL-04,2026-08-01T20:00,428.78,444.1,1035.75,21.31,2224.9,86.15,70.0,1.85,42.13,0
WELL-04,2026-08-01T21:00,420.35,446.16,1061.41,20.59,2143.71,85.9,75.0,1.85,40.4,0
WELL-04,2026-08-01T22:00,425.76,474.9,1115.42,21.15,2108.44,85.56,74.9,1.64,39.84,0
WELL-04,2026-08-01T23:00,442.03,458.82,1037.99,20.59,2236.48,84.96,73.5,1.88,38.85,0
WELL-04,2026-08-02T00:00,428.69,466.97,1089.3,20.41,2230.58,84.46,75.8,2.0,41.03,0
WELL-04,2026-08-02T01:00,421.55,455.9,1081.49,20.14,2268.11,82.72,69.0,1.93,40.21,0
WELL-04,2026-08-02T02:00,438.69,450.94,1027.92,21.58,2186.08,85.12,78.0,1.6,43.01,0
WELL-04,2026-08-02T03:00,417.35,432.07,1035.26,20.23,2139.51,86.28,71.5,1.78,40.41,0
WELL-04,2026-08-02T04:00,413.11,458.27,1109.32,21.31,2239.99,84.13,75.6,1.74,40.89,0
WELL-04,2026-08-02T05:00,431.4,475.42,1102.04,20.04,2187.91,83.62,72.3,1.91,41.47,0
WELL-04,2026-08-02T06:00,420.3,434.28,1033.26,21.17,2153.46,81.79,69.9,1.9,41.24,0
WELL-04,2026-08-02T07:00,450.49,497.28,1103.85,21.55,2249.49,84.23,68.6,1.86,41.08,0
WELL-04,2026-08-02T08:00,439.75,464.0,1055.14,21.03,2199.57,82.24,73.1,1.64,39.12,0
WELL-04,2026-08-02T09:00,430.42,458.52,1065.29,21.45,2220.79,86.04,70.5,1.84,38.79,0
WELL-04,2026-08-02T10:00,447.72,451.08,1007.5,21.61,2130.2,86.59,79.5,1.61,43.02,0
WELL-04,2026-08-02T11:00,421.03,451.5,1072.38,21.68,2186.64,85.91,78.7,1.9,42.95,0
WELL-04,2026-08-02T12:00,429.56,464.53,1081.43,20.6,2230.56,83.05,70.9,1.65,39.3,0
WELL-04,2026-08-02T13:00,450.11,463.19,1029.05,19.94,2211.45,85.57,78.3,1.95,40.41,0
WELL-04,2026-08-02T14:00,416.3,445.08,1069.13,20.03,2198.19,82.49,70.7,1.93,42.46,0
WELL-04,2026-08-02T15:00,452.16,474.11,1048.56,21.42,2115.32,83.32,69.5,1.94,38.51,0
WELL-04,2026-08-02T16:00,426.0,440.14,1033.18,20.64,2160.01,86.49,76.1,1.9,42.86,0
WELL-04,2026-08-02T17:00,447.95,457.43,1021.16,20.9,2203.37,85.53,79.5,1.76,41.21,0
WELL-04,2026-08-02T18:00,415.17,439.01,1057.41,20.13,2232.66,86.38,69.2,1.99,38.78,0
WELL-04,2026-08-02T19:00,414.07,425.42,1027.41,21.2,2230.66,82.28,77.5,1.67,38.66,0
WELL-04,2026-08-02T20:00,421.89,425.97,1009.66,20.77,2154.05,86.13,75.2,1.96,41.75,0
WELL-04,2026-08-02T21:00,447.03,464.35,1038.73,20.17,2155.48,83.09,71.1,1.76,42.53,0
WELL-04,2026-08-02T22:00,425.52,435.25,1022.86,21.38,2223.47,82.27,70.8,1.81,38.64,0
WELL-04,2026-08-02T23:00,424.04,453.7,1069.95,21.93,2206.68,84.74,74.5,1.63,41.67,0
WELL-04,2026-08-03T00:00,441.87,462.12,1045.82,21.06,2248.06,82.91,71.6,1.88,42.29,0
WELL-04,2026-08-03T01:00,420.16,437.78,1041.93,21.75,2159.84,82.62,79.2,1.78,38.61,0
WELL-04,2026-08-03T02:00,426.52,481.69,1129.36,20.87,2199.3,82.03,70.8,1.96,40.21,0
WELL-04,2026-08-03T03:00,446.77,499.72,1118.53,19.92,2176.95,83.82,74.1,1.87,43.01,0
WELL-04,2026-08-03T04:00,420.82,425.33,1010.73,20.38,2172.02,86.18,69.9,1.71,38.53,0
WELL-04,2026-08-03T05:00,451.06,488.5,1083.02,20.71,2219.71,82.12,73.4,1.93,40.2,0
WELL-04,2026-08-03T06:00,412.15,422.61,1025.36,20.07,2104.22,83.03,69.7,1.99,41.87,0
WELL-04,2026-08-03T07:00,448.03,497.0,1109.31,21.61,2127.55,85.07,68.2,2.01,42.34,0
WELL-04,2026-08-03T08:00,445.87,463.26,1039.0,19.93,2148.74,81.61,75.5,1.61,42.25,0
WELL-04,2026-08-03T09:00,418.4,428.27,1023.59,21.94,2255.53,83.51,77.3,1.91,42.14,0
WELL-04,2026-08-03T10:00,452.34,499.83,1104.99,20.46,2198.18,86.15,70.9,1.89,41.93,0
WELL-04,2026-08-03T11:00,421.86,471.47,1117.61,20.74,2254.27,81.8,68.6,1.94,41.99,0
WELL-04,2026-08-03T12:00,419.17,449.89,1073.3,20.61,2229.54,86.29,75.4,1.93,42.34,0
WELL-04,2026-08-03T13:00,444.66,491.87,1106.17,20.03,2219.71,84.77,71.2,1.96,41.87,0
WELL-04,2026-08-03T14:00,410.74,465.26,1132.74,20.39,2240.62,84.57,77.1,1.65,42.48,0
WELL-04,2026-08-03T15:00,439.79,454.51,1033.49,20.22,2249.54,84.66,72.8,1.69,42.92,0
WELL-04,2026-08-03T16:00,433.77,443.03,1021.34,21.37,2236.68,83.4,70.4,1.93,39.48,0
WELL-04,2026-08-03T17:00,437.97,489.96,1118.72,21.04,2181.57,83.39,71.8,1.93,41.91,0
WELL-04,2026-08-03T18:00,411.35,417.91,1015.96,21.2,2204.93,83.82,76.6,1.61,42.31,0
WELL-04,2026-08-03T19:00,439.19,486.54,1107.8,20.09,2206.27,84.63,69.4,1.87,40.16,0
WELL-04,2026-08-03T20:00,452.42,502.77,1111.31,20.98,2244.57,81.65,72.1,1.69,40.86,0
WELL-04,2026-08-03T21:00,415.04,460.77,1110.19,20.5,2247.9,82.83,74.3,1.64,38.74,0
WELL-04,2026-08-03T22:00,430.5,457.6,1062.95,21.64,2110.06,85.05,71.5,1.73,41.02,0
WELL-04,2026-08-03T23:00,445.58,457.18,1026.04,21.13,2197.85,83.15,74.2,1.73,41.6,0
WELL-04,2026-08-04T00:00,440.99,499.81,1133.37,20.9,2257.4,84.01,69.9,1.94,39.93,0
WELL-04,2026-08-04T01:00,449.17,480.43,1069.59,21.31,2230.82,83.03,71.6,1.78,41.16,0
WELL-04,2026-08-04T02:00,418.82,458.36,1094.4,21.55,2250.72,85.36,71.7,1.93,40.56,0
WELL-04,2026-08-04T03:00,439.35,479.03,1090.3,20.53,2145.77,85.06,73.9,1.82,39.02,0
WELL-04,2026-08-04T04:00,427.13,439.03,1027.87,20.12,2216.78,83.97,72.7,1.82,43.08,0
WELL-04,2026-08-04T05:00,438.99,482.19,1098.4,20.44,2274.46,82.66,69.8,1.73,41.05,0
WELL-04,2026-08-04T06:00,415.3,446.47,1075.05,21.8,2127.28,83.94,76.1,1.91,42.44,0
WELL-04,2026-08-04T07:00,414.14,424.44,1024.89,21.81,2238.35,86.44,71.2,1.92,38.73,0
WELL-04,2026-08-04T08:00,434.44,476.97,1097.89,21.09,2102.63,82.56,78.3,1.89,41.81,0
WELL-04,2026-08-04T09:00,412.98,418.77,1014.02,21.05,2249.35,84.49,76.3,1.61,40.41,0
WELL-04,2026-08-04T10:00,426.38,480.15,1126.1,20.76,2234.29,86.42,77.8,2.02,38.61,0
WELL-04,2026-08-04T11:00,417.62,445.37,1066.45,19.97,2134.41,83.49,74.3,1.62,39.3,0
WELL-04,2026-08-04T12:00,434.39,491.09,1130.53,19.89,2196.34,83.17,70.6,1.86,38.93,0
WELL-04,2026-08-04T13:00,419.27,451.59,1077.09,21.87,2243.28,83.67,69.8,1.91,41.01,0
WELL-04,2026-08-04T14:00,425.19,477.94,1124.07,20.34,2188.39,84.34,76.2,1.78,41.12,0
WELL-04,2026-08-04T15:00,418.1,453.52,1084.72,20.77,2202.07,85.5,73.8,1.93,42.72,0
WELL-04,2026-08-04T16:00,452.57,470.1,1038.73,20.54,2239.32,83.85,74.7,1.67,41.43,0
WELL-04,2026-08-04T17:00,411.22,431.73,1049.89,21.56,2222.18,84.78,77.4,1.79,39.85,0
WELL-04,2026-08-04T18:00,444.48,456.01,1025.95,20.3,2119.72,83.0,73.7,1.63,42.51,0
WELL-04,2026-08-04T19:00,417.75,465.21,1113.61,21.56,2163.35,85.06,77.6,1.96,42.4,0
WELL-04,2026-08-04T20:00,444.14,481.09,1083.2,20.2,2240.21,86.0,71.7,1.74,38.38,0
WELL-04,2026-08-04T21:00,413.6,447.77,1082.63,21.01,2237.04,84.31,73.0,1.76,42.99,0
WELL-04,2026-08-04T22:00,424.86,477.5,1123.9,20.07,2145.85,84.74,73.1,1.92,40.36,0
WELL-04,2026-08-04T23:00,423.86,479.73,1131.82,21.04,2128.94,82.03,74.6,2.0,39.71,0
WELL-04,2026-08-05T00:00,437.84,489.81,1118.68,20.06,2177.57,86.36,75.3,1.66,39.49,0
WELL-04,2026-08-05T01:00,452.31,485.86,1074.19,21.48,2104.72,84.01,71.8,1.65,43.17,0
WELL-04,2026-08-05T02:00,419.96,456.62,1087.29,21.02,2134.53,84.7,77.7,1.8,42.5,0
WELL-04,2026-08-05T03:00,410.13,423.42,1032.41,20.82,2156.83,86.41,68.1,1.62,39.1,0
WELL-04,2026-08-05T04:00,419.64,466.71,1112.16,19.96,2262.18,83.59,71.6,2.0,39.72,0
WELL-04,2026-08-05T05:00,445.46,492.4,1105.36,20.03,2251.82,84.26,76.5,1.81,39.95,0
WELL-04,2026-08-05T06:00,410.35,445.13,1084.78,19.95,2269.34,83.47,79.0,1.8,39.29,0
WELL-04,2026-08-05T07:00,450.5,510.5,1133.18,21.23,2127.24,83.93,72.6,1.86,43.04,0
WELL-04,2026-08-05T08:00,429.6,471.61,1097.79,20.03,2143.28,85.43,77.8,1.87,38.58,0
WELL-04,2026-08-05T09:00,446.5,481.03,1077.34,20.96,2170.94,85.28,75.3,1.69,40.66,0
WELL-04,2026-08-05T10:00,428.47,444.8,1038.12,21.42,2162.55,86.41,69.2,1.81,38.51,0
WELL-04,2026-08-05T11:00,448.66,488.13,1087.99,21.0,2103.88,81.87,68.5,1.64,42.54,0
WELL-04,2026-08-05T12:00,445.2,488.94,1098.25,20.67,2252.05,85.72,74.2,1.76,38.67,0
WELL-04,2026-08-05T13:00,441.44,491.79,1114.07,20.59,2203.39,82.16,77.5,1.75,38.85,0
WELL-04,2026-08-05T14:00,452.03,469.83,1039.38,20.28,2250.51,82.65,70.8,1.6,39.97,0
WELL-04,2026-08-05T15:00,436.81,490.89,1123.81,20.82,2263.04,82.27,70.2,1.81,38.36,0
WELL-04,2026-08-05T16:00,438.46,461.67,1052.93,20.04,2271.2,81.92,75.0,1.96,41.65,0
WELL-04,2026-08-05T17:00,413.68,429.73,1038.8,20.34,2225.47,85.75,73.0,1.88,41.62,0
WELL-04,2026-08-05T18:00,452.82,458.12,1011.7,20.19,2181.85,82.81,79.0,1.78,41.9,0
WELL-04,2026-08-05T19:00,429.67,481.48,1120.58,20.35,2200.96,82.41,70.1,1.64,40.06,0
WELL-04,2026-08-05T20:00,450.55,489.38,1086.19,20.08,2268.4,85.43,74.3,1.61,41.82,0
WELL-04,2026-08-05T21:00,431.99,463.06,1071.92,21.56,2149.36,84.59,69.6,1.82,41.42,0
WELL-04,2026-08-05T22:00,415.95,448.76,1078.88,20.08,2135.3,86.05,75.4,1.95,39.0,0
WELL-04,2026-08-05T23:00,416.34,459.8,1104.38,21.9,2174.42,82.08,77.8,1.81,38.36,0
WELL-04,2026-08-06T00:00,426.42,470.28,1102.86,20.04,2261.24,82.19,69.7,1.85,42.38,0
WELL-04,2026-08-06T01:00,423.7,460.93,1087.87,21.77,2102.18,81.9,76.4,1.81,38.72,0
WELL-04,2026-08-06T02:00,436.48,459.66,1053.1,20.32,2201.54,84.19,74.7,1.66,38.74,0
WELL-04,2026-08-06T03:00,424.8,457.93,1077.99,21.13,2109.62,85.27,71.1,1.85,39.9,0
WELL-04,2026-08-06T04:00,434.58,448.34,1031.66,20.34,2089.25,84.14,69.3,1.81,40.8,0
WELL-04,2026-08-06T05:00,436.72,484.23,1108.79,22.09,2114.92,86.41,71.4,2.07,40.62,0
WELL-04,2026-08-06T06:00,414.71,471.76,1137.54,20.86,2182.78,83.06,68.9,2.17,45.23,0
WELL-04,2026-08-06T07:00,425.49,480.13,1128.41,21.87,2152.37,84.8,74.3,1.96,45.67,0
WELL-04,2026-08-06T08:00,425.14,488.77,1149.68,21.81,2162.71,83.17,69.1,1.93,45.87,0
WELL-04,2026-08-06T09:00,385.9,436.06,1129.98,20.79,2179.55,83.99,70.7,2.11,45.48,0
WELL-04,2026-08-06T10:00,399.95,435.83,1089.7,20.82,2174.15,87.66,74.4,2.17,46.43,0
WELL-04,2026-08-06T11:00,380.97,442.76,1162.18,23.12,2093.93,83.86,66.8,2.25,45.86,0
WELL-04,2026-08-06T12:00,380.21,441.1,1160.15,22.26,2170.72,84.84,76.2,2.44,45.73,0
WELL-04,2026-08-06T13:00,384.58,436.47,1134.94,22.85,2140.79,86.18,66.4,2.4,49.59,0
WELL-04,2026-08-06T14:00,376.8,394.52,1047.03,21.4,2140.49,86.98,67.1,2.21,45.29,0
WELL-04,2026-08-06T15:00,381.9,437.9,1146.63,23.21,2127.36,87.39,74.7,2.59,46.77,0
WELL-04,2026-08-06T16:00,384.35,431.19,1121.86,22.57,1990.24,87.29,73.1,2.32,46.63,0
WELL-04,2026-08-06T17:00,389.56,425.6,1092.52,23.68,2002.6,85.14,74.1,2.16,47.24,0
WELL-04,2026-08-06T18:00,393.66,432.07,1097.58,22.57,2107.54,87.95,70.6,2.78,49.92,0
WELL-04,2026-08-06T19:00,362.98,382.91,1054.9,23.69,2036.54,88.7,71.8,2.69,52.78,0
WELL-04,2026-08-06T20:00,375.85,410.6,1092.47,22.46,2082.39,89.8,69.2,2.3,49.62,0
WELL-04,2026-08-06T21:00,365.72,433.01,1184.02,23.1,2032.92,87.4,68.3,2.48,50.92,0
WELL-04,2026-08-06T22:00,346.88,373.93,1077.98,22.29,2027.67,87.3,74.5,2.73,55.17,0
WELL-04,2026-08-06T23:00,361.3,409.08,1132.24,22.44,2045.63,86.63,71.0,3.02,54.16,0
WELL-04,2026-08-07T00:00,348.16,409.17,1175.22,23.76,2028.82,87.46,73.2,2.91,53.58,0
WELL-04,2026-08-07T01:00,362.58,423.45,1167.89,22.82,1925.36,89.72,67.8,3.0,52.8,0
WELL-04,2026-08-07T02:00,360.14,413.81,1149.02,23.83,1925.98,89.57,67.5,2.81,56.1,0
WELL-04,2026-08-07T03:00,351.88,412.82,1173.17,24.02,1985.76,88.75,65.4,3.21,55.85,0
WELL-04,2026-08-07T04:00,358.78,429.02,1195.76,23.69,1905.54,88.74,62.7,3.29,56.76,0
WELL-04,2026-08-07T05:00,334.6,367.68,1098.88,23.98,1914.14,91.72,66.5,3.09,58.81,0
WELL-04,2026-08-07T06:00,335.29,382.06,1139.49,24.69,1906.69,91.86,68.6,3.54,56.3,0
WELL-04,2026-08-07T07:00,327.03,378.8,1158.32,25.2,1888.83,93.31,66.4,2.92,56.78,0
WELL-04,2026-08-07T08:00,326.29,361.0,1106.38,23.91,1951.87,88.79,71.7,3.47,59.37,0
WELL-04,2026-08-07T09:00,315.86,358.08,1133.68,23.99,1950.55,89.5,65.9,3.11,63.51,0
WELL-04,2026-08-07T10:00,316.28,371.73,1175.34,24.77,1885.88,92.46,65.7,3.44,59.63,0
WELL-04,2026-08-07T11:00,318.58,362.09,1136.57,25.73,1858.77,91.14,68.7,3.73,61.92,0
WELL-04,2026-08-07T12:00,310.44,382.87,1233.3,24.59,1888.04,93.47,66.5,3.27,66.29,0
WELL-04,2026-08-07T13:00,300.68,332.83,1106.92,24.5,1930.3,94.29,69.5,3.75,60.33,0
WELL-04,2026-08-07T14:00,313.8,379.64,1209.81,24.38,1833.57,92.74,68.1,3.7,62.3,0
WELL-04,2026-08-07T15:00,300.56,359.67,1196.67,26.17,1894.27,94.54,68.7,3.89,62.23,0
WELL-04,2026-08-07T16:00,320.14,367.83,1148.96,25.26,1923.41,94.03,69.4,4.21,66.86,0
WELL-04,2026-08-07T17:00,293.01,335.2,1144.0,25.49,1846.9,94.61,61.0,3.51,69.06,0
WELL-04,2026-08-07T18:00,312.5,391.09,1251.49,24.85,1832.7,93.66,60.9,3.95,69.9,0
WELL-04,2026-08-07T19:00,287.23,356.41,1240.82,26.68,1889.98,92.5,59.4,3.73,64.77,0
WELL-04,2026-08-07T20:00,289.55,342.83,1184.0,26.76,1781.32,91.66,63.4,4.45,72.5,0
WELL-04,2026-08-07T21:00,286.37,337.5,1178.58,25.77,1838.38,95.15,62.7,4.07,70.85,0
WELL-04,2026-08-07T22:00,285.42,331.89,1162.81,26.52,1846.03,95.4,63.2,4.65,68.64,0
WELL-04,2026-08-07T23:00,293.44,340.51,1160.38,25.54,1812.68,96.05,64.8,4.6,69.75,0
WELL-04,2026-08-08T00:00,265.69,307.2,1156.23,26.31,1727.12,95.06,64.9,4.68,68.43,0
WELL-04,2026-08-08T01:00,280.18,342.5,1222.44,26.02,1760.72,92.85,63.6,4.72,76.94,0
WELL-04,2026-08-08T02:00,274.88,336.5,1224.17,25.08,1823.21,94.23,64.4,4.46,77.77,0
WELL-04,2026-08-08T03:00,265.61,324.12,1220.26,26.93,1750.34,94.86,60.3,4.66,74.49,0
WELL-04,2026-08-08T04:00,266.92,315.85,1183.32,25.92,1740.2,98.02,60.7,4.36,71.85,0
WELL-04,2026-08-08T05:00,272.99,321.28,1176.89,25.72,1673.16,94.33,59.3,4.83,76.56,0
WELL-04,2026-08-08T06:00,248.22,291.35,1173.72,27.43,1705.5,94.85,61.8,4.37,73.2,0
WELL-04,2026-08-08T07:00,263.05,311.86,1185.54,26.05,1702.5,95.0,57.3,5.12,80.79,0
WELL-04,2026-08-08T08:00,248.27,303.09,1220.8,27.51,1704.84,95.91,58.9,5.32,75.8,1
WELL-04,2026-08-08T09:00,250.46,294.44,1175.59,26.0,1761.94,95.66,65.5,4.89,76.29,0
WELL-04,2026-08-08T10:00,258.22,320.28,1240.33,26.69,1761.68,98.43,64.1,4.59,85.62,0
WELL-04,2026-08-08T11:00,233.11,272.87,1170.56,28.03,1700.22,100.07,65.0,5.41,78.16,1
WELL-04,2026-08-08T12:00,246.15,319.99,1300.0,26.23,1616.97,100.07,57.9,5.04,79.31,0
WELL-04,2026-08-08T13:00,236.05,288.69,1222.98,28.37,1686.11,96.73,57.4,5.1,81.64,0
WELL-04,2026-08-08T14:00,225.22,293.59,1303.55,28.58,1607.83,100.32,61.9,5.16,84.2,1
WELL-04,2026-08-08T15:00,226.13,297.74,1316.66,27.89,1594.86,98.38,59.2,5.32,84.14,0
WELL-04,2026-08-08T16:00,226.18,267.62,1183.22,28.24,1579.19,100.96,56.2,5.42,90.9,0
WELL-04,2026-08-08T17:00,213.76,259.91,1215.91,27.81,1647.49,97.64,62.6,5.33,85.85,1
WELL-04,2026-08-08T18:00,225.75,286.7,1269.96,26.86,1639.99,99.07,63.4,5.8,87.46,1
WELL-04,2026-08-08T19:00,207.02,268.75,1298.18,26.89,1609.12,100.96,55.4,5.88,85.3,0
WELL-04,2026-08-08T20:00,206.58,255.25,1235.61,27.37,1582.3,98.58,58.0,5.83,89.09,0
WELL-04,2026-08-08T21:00,217.75,286.78,1317.01,28.57,1663.44,97.45,60.5,5.32,95.53,0
WELL-04,2026-08-08T22:00,211.95,272.35,1285.0,29.2,1580.61,99.56,58.4,5.68,87.28,0
WELL-04,2026-08-08T23:00,199.44,256.38,1285.47,27.84,1588.76,98.8,55.8,6.18,96.08,1
WELL-04,2026-08-09T00:00,196.94,261.43,1327.48,29.8,1523.02,98.27,60.4,6.2,96.09,0
WELL-04,2026-08-09T01:00,196.42,261.93,1333.56,27.61,1534.21,100.61,60.0,6.95,96.14,1
WELL-04,2026-08-09T02:00,198.59,259.64,1307.41,27.62,1521.67,97.84,58.4,5.7,92.48,1
WELL-04,2026-08-09T03:00,187.77,248.11,1321.31,30.2,1541.82,103.35,53.7,5.83,90.93,0
WELL-04,2026-08-09T04:00,179.76,240.37,1337.12,28.73,1592.06,103.04,56.6,7.3,96.61,1
WELL-04,2026-08-09T05:00,194.26,260.27,1339.81,28.55,1505.55,100.52,60.2,6.71,100.24,1
WELL-04,2026-08-09T06:00,181.05,239.73,1324.11,29.79,1481.65,99.55,54.8,6.66,104.02,1
WELL-04,2026-08-09T07:00,186.52,243.41,1305.04,29.48,1527.41,99.42,60.2,7.18,97.28,1
WELL-04,2026-08-09T08:00,182.96,230.81,1261.54,28.13,1513.49,101.44,54.7,7.41,97.62,0
WELL-04,2026-08-09T09:00,177.09,233.33,1317.57,28.59,1482.08,102.47,54.0,6.36,106.55,1
WELL-04,2026-08-09T10:00,164.0,219.41,1337.85,30.84,1428.06,99.9,52.4,6.98,103.23,1
WELL-04,2026-08-09T11:00,165.27,202.1,1222.82,29.92,1466.55,101.82,56.6,7.29,102.27,1
WELL-04,2026-08-09T12:00,160.9,197.84,1229.53,28.81,1498.65,101.51,58.5,6.67,105.73,1
WELL-04,2026-08-09T13:00,155.06,201.12,1297.03,31.4,1493.63,100.76,51.7,7.61,104.89,1
WELL-04,2026-08-09T14:00,163.66,221.96,1356.21,30.47,1429.75,105.87,54.7,7.76,102.9,1
WELL-04,2026-08-09T15:00,148.89,188.12,1263.42,30.01,1402.22,103.32,55.2,8.23,102.05,1
WELL-04,2026-08-09T16:00,153.22,206.77,1349.55,29.55,1419.32,105.18,50.5,6.73,112.36,1
WELL-04,2026-08-09T17:00,152.75,211.11,1382.1,29.84,1381.43,101.73,49.7,6.96,102.77,1
WELL-04,2026-08-09T18:00,150.19,208.67,1389.38,32.05,1394.63,106.48,52.5,7.98,113.21,1
WELL-04,2026-08-09T19:00,140.16,195.59,1395.45,31.63,1406.0,102.77,53.3,8.03,107.03,1
WELL-04,2026-08-09T20:00,142.38,198.06,1391.1,31.02,1407.67,101.84,51.0,8.18,110.96,1
WELL-04,2026-08-09T21:00,131.78,172.73,1310.77,31.77,1442.52,107.55,51.5,7.68,110.63,1
WELL-04,2026-08-09T22:00,124.21,160.47,1291.88,31.04,1394.58,107.34,56.3,8.89,116.35,1
WELL-04,2026-08-09T23:00,129.99,175.8,1352.4,31.88,1401.47,104.09,50.1,7.44,120.0,1
WELL-04,2026-08-10T00:00,118.62,164.12,1383.63,32.64,1334.74,105.35,51.5,8.13,118.38,1
WELL-04,2026-08-10T01:00,122.33,166.61,1361.96,31.8,1338.54,103.01,48.2,7.55,113.52,1
WELL-04,2026-08-10T02:00,126.49,175.28,1385.74,31.02,1315.88,107.47,50.1,8.38,122.4,1
WELL-04,2026-08-10T03:00,120.07,166.42,1385.97,32.14,1358.59,105.35,51.6,8.58,111.03,1
WELL-04,2026-08-10T04:00,122.89,173.52,1412.0,32.46,1373.21,107.32,53.8,8.98,115.7,1
WELL-04,2026-08-10T05:00,115.55,153.92,1332.07,30.67,1361.28,106.12,52.3,8.52,109.24,1
WELL-04,2026-08-10T06:00,121.08,168.82,1394.24,31.2,1350.02,103.67,54.1,9.01,112.0,1
WELL-04,2026-08-10T07:00,117.81,165.1,1401.39,32.28,1356.24,107.69,48.5,9.07,108.84,1
WELL-04,2026-08-10T08:00,117.75,150.62,1279.14,30.82,1326.4,105.41,49.1,8.48,118.84,1
WELL-04,2026-08-10T09:00,115.05,162.76,1414.62,30.18,1379.6,108.81,52.5,8.5,122.15,1
WELL-04,2026-08-10T10:00,120.22,170.5,1418.17,32.0,1386.44,107.48,55.4,8.97,113.96,1
WELL-04,2026-08-10T11:00,118.03,161.26,1366.26,32.82,1367.8,106.02,55.5,8.86,114.61,1
WELL-04,2026-08-10T12:00,116.39,154.26,1325.38,32.1,1389.96,106.2,49.0,7.52,113.62,1
WELL-04,2026-08-10T13:00,117.29,159.35,1358.63,32.3,1406.74,103.39,49.5,9.04,114.37,1
WELL-04,2026-08-10T14:00,126.09,165.37,1311.5,32.96,1406.19,105.23,48.7,8.16,119.95,1
WELL-04,2026-08-10T15:00,124.13,164.09,1321.91,30.55,1347.32,105.62,52.8,9.02,118.52,1
WELL-04,2026-08-10T16:00,121.33,158.91,1309.66,31.74,1396.97,104.98,52.6,8.11,110.69,1
WELL-04,2026-08-10T17:00,122.69,173.96,1417.9,32.11,1344.49,103.34,50.3,7.46,118.4,1
WELL-04,2026-08-10T18:00,114.84,159.15,1385.8,30.71,1313.07,103.18,53.6,8.27,116.72,1
WELL-04,2026-08-10T19:00,123.91,168.55,1360.3,31.3,1328.09,105.26,52.2,8.86,115.56,1
WELL-04,2026-08-10T20:00,118.28,166.14,1404.62,30.85,1368.57,107.14,48.1,8.8,118.29,1
WELL-04,2026-08-10T21:00,116.34,163.79,1407.88,30.01,1410.31,105.09,54.5,7.5,115.54,1
WELL-04,2026-08-10T22:00,121.17,163.14,1346.45,30.94,1348.96,103.9,54.0,8.38,111.48,1
WELL-04,2026-08-10T23:00,120.4,154.51,1283.3,30.87,1346.1,109.11,48.6,7.77,108.82,1
WELL-04,2026-08-11T00:00,115.89,150.04,1294.65,32.38,1312.51,105.74,54.0,7.76,109.21,1
WELL-04,2026-08-11T01:00,121.86,155.56,1276.53,31.19,1376.7,106.94,53.2,8.14,109.87,1
WELL-04,2026-08-11T02:00,120.81,154.27,1277.02,30.99,1394.31,103.23,50.6,7.63,118.63,1
WELL-04,2026-08-11T03:00,116.96,164.83,1409.27,30.7,1381.95,107.75,55.7,8.12,111.79,1
WELL-04,2026-08-11T04:00,117.69,164.91,1401.22,31.45,1358.99,105.97,49.0,9.04,116.09,1
WELL-04,2026-08-11T05:00,118.72,158.46,1334.73,31.3,1341.68,105.27,51.0,8.75,115.82,1
WELL-04,2026-08-11T06:00,121.88,155.2,1273.42,31.74,1313.17,105.11,51.3,8.12,116.8,1
WELL-04,2026-08-11T07:00,115.17,147.87,1283.97,30.92,1344.06,105.41,49.6,8.06,120.89,1
WELL-04,2026-08-11T08:00,117.0,153.9,1315.34,32.06,1320.11,108.16,53.2,8.33,122.35,1
WELL-04,2026-08-11T09:00,118.62,164.52,1386.98,31.52,1340.82,108.22,51.8,8.67,114.49,1
WELL-04,2026-08-11T10:00,120.94,162.75,1345.75,32.94,1303.65,103.66,52.9,8.39,117.13,1
WELL-04,2026-08-11T11:00,122.45,172.47,1408.44,30.43,1340.69,106.61,53.0,8.07,118.0,1
WELL-04,2026-08-11T12:00,121.11,159.65,1318.17,31.87,1339.49,105.57,48.7,7.57,110.99,1
WELL-04,2026-08-11T13:00,116.21,154.27,1327.5,31.25,1321.84,104.87,47.8,8.31,110.91,1
WELL-04,2026-08-11T14:00,121.55,154.29,1269.35,31.78,1321.3,103.91,53.4,8.58,109.96,1
WELL-04,2026-08-11T15:00,115.32,152.1,1318.86,31.65,1395.57,105.72,50.5,7.48,108.92,1
WELL-04,2026-08-11T16:00,121.73,171.64,1409.98,31.08,1388.4,104.07,50.2,7.56,108.91,1
WELL-04,2026-08-11T17:00,116.25,148.68,1279.03,32.42,1305.75,107.63,53.2,8.2,109.22,1
WELL-04,2026-08-11T18:00,122.48,164.7,1344.67,30.13,1375.81,103.63,53.8,8.89,121.7,1
WELL-04,2026-08-11T19:00,118.22,155.57,1315.98,30.22,1397.62,106.72,47.8,9.16,117.65,1
WELL-04,2026-08-11T20:00,123.67,172.81,1397.3,32.3,1340.08,105.99,50.5,7.56,114.82,1
WELL-04,2026-08-11T21:00,115.48,158.24,1370.36,31.1,1399.29,107.18,49.4,9.29,108.85,1
WELL-04,2026-08-11T22:00,118.2,161.54,1366.62,31.62,1324.55,108.04,50.0,7.67,113.54,1
WELL-04,2026-08-11T23:00,116.44,151.42,1300.41,31.39,1381.16,103.27,48.4,8.63,118.9,1
WELL-04,2026-08-12T00:00,120.86,158.63,1312.51,31.31,1342.76,106.75,50.4,7.4,119.26,1
WELL-04,2026-08-12T01:00,124.68,163.7,1312.93,31.36,1375.0,107.49,52.2,7.9,118.99,1
WELL-04,2026-08-12T02:00,125.97,161.39,1281.24,29.98,1361.11,107.7,54.4,7.43,109.13,1
WELL-04,2026-08-12T03:00,123.75,155.87,1259.5,32.65,1336.06,107.94,52.8,9.18,113.16,1
WELL-04,2026-08-12T04:00,122.27,164.11,1342.18,29.93,1373.15,103.79,50.2,7.48,118.15,1
WELL-04,2026-08-12T05:00,124.55,168.34,1351.53,31.99,1340.81,107.89,54.4,9.0,113.38,1
WELL-04,2026-08-12T06:00,122.4,156.0,1274.51,32.81,1321.02,105.57,53.4,7.74,119.39,1
WELL-04,2026-08-12T07:00,125.71,174.66,1389.38,31.52,1339.45,103.03,51.4,8.76,121.04,1
WELL-04,2026-08-12T08:00,121.56,154.99,1274.98,32.53,1309.1,105.09,50.6,7.58,109.05,1
WELL-04,2026-08-12T09:00,121.82,160.4,1316.67,30.64,1315.23,104.66,52.3,8.62,117.08,1
WELL-04,2026-08-12T10:00,121.95,169.68,1391.39,30.44,1388.18,107.18,49.2,7.74,113.83,1
WELL-04,2026-08-12T11:00,120.46,155.77,1293.1,30.12,1346.79,105.61,51.1,9.0,115.16,1
WELL-04,2026-08-12T12:00,122.64,165.56,1349.92,30.96,1327.95,107.86,54.6,8.9,121.82,1
WELL-04,2026-08-12T13:00,123.43,170.8,1383.85,31.31,1397.36,106.69,54.6,7.51,109.34,1
WELL-04,2026-08-12T14:00,117.14,158.55,1353.52,32.78,1319.91,103.4,49.4,7.82,120.89,1
WELL-04,2026-08-12T15:00,116.87,151.46,1295.99,30.54,1404.08,108.6,50.0,8.39,111.69,1
WELL-04,2026-08-12T16:00,119.01,165.18,1387.99,30.56,1313.35,108.95,54.2,8.28,119.64,1
WELL-04,2026-08-12T17:00,122.48,164.1,1339.81,32.73,1332.18,105.99,49.4,7.86,120.07,1
WELL-04,2026-08-12T18:00,118.47,155.97,1316.46,32.22,1322.04,108.53,49.0,8.51,117.28,1
WELL-04,2026-08-12T19:00,124.17,159.61,1285.45,31.29,1304.57,106.08,52.7,9.12,115.88,1
WELL-04,2026-08-12T20:00,116.13,151.89,1307.97,31.78,1333.57,105.63,47.6,9.18,111.55,1
WELL-04,2026-08-12T21:00,118.9,162.24,1364.51,30.32,1342.16,105.71,52.3,7.43,112.76,1
WELL-04,2026-08-12T22:00,115.94,150.07,1294.34,32.19,1356.23,103.23,48.5,8.19,112.35,1
WELL-04,2026-08-12T23:00,122.87,174.07,1416.64,30.8,1329.51,107.05,52.9,7.31,115.96,1
WELL-04,2026-08-13T00:00,120.94,159.6,1319.71,30.15,1327.31,107.09,53.5,8.42,110.34,1
WELL-04,2026-08-13T01:00,432.88,454.12,1049.08,21.14,2252.74,82.48,68.1,1.75,39.04,0
WELL-04,2026-08-13T02:00,444.58,474.62,1067.58,21.87,2167.51,85.0,69.2,1.76,41.64,0
WELL-04,2026-08-13T03:00,438.97,463.78,1056.52,21.66,2166.51,83.41,75.2,1.66,40.82,0
WELL-04,2026-08-13T04:00,430.01,451.97,1051.06,20.77,2146.39,82.44,77.3,1.7,42.68,0
WELL-04,2026-08-13T05:00,441.15,474.56,1075.76,20.08,2213.12,82.74,73.9,1.96,38.3,0
WELL-04,2026-08-13T06:00,452.19,466.79,1032.3,21.09,2254.35,85.96,77.3,1.67,39.2,0
WELL-04,2026-08-13T07:00,421.55,432.17,1025.21,20.28,2235.09,86.23,70.8,1.9,40.29,0
WELL-04,2026-08-13T08:00,448.4,472.83,1054.49,20.72,2108.64,83.27,78.5,1.61,39.5,0
WELL-04,2026-08-13T09:00,448.91,466.76,1039.76,21.49,2150.97,85.35,75.6,1.85,39.71,0
WELL-04,2026-08-13T10:00,421.68,474.66,1125.64,20.08,2139.34,82.21,73.7,1.97,41.59,0
WELL-04,2026-08-13T11:00,446.21,481.89,1079.97,19.97,2134.76,85.19,77.1,1.79,39.23,0
WELL-04,2026-08-13T12:00,448.66,498.8,1111.76,21.37,2264.57,82.79,79.2,1.79,38.66,0
WELL-04,2026-08-13T13:00,429.21,449.37,1046.97,20.56,2155.2,82.35,70.0,1.77,43.17,0
WELL-04,2026-08-13T14:00,430.01,452.99,1053.45,21.85,2144.01,82.54,77.7,1.64,41.84,0
WELL-04,2026-08-13T15:00,414.92,450.57,1085.91,21.76,2250.14,86.18,73.9,1.72,39.57,0
WELL-04,2026-08-13T16:00,419.02,427.47,1020.16,21.6,2120.15,84.76,73.2,1.87,43.07,0
WELL-04,2026-08-13T17:00,441.78,464.17,1050.69,21.58,2145.79,83.17,76.8,1.86,38.49,0
WELL-04,2026-08-13T18:00,440.5,495.79,1125.53,21.81,2204.02,83.22,76.3,1.86,38.91,0
WELL-04,2026-08-13T19:00,452.68,504.74,1115.01,20.27,2180.05,86.33,79.0,1.6,40.33,0
WELL-04,2026-08-13T20:00,445.49,453.35,1017.64,21.59,2153.59,81.89,71.0,1.96,40.26,0
WELL-04,2026-08-13T21:00,429.83,435.28,1012.68,20.8,2217.59,81.97,78.2,1.75,42.94,0
WELL-04,2026-08-13T22:00,429.14,477.59,1112.89,20.24,2215.16,86.52,72.7,1.59,39.41,0
WELL-04,2026-08-13T23:00,425.5,451.98,1062.24,21.92,2169.04,86.04,72.2,1.74,39.12,0
WELL-04,2026-08-14T00:00,412.21,424.19,1029.05,20.88,2107.38,86.15,74.8,1.59,38.95,0
WELL-04,2026-08-14T01:00,418.69,466.69,1114.65,21.35,2260.45,86.54,75.1,1.59,38.96,0
WELL-04,2026-08-14T02:00,446.44,467.15,1046.39,21.06,2244.5,83.27,69.0,1.88,41.82,0
WELL-04,2026-08-14T03:00,410.93,442.04,1075.71,20.34,2172.76,85.1,77.9,1.98,41.9,0
WELL-04,2026-08-14T04:00,447.26,486.57,1087.9,20.2,2126.93,82.48,76.9,1.75,38.87,0
WELL-04,2026-08-14T05:00,427.52,439.88,1028.9,20.79,2160.72,84.9,68.4,1.61,39.67,0
WELL-04,2026-08-14T06:00,424.01,464.87,1096.37,21.52,2231.92,81.7,73.0,1.92,40.1,0
WELL-04,2026-08-14T07:00,426.2,480.28,1126.91,20.21,2168.36,84.83,73.9,1.88,42.79,0
WELL-04,2026-08-14T08:00,450.3,462.79,1027.74,20.24,2207.97,83.17,68.3,1.8,40.01,0
WELL-04,2026-08-14T09:00,439.88,451.95,1027.42,21.88,2177.62,81.81,69.1,1.85,42.49,0
WELL-04,2026-08-14T10:00,443.85,472.24,1063.97,20.73,2139.14,86.4,74.3,1.77,43.11,0
WELL-04,2026-08-14T11:00,425.6,475.32,1116.83,21.78,2259.16,81.82,71.6,1.96,39.51,0
WELL-04,2026-08-14T12:00,436.67,457.53,1047.77,20.82,2146.58,85.14,68.5,1.77,40.93,0
WELL-04,2026-08-14T13:00,410.46,459.32,1119.04,21.26,2268.38,84.77,70.7,1.68,40.16,0
WELL-04,2026-08-14T14:00,411.99,460.22,1117.07,21.07,2221.92,86.28,70.7,1.97,42.21,0
WELL-04,2026-08-14T15:00,450.11,484.11,1075.55,20.29,2260.56,82.38,73.5,1.82,40.84,0
WELL-04,2026-08-14T16:00,450.59,464.86,1031.67,19.99,2185.04,84.56,71.5,1.68,41.69,0
WELL-04,2026-08-14T17:00,437.9,484.52,1106.48,21.94,2132.74,81.92,76.1,1.79,40.4,0
WELL-04,2026-08-14T18:00,450.13,470.87,1046.09,20.43,2212.83,84.12,77.8,1.69,41.34,0
WELL-04,2026-08-14T19:00,448.49,468.81,1045.29,21.03,2237.86,85.19,69.2,1.77,42.42,0
WELL-04,2026-08-14T20:00,416.07,423.95,1018.93,20.66,2150.56,82.49,75.1,1.77,41.17,0
WELL-04,2026-08-14T21:00,418.5,470.45,1124.14,19.94,2187.07,81.96,68.4,1.9,40.28,0
WELL-04,2026-08-14T22:00,434.67,464.9,1069.57,20.59,2157.33,82.42,71.2,1.97,42.47,0
WELL-04,2026-08-14T23:00,421.73,442.11,1048.34,21.61,2188.24,82.8,70.6,1.76,40.23,0
WELL-04,2026-08-15T00:00,411.28,452.28,1099.69,21.09,2125.24,83.05,71.5,1.96,42.23,0
WELL-04,2026-08-15T01:00,412.49,441.79,1071.05,21.91,2203.37,85.91,68.2,1.9,38.65,0
WELL-04,2026-08-15T02:00,422.63,468.28,1108.0,21.61,2209.09,83.36,74.9,1.82,39.23,0
WELL-04,2026-08-15T03:00,450.93,506.21,1122.59,21.05,2246.59,84.52,79.5,1.77,42.79,0
WELL-04,2026-08-15T04:00,443.4,455.02,1026.19,20.97,2141.72,81.75,71.9,1.62,42.9,0
WELL-04,2026-08-15T05:00,412.12,415.71,1008.73,21.69,2231.87,82.92,68.7,1.69,39.67,0
WELL-04,2026-08-15T06:00,428.9,438.93,1023.38,21.46,2242.67,84.11,73.7,1.96,41.02,0
WELL-04,2026-08-15T07:00,441.53,492.67,1115.84,21.5,2262.53,84.42,74.7,1.74,40.05,0
WELL-04,2026-08-15T08:00,420.95,434.91,1033.16,20.05,2275.37,82.14,76.5,1.74,39.8,0
WELL-04,2026-08-15T09:00,414.88,435.76,1050.32,21.35,2212.51,82.62,73.7,1.59,41.8,0
WELL-04,2026-08-15T10:00,440.94,454.51,1030.77,21.08,2236.6,85.84,73.7,1.62,42.25,0
WELL-04,2026-08-15T11:00,443.87,503.48,1134.3,21.91,2111.7,84.27,68.6,1.84,42.49,0
WELL-04,2026-08-15T12:00,437.15,446.43,1021.22,20.44,2252.5,81.84,72.9,1.6,42.99,0
WELL-04,2026-08-15T13:00,425.76,477.28,1121.0,19.91,2197.16,83.18,73.7,1.99,39.45,0
WELL-04,2026-08-15T14:00,448.86,461.7,1028.61,19.99,2127.0,83.19,72.6,1.79,42.94,0
WELL-04,2026-08-15T15:00,435.58,467.08,1072.31,20.27,2125.45,84.07,78.8,1.97,41.38,0
WELL-04,2026-08-15T16:00,414.81,466.95,1125.71,21.04,2119.33,84.66,73.2,1.91,41.27,0
WELL-04,2026-08-15T17:00,446.28,491.13,1100.51,20.26,2110.4,83.16,76.5,1.64,38.49,0
WELL-04,2026-08-15T18:00,412.64,463.89,1124.21,21.49,2138.16,81.89,73.0,1.72,39.29,0
WELL-04,2026-08-15T19:00,429.63,486.8,1133.07,21.38,2242.6,84.52,68.8,1.6,39.28,0
WELL-04,2026-08-15T20:00,444.67,487.32,1095.91,20.57,2266.56,81.85,77.9,1.88,39.82,0
WELL-04,2026-08-15T21:00,429.01,465.53,1085.13,21.27,2128.0,82.39,69.2,1.81,40.05,0
WELL-04,2026-08-15T22:00,427.65,469.9,1098.81,19.98,2234.75,86.24,72.1,1.9,39.38,0
WELL-04,2026-08-15T23:00,427.88,471.37,1101.66,20.01,2257.8,85.92,73.5,1.64,41.54,0
WELL-04,2026-08-16T00:00,411.15,463.52,1127.39,20.09,2249.05,83.13,77.4,1.93,41.98,0
WELL-04,2026-08-16T01:00,452.51,511.7,1130.82,20.09,2127.95,85.81,77.4,1.89,40.19,0
WELL-04,2026-08-16T02:00,444.32,488.3,1098.98,20.97,2213.31,85.01,72.7,1.83,40.44,0
WELL-04,2026-08-16T03:00,440.16,488.64,1110.13,20.86,2138.92,83.19,73.8,1.76,40.17,0
WELL-04,2026-08-16T04:00,438.54,462.48,1054.6,19.95,2222.08,83.28,78.5,1.77,38.77,0
WELL-04,2026-08-16T05:00,446.81,486.43,1088.69,20.14,2115.48,84.9,71.5,1.72,38.9,0
WELL-04,2026-08-16T06:00,410.05,442.03,1077.99,20.88,2215.78,81.95,69.2,1.95,43.06,0
WELL-04,2026-08-16T07:00,428.58,460.7,1074.94,21.8,2191.23,81.62,72.3,1.73,41.93,0
WELL-04,2026-08-16T08:00,427.97,465.99,1088.84,21.0,2102.72,84.32,79.7,1.93,41.41,0
WELL-04,2026-08-16T09:00,452.32,483.66,1069.29,20.02,2148.3,82.46,72.0,1.95,39.42,0
WELL-04,2026-08-16T10:00,445.61,493.07,1106.52,21.0,2124.23,83.35,71.6,1.65,39.7,0
WELL-04,2026-08-16T11:00,435.43,474.62,1090.0,21.56,2261.3,86.39,74.7,1.74,39.94,0
WELL-04,2026-08-16T12:00,445.99,502.34,1126.34,21.24,2217.7,86.37,71.4,1.76,39.08,0
WELL-04,2026-08-16T13:00,449.89,457.59,1017.12,21.01,2239.02,82.82,79.1,1.6,42.49,0
WELL-04,2026-08-16T14:00,417.73,446.66,1069.27,20.69,2179.07,85.99,75.5,1.94,40.34,0
WELL-04,2026-08-16T15:00,421.65,472.1,1119.65,20.3,2139.0,85.17,78.5,1.63,41.38,0
WELL-04,2026-08-16T16:00,425.13,447.07,1051.61,21.55,2199.13,86.21,75.4,1.59,39.77,0
WELL-04,2026-08-16T17:00,419.35,462.05,1101.81,21.79,2126.14,83.04,74.8,1.63,40.57,0
WELL-04,2026-08-16T18:00,451.79,491.03,1086.86,20.25,2253.65,85.05,78.8,1.95,42.09,0
WELL-04,2026-08-16T19:00,421.35,447.67,1062.46,20.23,2196.45,85.96,78.9,1.96,39.7,0
WELL-04,2026-08-16T20:00,429.88,447.34,1040.61,19.96,2202.16,86.04,74.9,1.81,41.95,0
WELL-04,2026-08-16T21:00,443.54,482.17,1087.09,21.84,2165.34,82.52,78.1,1.59,42.9,0
WELL-04,2026-08-16T22:00,424.13,459.93,1084.39,20.09,2205.36,86.52,76.0,1.96,40.63,0
WELL-04,2026-08-16T23:00,431.29,481.51,1116.42,21.42,2246.33,86.28,68.1,1.63,40.15,0
WELL-04,2026-08-17T00:00,437.58,477.57,1091.39,20.86,2158.58,81.72,73.4,1.74,38.56,0
WELL-04,2026-08-17T01:00,445.35,450.67,1011.95,21.16,2230.26,86.22,69.1,1.72,42.73,0
WELL-04,2026-08-17T02:00,417.71,448.82,1074.47,19.99,2141.25,82.36,72.8,1.67,40.69,0
WELL-04,2026-08-17T03:00,409.87,450.68,1099.56,21.09,2145.6,84.05,76.1,1.61,40.48,0
WELL-04,2026-08-17T04:00,446.0,498.18,1117.0,21.12,2169.59,84.96,71.9,1.7,40.44,0
WELL-04,2026-08-17T05:00,440.36,451.97,1026.38,20.79,2123.6,84.52,69.4,1.93,39.05,0
WELL-04,2026-08-17T06:00,429.58,468.84,1091.39,20.36,2223.19,84.37,76.5,1.73,41.99,0
WELL-04,2026-08-17T07:00,431.84,488.86,1132.03,21.18,2163.47,84.39,73.3,2.01,42.95,0
WELL-04,2026-08-17T08:00,411.1,445.37,1083.37,21.18,2273.28,86.47,75.8,1.6,41.91,0
WELL-04,2026-08-17T09:00,441.58,450.35,1019.86,21.18,2185.77,82.62,76.5,1.65,41.11,0
WELL-04,2026-08-17T10:00,414.53,460.38,1110.6,21.93,2104.17,85.1,73.3,1.69,41.03,0
WELL-04,2026-08-17T11:00,440.03,497.95,1131.63,19.89,2240.86,83.39,71.2,1.75,40.87,0
WELL-04,2026-08-17T12:00,416.83,445.78,1069.47,21.94,2148.63,86.1,71.9,1.79,40.16,0
WELL-04,2026-08-17T13:00,425.41,464.72,1092.42,20.23,2257.18,81.82,68.1,1.92,38.86,0
WELL-04,2026-08-17T14:00,451.99,505.07,1117.44,20.1,2196.2,81.79,78.6,1.66,38.56,0
WELL-04,2026-08-17T15:00,447.69,486.52,1086.73,21.9,2211.83,84.61,76.3,1.9,39.84,0
WELL-04,2026-08-17T16:00,429.33,438.7,1021.83,20.58,2171.36,83.84,68.1,1.72,41.62,0
WELL-04,2026-08-17T17:00,417.22,470.23,1127.05,21.09,2145.06,86.22,70.9,1.76,41.13,0
WELL-04,2026-08-17T18:00,443.12,480.77,1084.97,20.78,2192.13,84.66,72.5,1.94,40.52,0
WELL-04,2026-08-17T19:00,421.46,463.98,1100.89,21.66,2270.62,82.97,78.7,1.95,40.56,0
WELL-04,2026-08-17T20:00,427.08,477.05,1117.01,21.78,2238.82,82.83,75.1,1.76,42.63,0
WELL-04,2026-08-17T21:00,422.83,449.68,1063.51,21.56,2262.21,81.73,78.2,1.71,39.38,0
WELL-04,2026-08-17T22:00,432.2,481.34,1113.7,20.65,2214.8,86.55,78.4,1.84,42.26,0
WELL-04,2026-08-17T23:00,421.86,430.65,1020.83,20.5,2238.68,82.65,72.4,1.81,41.97,0
WELL-04,2026-08-18T00:00,428.18,480.56,1122.32,20.72,2162.21,85.29,69.1,2.0,39.17,0
WELL-04,2026-08-18T01:00,417.19,463.59,1111.24,20.22,2275.17,84.24,72.3,1.99,41.6,0
WELL-04,2026-08-18T02:00,442.14,480.1,1085.86,21.86,2167.32,84.58,73.6,1.72,41.25,0
WELL-04,2026-08-18T03:00,442.59,498.35,1125.99,21.27,2187.66,84.45,68.3,1.71,40.24,0
WELL-04,2026-08-18T04:00,423.67,444.49,1049.14,20.78,2208.8,85.13,72.6,1.78,38.59,0
WELL-04,2026-08-18T05:00,422.38,439.13,1039.64,21.64,2213.04,83.98,72.8,1.73,42.03,0
WELL-04,2026-08-18T06:00,434.59,475.0,1093.0,21.25,2185.84,86.51,73.4,1.83,41.45,0
WELL-04,2026-08-18T07:00,447.29,504.13,1127.07,21.51,2246.05,85.68,76.9,1.88,42.02,0
WELL-04,2026-08-18T08:00,445.25,484.28,1087.65,21.08,2111.01,84.25,68.5,1.65,42.17,0
WELL-04,2026-08-18T09:00,446.91,454.39,1016.74,20.52,2121.9,85.83,72.7,1.72,38.52,0
WELL-04,2026-08-18T10:00,420.9,438.41,1041.59,20.11,2205.18,86.35,69.2,1.67,42.93,0
WELL-04,2026-08-18T11:00,416.9,419.7,1006.72,20.16,2128.13,82.78,74.8,1.77,38.81,0
WELL-04,2026-08-18T12:00,452.58,505.63,1117.21,21.54,2245.42,85.48,79.2,1.92,42.53,0
WELL-04,2026-08-18T13:00,424.95,472.62,1112.17,20.89,2212.16,85.1,76.5,1.88,39.23,0
WELL-04,2026-08-18T14:00,444.73,471.4,1059.98,20.4,2102.61,85.11,78.4,1.96,42.32,0
WELL-04,2026-08-18T15:00,442.89,474.6,1071.59,21.09,2264.97,82.06,69.4,1.84,42.38,0
WELL-04,2026-08-18T16:00,446.67,474.95,1063.32,20.52,2204.16,85.97,72.0,1.59,39.47,0
WELL-04,2026-08-18T17:00,445.4,494.57,1110.4,20.44,2199.57,83.73,71.5,1.91,39.42,0
WELL-04,2026-08-18T18:00,450.07,463.4,1029.63,21.04,2112.32,81.86,70.1,1.97,38.74,0
WELL-04,2026-08-18T19:00,450.06,489.48,1087.59,20.41,2205.59,84.25,73.5,1.69,41.21,0
WELL-04,2026-08-18T20:00,432.3,487.09,1126.74,21.73,2180.27,82.74,76.2,1.86,38.34,0
WELL-04,2026-08-18T21:00,428.65,440.08,1026.66,20.51,2272.28,81.59,70.6,1.92,40.97,0
WELL-04,2026-08-18T22:00,439.18,485.72,1105.97,21.93,2231.29,84.68,69.5,1.75,40.77,0
WELL-04,2026-08-18T23:00,444.33,491.65,1106.5,21.36,2117.8,81.82,69.9,1.63,42.76,0
WELL-04,2026-08-19T00:00,438.88,491.72,1120.39,20.69,2275.5,81.78,69.7,1.96,40.92,0
WELL-04,2026-08-19T01:00,420.32,456.29,1085.57,19.97,2142.02,84.29,77.2,1.67,38.67,0
WELL-04,2026-08-19T02:00,420.33,455.31,1083.21,20.46,2251.59,83.5,73.3,1.7,41.01,0
WELL-04,2026-08-19T03:00,434.91,469.52,1079.57,20.06,2209.08,82.63,73.1,1.68,41.0,0
WELL-04,2026-08-19T04:00,432.62,450.28,1040.82,20.17,2127.67,81.82,68.9,1.75,40.53,0
WELL-04,2026-08-19T05:00,425.23,475.52,1118.27,21.79,2200.94,82.64,74.3,1.74,38.94,0
WELL-04,2026-08-19T06:00,419.36,437.07,1042.23,20.21,2208.69,84.12,73.9,2.01,40.17,0
WELL-04,2026-08-19T07:00,452.7,478.75,1057.54,21.6,2253.62,86.28,77.9,1.82,42.9,0
WELL-04,2026-08-19T08:00,413.59,449.94,1087.89,20.18,2126.17,84.05,76.7,1.93,39.5,0
WELL-04,2026-08-19T09:00,427.74,477.96,1117.4,21.68,2272.36,85.35,74.7,1.66,38.34,0
WELL-04,2026-08-19T10:00,418.35,436.56,1043.54,21.09,2148.93,85.82,76.2,1.73,43.0,0
WELL-04,2026-08-19T11:00,417.84,463.66,1109.66,19.93,2191.37,83.63,75.9,1.64,41.01,0
WELL-04,2026-08-19T12:00,436.48,490.71,1124.24,21.49,2170.19,85.42,69.3,1.9,40.82,0
WELL-04,2026-08-19T13:00,445.19,496.08,1114.32,20.52,2117.73,84.16,71.5,1.6,43.06,0
WELL-04,2026-08-19T14:00,432.93,479.57,1107.72,21.42,2239.06,84.08,68.9,1.96,40.41,0
WELL-04,2026-08-19T15:00,449.24,509.07,1133.2,20.13,2176.46,84.94,73.6,1.65,38.52,0
WELL-04,2026-08-19T16:00,444.22,496.74,1118.23,20.87,2251.65,85.01,74.3,1.94,38.86,0
WELL-04,2026-08-19T17:00,427.09,474.85,1111.83,21.49,2188.74,84.57,69.9,1.8,41.09,0
WELL-04,2026-08-19T18:00,423.89,474.14,1118.54,21.68,2211.7,86.02,69.2,1.78,39.56,0
WELL-04,2026-08-19T19:00,429.79,479.18,1114.91,20.83,2144.69,83.79,78.4,1.83,40.77,0
WELL-04,2026-08-19T20:00,442.49,463.75,1048.05,21.27,2187.75,85.73,70.7,1.83,39.05,0
WELL-04,2026-08-19T21:00,418.21,428.34,1024.21,21.61,2174.34,84.82,74.7,1.59,41.28,0
WELL-04,2026-08-19T22:00,430.44,471.63,1095.69,21.54,2151.5,86.16,74.7,1.64,39.64,0
WELL-04,2026-08-19T23:00,414.11,428.19,1034.01,21.39,2148.4,85.3,74.1,1.64,40.44,0
WELL-04,2026-08-20T00:00,448.83,496.41,1106.02,20.75,2118.24,85.53,74.5,1.85,43.07,0
WELL-04,2026-08-20T01:00,410.68,419.06,1020.39,21.63,2107.14,83.52,70.2,1.81,42.09,0
WELL-04,2026-08-20T02:00,415.44,422.72,1017.51,21.05,2264.65,83.05,78.0,1.9,38.52,0
WELL-04,2026-08-20T03:00,432.61,451.55,1043.78,20.71,2221.58,83.48,74.7,1.99,42.99,0
WELL-04,2026-08-20T04:00,411.01,424.49,1032.81,20.89,2232.5,83.88,79.2,1.83,42.29,0
WELL-04,2026-08-20T05:00,451.72,495.14,1096.12,21.55,2148.79,84.74,79.2,1.63,40.69,0
WELL-04,2026-08-20T06:00,441.07,459.56,1041.93,20.7,2123.78,85.24,77.6,1.9,40.64,0
WELL-04,2026-08-20T07:00,415.18,460.21,1108.45,20.94,2200.7,81.92,78.7,1.85,42.08,0
WELL-04,2026-08-20T08:00,413.73,451.21,1090.6,21.19,2180.44,86.29,75.9,1.68,41.79,0
WELL-04,2026-08-20T09:00,417.16,450.57,1080.09,20.56,2167.56,86.09,76.1,1.92,40.75,0
WELL-04,2026-08-20T10:00,432.18,473.01,1094.49,21.84,2220.53,83.86,74.4,2.01,39.42,0
WELL-04,2026-08-20T11:00,431.26,453.48,1051.53,21.63,2139.84,82.91,74.5,1.97,39.67,0
WELL-04,2026-08-20T12:00,429.74,475.26,1105.93,21.77,2157.19,84.68,75.6,1.84,41.14,0
WELL-04,2026-08-20T13:00,431.86,439.3,1017.24,20.4,2195.74,84.79,72.3,1.99,41.85,0
WELL-04,2026-08-20T14:00,451.28,489.47,1084.63,21.26,2239.73,84.46,78.1,1.9,42.91,0
WELL-04,2026-08-20T15:00,431.49,472.98,1096.14,21.46,2159.38,82.82,73.8,1.81,39.0,0
WELL-04,2026-08-20T16:00,436.17,453.53,1039.79,20.73,2194.49,84.98,68.5,1.71,42.39,0
WELL-04,2026-08-20T17:00,424.18,478.52,1128.09,21.18,2225.06,81.91,72.2,1.72,41.91,0
WELL-04,2026-08-20T18:00,423.43,434.87,1027.01,20.3,2234.33,82.16,75.7,1.9,39.58,0
WELL-04,2026-08-20T19:00,438.81,472.7,1077.22,21.54,2109.9,81.58,70.5,1.73,40.1,0
WELL-04,2026-08-20T20:00,424.46,450.18,1060.6,20.46,2257.55,85.46,72.3,1.66,38.46,0
WELL-04,2026-08-20T21:00,437.01,447.82,1024.75,21.78,2271.16,82.76,79.0,2.01,39.42,0
WELL-04,2026-08-20T22:00,436.09,440.99,1011.23,20.28,2166.64,84.67,74.5,1.71,39.83,0
WELL-04,2026-08-20T23:00,437.57,441.51,1009.0,21.96,2143.41,84.56,75.5,2.0,38.67,0
WELL-04,2026-08-21T00:00,448.49,469.61,1047.11,21.68,2157.02,84.72,72.7,1.73,39.38,0
WELL-04,2026-08-21T01:00,431.0,457.2,1060.8,19.9,2177.98,85.3,76.2,2.0,39.73,0
WELL-04,2026-08-21T02:00,441.55,491.0,1112.0,20.12,2193.74,81.69,68.0,1.65,42.36,0
WELL-04,2026-08-21T03:00,423.74,437.27,1031.94,21.2,2213.6,85.32,78.3,1.95,40.02,0
WELL-04,2026-08-21T04:00,425.96,459.58,1078.93,20.56,2130.64,86.5,72.4,1.8,41.06,0
WELL-04,2026-08-21T05:00,447.13,506.0,1131.67,20.24,2193.58,83.57,77.1,2.01,41.26,0
WELL-04,2026-08-21T06:00,426.33,483.34,1133.72,21.17,2113.99,84.23,78.8,1.64,38.72,0
WELL-04,2026-08-21T07:00,443.65,491.06,1106.87,21.79,2243.81,85.81,70.1,1.75,42.48,0
WELL-04,2026-08-21T08:00,415.05,434.73,1047.42,21.3,2184.62,83.6,78.0,1.78,40.49,0
WELL-04,2026-08-21T09:00,433.55,477.4,1101.15,20.01,2165.23,86.29,76.4,1.83,38.68,0
WELL-04,2026-08-21T10:00,447.51,468.51,1046.93,20.44,2115.24,83.21,71.5,1.82,38.64,0
WELL-04,2026-08-21T11:00,422.9,460.54,1088.99,21.53,2104.06,85.97,74.3,1.75,39.38,0
WELL-04,2026-08-21T12:00,415.83,456.64,1098.14,20.48,2239.7,82.86,73.8,1.72,39.28,0
WELL-04,2026-08-21T13:00,441.03,457.64,1037.66,20.19,2235.37,85.8,79.0,1.63,38.85,0
WELL-04,2026-08-21T14:00,447.62,497.07,1110.45,20.08,2261.08,85.72,71.1,1.65,39.82,0
WELL-04,2026-08-21T15:00,415.73,439.35,1056.83,21.73,2105.89,82.21,73.3,1.65,42.0,0
WELL-04,2026-08-21T16:00,418.36,428.92,1025.25,20.8,2117.63,85.1,72.8,1.68,40.73,0
WELL-04,2026-08-21T17:00,433.23,466.55,1076.91,20.03,2216.56,81.93,78.6,1.65,42.12,0
WELL-04,2026-08-21T18:00,451.48,468.62,1037.96,21.32,2233.4,85.34,79.4,1.69,42.45,0
WELL-04,2026-08-21T19:00,417.54,448.83,1074.95,20.04,2204.54,85.32,77.1,1.92,41.42,0
WELL-04,2026-08-21T20:00,432.7,451.07,1042.46,20.63,2211.6,84.19,71.3,1.68,39.48,0
WELL-04,2026-08-21T21:00,431.55,434.65,1007.17,21.46,2128.19,82.75,71.2,1.91,41.47,0
WELL-04,2026-08-21T22:00,435.81,467.12,1071.83,20.45,2231.91,81.84,78.7,1.89,41.21,0
WELL-04,2026-08-21T23:00,416.93,442.03,1060.22,20.06,2188.79,84.21,77.3,1.59,41.34,0
WELL-04,2026-08-22T00:00,417.42,441.88,1058.6,19.94,2110.82,83.11,73.1,1.87,40.65,0
WELL-04,2026-08-22T01:00,441.8,474.3,1073.58,21.34,2136.12,82.5,77.2,1.79,41.58,0
WELL-04,2026-08-22T02:00,425.81,443.61,1041.79,21.09,2137.86,83.62,68.5,1.7,38.6,0
WELL-04,2026-08-22T03:00,429.12,447.12,1041.95,20.71,2142.27,84.86,70.6,2.01,41.84,0
WELL-04,2026-08-22T04:00,421.45,446.94,1060.49,20.45,2177.7,82.51,75.9,1.79,40.72,0
WELL-04,2026-08-22T05:00,441.61,455.11,1030.57,20.54,2249.57,85.18,79.0,1.77,40.9,0
WELL-04,2026-08-22T06:00,416.7,423.9,1017.27,21.62,2173.68,82.98,73.9,1.65,42.1,0
WELL-04,2026-08-22T07:00,426.89,461.2,1080.37,21.76,2238.0,84.8,72.7,1.69,40.93,0
WELL-04,2026-08-22T08:00,438.59,468.98,1069.28,21.06,2136.98,86.14,72.2,1.76,42.39,0
WELL-04,2026-08-22T09:00,443.77,469.2,1057.29,21.15,2228.48,83.22,77.4,1.85,40.24,0
WELL-04,2026-08-22T10:00,423.56,432.87,1021.98,21.37,2273.27,86.25,70.0,1.75,39.05,0
WELL-04,2026-08-22T11:00,420.78,459.97,1093.13,21.74,2127.32,84.11,74.4,1.94,42.94,0
WELL-04,2026-08-22T12:00,438.1,446.32,1018.77,21.42,2222.37,83.16,71.6,1.92,41.94,0
WELL-04,2026-08-22T13:00,440.5,467.84,1062.07,20.55,2145.19,85.95,69.7,1.79,41.85,0
WELL-04,2026-08-22T14:00,442.67,456.93,1032.21,21.26,2146.35,85.11,79.6,1.74,42.65,0
WELL-04,2026-08-22T15:00,440.51,476.57,1081.87,19.92,2197.63,85.26,71.5,1.85,41.79,0
WELL-04,2026-08-22T16:00,441.03,444.03,1006.82,21.79,2242.66,82.25,79.3,1.72,40.38,0
WELL-04,2026-08-22T17:00,409.9,430.83,1051.06,21.7,2185.15,82.65,78.2,1.89,40.42,0
WELL-04,2026-08-22T18:00,415.07,441.42,1063.47,21.81,2240.49,85.93,77.9,1.69,40.32,0
WELL-04,2026-08-22T19:00,411.65,422.26,1025.8,21.06,2143.8,83.46,76.4,2.0,41.94,0
WELL-04,2026-08-22T20:00,452.7,478.83,1057.73,20.05,2185.84,84.23,72.7,1.98,38.43,0
WELL-04,2026-08-22T21:00,429.28,436.58,1017.0,21.94,2127.94,86.3,75.8,1.72,42.88,0
WELL-04,2026-08-22T22:00,419.3,464.8,1108.52,20.23,2114.28,83.29,71.1,1.6,39.01,0
WELL-04,2026-08-22T23:00,443.28,452.17,1020.05,21.19,2189.74,81.74,72.8,1.73,41.49,0
WELL-04,2026-08-23T00:00,418.9,422.96,1009.68,20.9,2127.98,85.68,69.3,1.94,39.75,0
WELL-04,2026-08-23T01:00,412.04,417.64,1013.57,21.26,2179.7,84.66,75.5,1.86,42.97,0
WELL-04,2026-08-23T02:00,440.21,453.36,1029.88,21.83,2200.84,81.91,77.6,1.83,40.84,0
WELL-04,2026-08-23T03:00,443.37,461.08,1039.95,20.2,2234.38,84.7,76.2,1.82,39.83,0
WELL-04,2026-08-23T04:00,441.9,454.03,1027.44,21.94,2264.95,82.67,69.5,1.97,41.3,0
WELL-04,2026-08-23T05:00,435.73,478.19,1097.44,20.65,2205.11,82.2,76.4,1.92,39.89,0
WELL-04,2026-08-23T06:00,449.05,487.82,1086.35,19.95,2156.72,82.31,75.6,1.77,41.96,0
WELL-04,2026-08-23T07:00,437.49,488.15,1115.8,21.74,2190.44,85.87,79.2,1.68,39.46,0
WELL-04,2026-08-23T08:00,432.68,455.67,1053.13,21.36,2123.99,83.26,77.3,1.89,39.41,0
WELL-04,2026-08-23T09:00,436.1,470.97,1079.94,21.37,2177.48,82.25,75.4,1.71,43.05,0
WELL-04,2026-08-23T10:00,441.07,478.55,1084.97,21.44,2154.81,84.89,78.2,1.93,43.03,0
WELL-04,2026-08-23T11:00,441.01,460.31,1043.76,21.08,2237.37,81.99,71.3,1.75,40.29,0
WELL-04,2026-08-23T12:00,451.01,499.28,1107.03,20.14,2141.37,83.51,70.9,1.95,41.14,0
WELL-04,2026-08-23T13:00,415.64,444.44,1069.28,20.55,2190.34,84.28,71.8,1.8,38.93,0
WELL-04,2026-08-23T14:00,435.02,473.82,1089.17,20.96,2267.02,83.66,79.1,1.82,41.95,0
WELL-04,2026-08-23T15:00,447.26,497.14,1111.53,20.7,2159.17,83.08,72.0,1.81,40.78,0
WELL-04,2026-08-23T16:00,427.03,436.51,1022.21,21.82,2160.79,85.08,78.1,1.74,41.79,0
WELL-04,2026-08-23T17:00,445.4,463.72,1041.14,20.52,2178.97,85.43,72.5,1.6,39.7,0
WELL-04,2026-08-23T18:00,437.3,474.97,1086.14,21.65,2191.9,84.24,74.8,1.92,39.1,0
WELL-04,2026-08-23T19:00,415.07,423.42,1020.11,20.11,2171.02,86.11,68.4,1.75,42.52,0
WELL-04,2026-08-23T20:00,429.47,453.31,1055.51,20.53,2263.81,84.35,73.5,1.74,40.53,0
WELL-04,2026-08-23T21:00,425.0,475.31,1118.36,21.84,2122.09,84.03,74.4,1.65,39.93,0
WELL-04,2026-08-23T22:00,424.72,443.84,1045.03,21.59,2137.47,85.1,72.6,1.83,41.33,0
WELL-04,2026-08-23T23:00,450.16,500.15,1111.07,21.88,2271.15,83.91,79.6,1.68,42.85,0
WELL-04,2026-08-24T00:00,433.76,463.93,1069.55,21.17,2150.53,84.26,76.3,1.78,41.81,0
WELL-04,2026-08-24T01:00,418.96,422.78,1009.1,21.66,2209.21,82.67,72.5,1.63,38.84,0
WELL-04,2026-08-24T02:00,442.92,453.33,1023.49,20.67,2259.82,83.91,68.1,1.89,39.64,0
WELL-04,2026-08-24T03:00,423.57,471.1,1112.21,20.39,2153.36,85.37,68.9,1.98,40.76,0
WELL-04,2026-08-24T04:00,421.22,476.96,1132.34,21.36,2102.1,82.18,76.3,1.61,42.58,0
WELL-04,2026-08-24T05:00,419.48,453.26,1080.53,19.94,2208.06,84.5,69.0,1.83,40.86,0
WELL-04,2026-08-24T06:00,444.17,464.56,1045.91,20.47,2116.94,82.53,75.3,1.74,41.67,0
WELL-04,2026-08-24T07:00,436.03,484.99,1112.29,21.49,2218.27,86.47,75.6,1.9,42.73,0
WELL-04,2026-08-24T08:00,436.03,484.44,1111.03,20.07,2161.43,83.85,70.3,1.75,41.83,0
WELL-04,2026-08-24T09:00,419.69,428.65,1021.36,20.11,2102.37,82.22,72.1,1.99,42.22,0
WELL-04,2026-08-24T10:00,419.21,454.15,1083.33,21.69,2258.12,81.58,75.1,2.0,40.55,0
WELL-04,2026-08-24T11:00,414.55,460.75,1111.46,20.85,2232.24,81.8,78.5,1.88,39.08,0
WELL-04,2026-08-24T12:00,421.09,449.2,1066.76,20.51,2265.95,84.42,78.7,1.88,39.77,0
WELL-04,2026-08-24T13:00,413.05,464.32,1124.12,21.72,2155.52,83.47,73.2,2.01,42.78,0
WELL-04,2026-08-24T14:00,447.41,477.97,1068.32,20.79,2134.16,85.21,73.3,1.9,42.09,0
WELL-04,2026-08-24T15:00,419.27,464.35,1107.52,21.68,2238.25,85.75,78.6,1.86,41.81,0
WELL-04,2026-08-24T16:00,419.05,465.74,1111.42,20.18,2263.85,85.61,78.8,1.84,40.44,0
WELL-04,2026-08-24T17:00,451.05,467.18,1035.77,21.23,2266.97,82.35,71.9,1.75,38.56,0
WELL-04,2026-08-24T18:00,417.37,424.87,1017.98,21.6,2226.78,85.78,69.8,1.97,42.59,0
WELL-04,2026-08-24T19:00,434.87,439.86,1011.48,21.69,2140.92,83.49,73.9,1.88,42.38,0
WELL-04,2026-08-24T20:00,447.34,499.23,1116.0,20.47,2219.13,82.72,79.2,1.72,40.62,0
WELL-04,2026-08-24T21:00,417.05,446.31,1070.17,21.87,2135.26,86.34,68.1,1.76,38.9,0
WELL-04,2026-08-24T22:00,435.97,470.23,1078.58,21.1,2239.19,84.29,74.8,1.73,42.69,0
WELL-04,2026-08-24T23:00,421.97,437.38,1036.54,21.69,2252.64,83.97,77.0,1.85,39.47,0
WELL-04,2026-08-25T00:00,426.37,455.85,1069.14,21.39,2198.34,81.94,74.0,1.8,41.93,0
WELL-04,2026-08-25T01:00,434.96,443.18,1018.9,21.5,2140.84,84.61,70.7,1.71,41.55,0
WELL-04,2026-08-25T02:00,442.01,488.4,1104.95,21.92,2192.09,85.5,79.5,1.67,42.45,0
WELL-04,2026-08-25T03:00,435.96,467.06,1071.34,20.03,2133.93,85.59,68.2,1.61,40.46,0
WELL-04,2026-08-25T04:00,419.87,426.05,1014.71,21.28,2252.99,85.8,69.3,1.97,40.63,0
WELL-04,2026-08-25T05:00,441.35,492.87,1116.73,20.16,2221.53,82.13,77.6,1.8,38.44,0
WELL-04,2026-08-25T06:00,443.81,484.14,1090.87,20.98,2249.92,83.1,70.3,1.99,38.57,0
WELL-04,2026-08-25T07:00,422.85,450.98,1066.53,21.44,2244.36,85.25,77.5,1.96,41.22,0
WELL-04,2026-08-25T08:00,411.11,436.5,1061.76,21.96,2135.39,83.14,68.3,1.78,38.84,0
WELL-04,2026-08-25T09:00,433.6,453.64,1046.23,21.37,2171.93,83.96,77.2,1.9,42.56,0
WELL-04,2026-08-25T10:00,440.95,495.55,1123.82,21.75,2174.59,82.83,74.9,1.88,41.67,0
WELL-04,2026-08-25T11:00,416.28,470.89,1131.2,21.48,2198.72,83.43,68.8,1.78,42.03,0
WELL-04,2026-08-25T12:00,445.9,504.01,1130.33,20.95,2191.94,84.26,68.4,1.86,39.3,0
WELL-04,2026-08-25T13:00,409.85,432.9,1056.24,20.02,2261.7,82.18,77.2,1.73,40.48,0
WELL-04,2026-08-25T14:00,420.95,443.97,1054.69,20.78,2113.09,84.63,78.0,2.01,42.16,0
WELL-04,2026-08-25T15:00,450.66,502.05,1114.02,21.14,2208.32,84.03,72.9,2.01,39.43,0
WELL-04,2026-08-25T16:00,436.04,460.0,1054.96,21.65,2143.58,84.62,77.8,1.66,41.5,0
WELL-04,2026-08-25T17:00,442.25,455.89,1030.84,21.16,2183.49,83.98,73.3,1.81,42.96,0
WELL-04,2026-08-25T18:00,443.9,457.86,1031.47,20.95,2223.25,86.21,78.8,1.65,43.06,0
WELL-04,2026-08-25T19:00,438.9,460.54,1049.31,21.18,2158.26,83.32,71.5,1.95,40.71,0
WELL-04,2026-08-25T20:00,442.62,500.4,1130.55,20.56,2217.96,83.1,77.1,1.77,41.53,0
WELL-04,2026-08-25T21:00,413.89,465.04,1123.6,20.58,2155.59,85.83,76.5,1.98,38.82,0
WELL-04,2026-08-25T22:00,426.62,440.03,1031.44,21.21,2204.94,83.97,72.5,1.82,42.33,0
WELL-04,2026-08-25T23:00,439.27,482.29,1097.94,20.5,2160.59,85.4,76.3,1.87,41.36,0
WELL-04,2026-08-26T00:00,422.89,428.47,1013.2,20.39,2235.58,86.1,69.2,1.92,39.8,0
WELL-04,2026-08-26T01:00,419.83,439.0,1045.65,19.91,2226.08,82.19,69.8,1.69,38.32,0
WELL-04,2026-08-26T02:00,429.55,479.74,1116.86,21.66,2233.55,83.18,78.9,1.82,41.84,0
WELL-04,2026-08-26T03:00,418.74,441.53,1054.43,20.68,2208.76,82.41,76.6,1.75,40.72,0
WELL-04,2026-08-26T04:00,441.02,471.82,1069.84,20.89,2205.33,82.34,75.4,1.83,39.71,0
WELL-04,2026-08-26T05:00,443.88,489.79,1103.43,21.21,2214.06,86.15,69.9,1.8,38.64,0
WELL-04,2026-08-26T06:00,439.52,497.07,1130.94,21.5,2262.95,85.69,73.2,1.68,40.3,0
WELL-04,2026-08-26T07:00,423.38,441.33,1042.39,20.82,2257.45,82.59,76.4,1.95,43.17,0
WELL-04,2026-08-26T08:00,438.56,494.58,1127.73,21.62,2269.53,81.93,74.4,1.77,39.31,0
WELL-04,2026-08-26T09:00,428.11,471.08,1100.37,21.95,2153.17,83.67,71.9,1.84,39.88,0
WELL-04,2026-08-26T10:00,452.6,483.16,1067.52,20.21,2193.05,82.74,73.7,1.7,39.04,0
WELL-04,2026-08-26T11:00,409.85,426.94,1041.69,20.61,2227.58,81.59,72.9,1.61,41.77,0
WELL-04,2026-08-26T12:00,425.58,462.02,1085.61,20.33,2105.43,84.01,74.8,1.7,39.41,0
WELL-04,2026-08-26T13:00,424.01,470.66,1110.02,21.61,2133.66,83.46,70.5,1.75,40.85,0
WELL-04,2026-08-26T14:00,413.71,434.16,1049.44,21.98,2205.84,84.81,72.5,1.59,38.69,0
WELL-04,2026-08-26T15:00,423.23,445.2,1051.92,20.28,2265.21,85.48,77.7,1.96,41.07,0
WELL-04,2026-08-26T16:00,450.04,454.42,1009.72,20.17,2232.73,82.63,77.4,1.62,39.72,0
WELL-04,2026-08-26T17:00,441.98,460.48,1041.88,20.46,2114.51,86.46,76.1,1.92,42.88,0
WELL-04,2026-08-26T18:00,444.98,488.88,1098.66,21.95,2261.73,85.69,77.1,1.77,41.8,0
WELL-04,2026-08-26T19:00,451.62,487.04,1078.43,19.91,2189.21,84.55,68.6,1.87,42.31,0
WELL-04,2026-08-26T20:00,418.96,453.51,1082.46,21.27,2127.28,85.75,74.0,2.01,39.0,0
WELL-04,2026-08-26T21:00,434.97,472.22,1085.66,19.98,2176.8,85.46,76.1,1.73,40.96,0
WELL-04,2026-08-26T22:00,430.41,452.32,1050.91,21.16,2256.99,84.31,77.1,1.97,38.37,0
WELL-04,2026-08-26T23:00,419.86,427.01,1017.04,20.8,2207.79,85.05,70.7,1.66,40.59,0
WELL-04,2026-08-27T00:00,430.43,442.19,1027.31,21.31,2110.69,86.44,72.5,1.63,38.8,0
WELL-04,2026-08-27T01:00,423.86,466.54,1100.68,20.89,2197.17,86.26,73.0,1.86,39.99,0
WELL-04,2026-08-27T02:00,413.54,455.13,1100.58,20.24,2235.1,82.04,77.6,1.96,42.7,0
WELL-04,2026-08-27T03:00,448.03,479.57,1070.39,21.14,2104.13,84.24,79.0,1.93,38.92,0
WELL-04,2026-08-27T04:00,427.02,469.41,1099.27,21.1,2247.65,85.87,77.0,1.84,39.72,0
WELL-04,2026-08-27T05:00,445.67,491.44,1102.71,21.15,2225.26,81.78,68.2,1.68,39.15,0
WELL-04,2026-08-27T06:00,420.67,460.36,1094.35,20.4,2170.03,85.95,75.1,1.71,40.14,0
WELL-04,2026-08-27T07:00,440.48,498.58,1131.91,20.25,2115.2,82.42,78.6,1.64,38.57,0
WELL-04,2026-08-27T08:00,419.93,441.97,1052.47,21.62,2191.93,83.81,77.8,1.77,40.35,0
WELL-04,2026-08-27T09:00,427.87,462.61,1081.18,20.02,2258.82,82.34,71.4,1.78,41.93,0
WELL-04,2026-08-27T10:00,443.98,503.84,1134.84,20.9,2109.28,81.58,68.2,1.72,38.84,0
WELL-04,2026-08-27T11:00,435.49,477.71,1096.96,20.67,2101.98,83.08,76.8,1.61,41.08,0
WELL-04,2026-08-27T12:00,445.03,471.72,1059.98,21.71,2116.79,83.06,69.8,1.72,39.23,0
WELL-04,2026-08-27T13:00,425.01,461.15,1085.03,21.49,2148.04,85.2,69.5,1.62,38.61,0
WELL-04,2026-08-27T14:00,443.54,447.65,1009.25,20.42,2140.69,83.13,79.4,1.62,42.13,0
WELL-04,2026-08-27T15:00,415.62,433.98,1044.18,20.24,2193.5,84.73,77.6,1.78,40.1,0
WELL-04,2026-08-27T16:00,443.82,498.71,1123.68,21.39,2261.88,82.95,72.6,1.89,42.23,0
WELL-04,2026-08-27T17:00,452.24,504.52,1115.59,20.33,2191.59,83.68,76.7,1.72,42.49,0
WELL-04,2026-08-27T18:00,422.75,443.7,1049.56,21.48,2219.93,84.42,70.4,2.01,42.01,0
WELL-04,2026-08-27T19:00,438.87,441.99,1007.13,21.33,2114.31,82.36,72.6,1.73,39.95,0
WELL-04,2026-08-27T20:00,421.19,433.24,1028.59,19.9,2234.96,83.36,75.9,1.97,38.31,0
WELL-04,2026-08-27T21:00,419.24,442.71,1055.98,20.19,2160.23,86.21,70.9,1.92,40.52,0
WELL-04,2026-08-27T22:00,437.96,460.47,1051.4,20.47,2185.11,83.4,74.9,1.63,41.9,0
WELL-04,2026-08-27T23:00,425.09,468.28,1101.6,20.35,2119.6,83.42,73.4,1.64,40.86,0
WELL-04,2026-08-28T00:00,429.43,447.72,1042.58,20.59,2128.08,81.88,74.6,1.74,41.27,0
WELL-04,2026-08-28T01:00,428.0,468.87,1095.5,20.87,2184.72,85.18,69.2,1.79,40.62,0
WELL-04,2026-08-28T02:00,448.8,481.53,1072.94,19.94,2238.42,84.93,68.9,2.02,38.7,0
WELL-04,2026-08-28T03:00,412.37,421.71,1022.65,20.05,2231.65,86.3,73.8,1.88,39.28,0
WELL-04,2026-08-28T04:00,433.26,452.13,1043.57,20.75,2214.6,81.88,72.0,1.9,42.56,0
WELL-04,2026-08-28T05:00,447.08,480.12,1073.91,21.31,2131.85,86.24,78.6,1.76,42.67,0
WELL-04,2026-08-28T06:00,434.4,450.2,1036.38,21.37,2102.92,84.55,73.0,1.9,41.57,0
WELL-04,2026-08-28T07:00,449.88,494.75,1099.73,20.56,2254.37,84.49,71.4,1.69,39.35,0
WELL-04,2026-08-28T08:00,419.19,457.34,1091.0,21.88,2169.64,82.89,72.1,1.67,39.81,0
WELL-04,2026-08-28T09:00,446.63,483.33,1082.17,20.01,2107.77,85.0,74.0,1.81,38.77,0
WELL-04,2026-08-28T10:00,436.03,444.5,1019.41,21.04,2233.18,83.01,69.5,1.97,40.63,0
WELL-04,2026-08-28T11:00,413.31,459.01,1110.57,21.92,2260.08,82.46,72.2,1.93,40.93,0
WELL-04,2026-08-28T12:00,417.72,424.35,1015.88,21.66,2193.64,83.78,76.8,1.64,39.58,0
WELL-04,2026-08-28T13:00,431.89,479.89,1111.15,21.93,2220.66,85.12,76.9,1.99,40.13,0
WELL-04,2026-08-28T14:00,433.32,477.13,1101.1,20.74,2181.17,83.52,69.7,1.96,42.31,0
WELL-04,2026-08-28T15:00,414.13,462.67,1117.22,21.53,2183.14,85.28,76.9,1.93,38.35,0
WELL-04,2026-08-28T16:00,411.24,425.63,1035.01,21.5,2215.75,85.46,75.5,1.94,40.18,0
WELL-04,2026-08-28T17:00,430.62,488.43,1134.27,20.53,2163.86,85.57,68.3,1.6,41.12,0
WELL-04,2026-08-28T18:00,429.06,479.9,1118.49,21.11,2133.58,83.98,71.3,1.99,39.72,0
WELL-04,2026-08-28T19:00,443.66,451.42,1017.51,21.25,2261.73,85.95,71.4,1.89,39.01,0
WELL-04,2026-08-28T20:00,418.35,456.82,1091.95,21.16,2117.79,85.38,69.1,1.71,41.89,0
WELL-04,2026-08-28T21:00,413.15,432.47,1046.75,21.86,2130.17,84.53,75.7,1.72,40.06,0
WELL-04,2026-08-28T22:00,424.4,477.55,1125.24,20.27,2196.66,83.26,75.3,1.79,38.34,0
WELL-04,2026-08-28T23:00,417.99,461.03,1102.99,21.26,2102.19,84.14,79.3,1.79,42.19,0
WELL-04,2026-08-29T00:00,437.5,461.5,1054.86,21.95,2176.97,85.91,71.9,1.7,42.14,0
WELL-04,2026-08-29T01:00,430.27,483.53,1123.76,19.98,2205.93,86.33,69.4,1.71,38.56,0
WELL-04,2026-08-29T02:00,426.58,477.21,1118.7,21.11,2148.78,84.12,68.4,1.67,42.78,0
WELL-04,2026-08-29T03:00,417.62,469.85,1125.08,21.67,2253.57,85.88,74.5,1.65,41.26,0
WELL-04,2026-08-29T04:00,444.3,480.06,1080.48,21.6,2219.62,83.68,75.0,1.99,41.92,0
WELL-04,2026-08-29T05:00,427.5,457.48,1070.12,19.99,2251.41,85.28,69.5,1.62,43.18,0
WELL-04,2026-08-29T06:00,446.0,449.24,1007.27,21.65,2222.56,83.78,72.0,1.86,41.31,0
WELL-04,2026-08-29T07:00,422.87,445.36,1053.19,20.6,2244.49,85.79,77.7,1.62,40.6,0
WELL-04,2026-08-29T08:00,423.9,445.17,1050.16,20.93,2220.73,82.03,69.4,1.88,40.4,0
WELL-04,2026-08-29T09:00,410.95,457.8,1114.02,20.42,2117.66,85.69,73.9,1.62,43.1,0
WELL-04,2026-08-29T10:00,420.21,474.36,1128.87,21.66,2158.52,83.62,69.8,1.79,39.12,0
WELL-04,2026-08-29T11:00,445.66,466.86,1047.56,20.99,2275.7,82.83,75.9,1.76,42.03,0
WELL-04,2026-08-29T12:00,438.25,496.36,1132.61,20.82,2234.06,85.13,74.0,2.01,42.3,0
WELL-04,2026-08-29T13:00,426.05,454.29,1066.29,21.12,2193.4,85.53,68.1,2.0,41.08,0
WELL-04,2026-08-29T14:00,428.81,478.06,1114.86,21.75,2228.34,86.41,77.1,1.99,41.29,0
WELL-04,2026-08-29T15:00,450.33,498.7,1107.42,21.09,2212.03,82.32,76.9,1.87,41.52,0
WELL-04,2026-08-29T16:00,430.54,456.78,1060.94,21.03,2172.51,84.47,69.3,1.73,38.71,0
WELL-04,2026-08-29T17:00,441.97,467.46,1057.69,21.17,2125.04,82.29,70.9,1.84,40.61,0
WELL-04,2026-08-29T18:00,424.24,471.87,1112.26,19.96,2214.42,83.35,76.1,1.94,38.33,0
WELL-04,2026-08-29T19:00,417.92,423.31,1012.89,21.38,2268.13,81.89,68.8,2.0,38.65,0
WELL-04,2026-08-29T20:00,446.32,466.78,1045.84,20.81,2220.47,81.95,76.8,1.73,39.4,0
WELL-04,2026-08-29T21:00,440.08,480.55,1091.96,20.27,2198.74,83.66,77.7,1.92,38.38,0
WELL-04,2026-08-29T22:00,425.09,435.85,1025.32,21.59,2183.77,83.91,68.1,1.79,40.03,0
WELL-04,2026-08-29T23:00,437.26,448.54,1025.81,21.72,2136.67,85.61,75.6,1.97,38.63,0
WELL-04,2026-08-30T00:00,438.55,448.14,1021.87,21.22,2260.39,84.68,78.2,1.7,42.55,0
WELL-04,2026-08-30T01:00,451.4,504.03,1116.6,20.81,2162.88,84.12,75.5,1.98,38.35,0
WELL-04,2026-08-30T02:00,440.26,495.38,1125.2,21.26,2179.59,85.77,68.5,1.93,41.07,0
WELL-04,2026-08-30T03:00,430.29,448.86,1043.16,21.02,2273.62,85.97,78.9,1.62,39.12,0
WELL-04,2026-08-30T04:00,418.03,454.37,1086.92,20.67,2115.51,83.49,77.3,1.74,38.47,0
WELL-04,2026-08-30T05:00,438.88,489.96,1116.39,20.7,2132.32,81.64,72.5,1.63,41.57,0
WELL-04,2026-08-30T06:00,429.93,433.96,1009.37,21.49,2272.28,84.8,69.7,1.75,40.33,0
WELL-04,2026-08-30T07:00,437.85,450.83,1029.65,20.89,2124.05,84.73,73.0,1.86,41.61,0
WELL-04,2026-08-30T08:00,441.84,475.49,1076.17,21.67,2227.94,84.57,70.0,1.94,41.63,0
WELL-04,2026-08-30T09:00,416.23,443.16,1064.7,21.25,2195.63,83.89,77.8,1.67,42.95,0
WELL-04,2026-08-30T10:00,450.29,470.91,1045.79,20.33,2265.11,83.0,69.7,2.0,39.57,0
WELL-04,2026-08-30T11:00,444.31,475.71,1070.68,20.28,2105.17,82.0,72.4,1.93,42.95,0
WELL-04,2026-08-30T12:00,415.85,431.89,1038.56,20.73,2274.44,82.17,75.2,1.92,39.47,0
WELL-04,2026-08-30T13:00,414.98,424.47,1022.88,21.06,2188.34,81.68,69.6,1.84,40.41,0
WELL-04,2026-08-30T14:00,436.5,460.42,1054.81,21.34,2142.23,84.59,75.6,1.83,38.31,0
WELL-04,2026-08-30T15:00,414.49,423.58,1021.93,21.71,2110.32,81.87,79.3,1.79,38.84,0
WELL-04,2026-08-30T16:00,434.38,455.27,1048.11,21.9,2210.48,83.71,69.2,1.99,39.32,0
WELL-04,2026-08-30T17:00,427.08,476.85,1116.55,21.67,2271.2,83.21,75.3,1.7,39.4,0
WELL-04,2026-08-30T18:00,418.34,433.91,1037.23,21.07,2163.34,86.52,72.5,1.65,41.66,0
WELL-04,2026-08-30T19:00,420.28,450.4,1071.66,20.02,2255.32,82.31,75.3,1.62,42.29,0
WELL-04,2026-08-30T20:00,421.73,434.59,1030.48,20.08,2145.65,85.24,76.3,1.79,43.0,0
WELL-04,2026-08-30T21:00,445.59,481.35,1080.27,21.44,2228.06,85.07,77.6,1.77,39.85,0
WELL-04,2026-08-30T22:00,450.9,488.72,1083.88,20.21,2169.67,82.07,72.5,1.59,42.03,0
WELL-04,2026-08-30T23:00,439.22,446.03,1015.49,20.5,2237.06,83.85,76.0,1.87,42.86,0
WELL-04,2026-08-31T00:00,412.68,427.47,1035.84,21.66,2274.98,84.46,74.0,1.8,40.87,0
WELL-04,2026-08-31T01:00,417.02,452.47,1085.01,19.9,2207.39,81.85,74.8,1.9,42.14,0
WELL-04,2026-08-31T02:00,451.14,506.79,1123.37,20.25,2139.37,84.64,69.1,1.67,39.72,0
WELL-04,2026-08-31T03:00,413.49,429.23,1038.07,20.31,2118.09,82.26,69.7,1.63,41.03,0
WELL-04,2026-08-31T04:00,439.42,454.91,1035.24,20.58,2115.41,82.5,79.0,1.93,40.46,0
WELL-04,2026-08-31T05:00,445.29,476.18,1069.38,21.12,2190.94,83.99,71.6,1.85,42.43,0
WELL-04,2026-08-31T06:00,447.74,494.62,1104.68,20.5,2256.35,85.89,70.0,2.01,42.98,0
WELL-04,2026-08-31T07:00,420.18,436.56,1039.0,20.33,2200.15,83.13,69.4,1.71,39.02,0
WELL-04,2026-08-31T08:00,417.15,456.79,1095.04,20.08,2142.91,85.43,77.5,1.68,42.59,0
WELL-04,2026-08-31T09:00,444.5,501.54,1128.33,20.56,2241.96,84.64,78.6,1.93,40.88,0
WELL-04,2026-08-31T10:00,436.28,456.28,1045.84,19.95,2240.84,81.74,74.1,1.93,40.24,0
WELL-04,2026-08-31T11:00,438.26,451.55,1030.32,20.45,2181.02,81.89,78.3,1.65,39.25,0
WELL-04,2026-08-31T12:00,449.31,469.9,1045.83,21.18,2139.36,85.4,68.7,1.64,40.55,0
WELL-04,2026-08-31T13:00,418.41,456.67,1091.45,20.66,2119.26,85.2,75.5,1.61,38.71,0
WELL-04,2026-08-31T14:00,423.83,426.6,1006.54,20.2,2138.83,81.6,69.9,1.67,39.44,0
WELL-04,2026-08-31T15:00,411.91,428.98,1041.42,20.87,2166.35,83.4,70.5,1.71,41.16,0
WELL-04,2026-08-31T16:00,435.67,484.95,1113.11,21.62,2221.5,85.78,70.0,1.79,41.56,0
WELL-04,2026-08-31T17:00,416.19,425.81,1023.1,20.02,2147.65,83.11,71.1,1.84,42.07,0
WELL-04,2026-08-31T18:00,431.9,481.07,1113.85,20.31,2153.01,83.24,70.5,1.59,41.76,0
WELL-04,2026-08-31T19:00,411.42,417.81,1015.54,20.85,2210.31,85.61,68.1,1.97,41.71,0
WELL-04,2026-08-31T20:00,418.16,447.0,1068.97,20.23,2141.9,82.4,72.1,1.75,39.91,0
WELL-04,2026-08-31T21:00,439.04,441.95,1006.63,20.56,2188.46,83.44,68.9,1.88,39.35,0
WELL-04,2026-08-31T22:00,442.09,471.55,1066.64,20.68,2120.83,83.15,72.0,1.82,42.96,0
WELL-04,2026-08-31T23:00,417.82,425.5,1018.4,20.09,2185.04,85.91,70.5,1.67,38.66,0
WELL-04,2026-09-01T00:00,432.84,486.54,1124.06,21.84,2134.56,84.29,77.3,1.63,39.65,0
WELL-04,2026-09-01T01:00,444.02,453.39,1021.12,20.01,2268.0,82.63,78.6,1.7,38.87,0
WELL-04,2026-09-01T02:00,446.58,463.41,1037.7,20.71,2212.47,83.61,73.1,1.79,39.38,0
WELL-04,2026-09-01T03:00,435.96,458.12,1050.84,21.84,2222.12,86.32,74.3,1.67,41.78,0
WELL-04,2026-09-01T04:00,429.49,464.19,1080.78,20.98,2200.47,85.97,78.5,1.85,39.93,0
WELL-04,2026-09-01T05:00,450.07,471.13,1046.78,21.44,2185.19,82.42,76.1,1.63,39.58,0
WELL-04,2026-09-01T06:00,446.13,480.14,1076.23,20.94,2203.82,83.12,68.6,1.98,40.88,0
WELL-04,2026-09-01T07:00,435.36,477.31,1096.36,20.47,2275.28,85.24,71.5,1.91,40.93,0
WELL-04,2026-09-01T08:00,420.02,461.45,1098.66,19.93,2175.36,82.74,70.4,1.91,40.28,0
WELL-04,2026-09-01T09:00,443.09,448.55,1012.32,21.39,2213.15,85.9,70.6,1.84,41.01,0
WELL-04,2026-09-01T10:00,411.74,436.19,1059.37,21.28,2227.67,85.95,69.2,1.66,38.47,0
WELL-04,2026-09-01T11:00,422.88,445.63,1053.81,20.84,2256.81,85.76,73.1,1.86,39.81,0
WELL-04,2026-09-01T12:00,418.34,447.89,1070.64,20.52,2154.21,83.43,74.1,1.68,39.05,0
WELL-04,2026-09-01T13:00,413.45,458.4,1108.73,20.54,2180.08,83.51,75.4,1.87,38.71,0
WELL-04,2026-09-01T14:00,436.07,452.65,1038.0,21.06,2250.23,85.68,75.8,1.62,41.57,0
WELL-04,2026-09-01T15:00,448.45,468.2,1044.03,21.6,2157.49,84.12,78.1,1.95,42.18,0
WELL-04,2026-09-01T16:00,421.37,426.02,1011.03,21.1,2218.84,82.73,77.0,1.98,42.51,0
WELL-04,2026-09-01T17:00,422.07,474.91,1125.2,20.0,2108.33,85.64,71.0,1.88,41.83,0
WELL-04,2026-09-01T18:00,421.81,473.92,1123.54,21.51,2193.82,86.48,77.5,1.61,41.69,0
WELL-04,2026-09-01T19:00,424.79,444.71,1046.89,20.16,2140.66,82.53,74.7,1.85,38.75,0
WELL-04,2026-09-01T20:00,427.42,434.92,1017.54,21.34,2225.69,82.82,73.5,2.01,39.16,0
WELL-04,2026-09-01T21:00,451.57,457.89,1014.0,21.8,2142.65,86.5,71.0,1.81,42.53,0
WELL-04,2026-09-01T22:00,442.97,488.16,1102.01,21.37,2194.76,85.63,69.5,1.74,41.4,0
WELL-04,2026-09-01T23:00,421.88,461.01,1092.75,20.7,2243.02,82.98,69.6,1.86,39.42,0
WELL-04,2026-09-02T00:00,426.38,457.51,1073.03,21.34,2176.15,83.65,78.3,1.92,41.04,0
WELL-04,2026-09-02T01:00,414.17,447.63,1080.79,21.82,2269.62,82.9,69.8,1.84,41.09,0
WELL-04,2026-09-02T02:00,437.83,463.19,1057.92,21.48,2102.4,84.23,70.7,1.79,42.07,0
WELL-04,2026-09-02T03:00,444.29,483.59,1088.45,20.3,2224.02,82.88,77.7,1.93,39.9,0
WELL-04,2026-09-02T04:00,443.03,471.67,1064.64,21.92,2242.68,83.93,74.3,2.01,41.63,0
WELL-04,2026-09-02T05:00,443.64,461.47,1040.18,21.79,2119.38,82.95,75.5,1.98,39.96,0
WELL-04,2026-09-02T06:00,441.04,444.83,1008.59,20.88,2148.45,84.96,75.9,1.71,40.24,0
WELL-04,2026-09-02T07:00,424.25,469.56,1106.79,20.95,2217.64,83.24,78.7,1.84,42.52,0
WELL-04,2026-09-02T08:00,445.83,500.07,1121.66,21.91,2216.92,83.82,73.5,1.66,41.36,0
WELL-04,2026-09-02T09:00,432.15,472.86,1094.21,20.96,2205.8,85.95,72.6,1.62,40.07,0
WELL-04,2026-09-02T10:00,434.93,445.94,1025.32,19.91,2135.76,86.33,78.6,1.68,41.58,0
WELL-04,2026-09-02T11:00,441.61,477.13,1080.43,21.39,2137.28,85.02,70.9,1.69,40.41,0
WELL-04,2026-09-02T12:00,440.96,497.07,1127.24,21.47,2213.0,85.21,68.2,1.59,42.07,0
WELL-04,2026-09-02T13:00,426.13,482.86,1133.14,20.49,2251.97,82.16,69.8,1.61,39.47,0
WELL-04,2026-09-02T14:00,434.02,475.43,1095.4,19.95,2235.59,85.89,70.9,1.98,39.55,0
WELL-04,2026-09-02T15:00,437.16,456.13,1043.37,21.06,2233.54,84.64,74.2,1.63,38.44,0
WELL-04,2026-09-02T16:00,422.72,453.72,1073.34,21.27,2268.98,84.59,68.2,1.92,40.81,0
WELL-04,2026-09-02T17:00,413.8,446.85,1079.87,21.57,2122.28,85.13,74.4,1.79,38.98,0
WELL-04,2026-09-02T18:00,425.82,471.45,1107.16,20.82,2216.84,85.28,77.8,1.63,40.83,0
WELL-04,2026-09-02T19:00,417.5,451.94,1082.49,20.73,2135.12,83.9,78.4,1.6,42.26,0
WELL-04,2026-09-02T20:00,411.55,453.56,1102.07,20.68,2233.66,82.51,74.3,1.95,39.86,0
WELL-04,2026-09-02T21:00,440.04,474.09,1077.38,20.63,2202.61,85.29,70.1,1.7,38.96,0
WELL-04,2026-09-02T22:00,412.89,433.74,1050.49,20.96,2195.66,84.44,70.7,1.67,43.03,0
WELL-04,2026-09-02T23:00,445.82,497.22,1115.31,21.89,2116.24,83.53,78.4,1.77,42.41,0
WELL-04,2026-09-03T00:00,434.79,474.43,1091.17,21.01,2178.28,81.69,76.5,1.73,41.05,0
WELL-04,2026-09-03T01:00,423.97,470.69,1110.21,21.72,2202.94,85.34,73.0,1.85,42.02,0
WELL-04,2026-09-03T02:00,437.54,483.91,1105.97,21.76,2130.35,85.09,79.8,1.72,39.54,0
WELL-04,2026-09-03T03:00,444.82,468.36,1052.94,21.25,2112.0,82.47,78.4,1.62,42.01,0
WELL-04,2026-09-03T04:00,428.75,462.38,1078.43,21.49,2157.87,85.15,79.6,1.76,41.07,0
WELL-04,2026-09-03T05:00,436.16,473.25,1085.04,21.66,2259.97,83.61,78.4,1.88,40.77,0
WELL-04,2026-09-03T06:00,438.59,459.41,1047.46,21.8,2213.53,82.09,76.0,1.73,40.74,0
WELL-04,2026-09-03T07:00,423.0,440.69,1041.82,20.8,2231.8,83.4,77.1,1.7,40.43,0
WELL-04,2026-09-03T08:00,430.94,488.75,1134.16,21.25,2243.61,82.12,79.6,1.78,38.71,0
WELL-04,2026-09-03T09:00,439.11,491.33,1118.94,19.92,2105.78,84.53,70.9,1.99,41.67,0
WELL-04,2026-09-03T10:00,450.71,499.76,1108.81,20.32,2109.89,83.94,79.4,1.76,38.42,0
WELL-04,2026-09-03T11:00,443.21,448.7,1012.38,20.94,2216.26,84.84,75.0,1.79,42.86,0
WELL-04,2026-09-03T12:00,429.39,434.91,1012.86,21.47,2106.58,86.56,73.4,1.82,38.88,0
WELL-04,2026-09-03T13:00,423.82,478.02,1127.89,21.19,2251.93,86.42,70.2,1.82,40.32,0
WELL-04,2026-09-03T14:00,435.63,484.21,1111.52,21.69,2114.04,84.78,75.8,1.91,39.65,0
WELL-04,2026-09-03T15:00,435.84,473.61,1086.65,20.15,2149.69,83.07,71.6,1.8,40.04,0
WELL-04,2026-09-03T16:00,416.36,469.99,1128.8,21.77,2261.6,83.16,74.7,1.88,38.82,0
WELL-04,2026-09-03T17:00,422.45,478.17,1131.9,20.25,2130.59,81.94,69.8,1.66,40.17,0
WELL-04,2026-09-03T18:00,412.87,456.78,1106.37,21.52,2221.87,83.96,73.1,1.59,41.12,0
WELL-04,2026-09-03T19:00,450.32,454.26,1008.77,21.48,2225.12,84.0,77.7,1.85,39.96,0
WELL-04,2026-09-03T20:00,429.62,485.1,1129.15,20.52,2263.65,84.86,68.1,1.98,41.86,0
WELL-04,2026-09-03T21:00,445.43,459.89,1032.48,21.5,2225.65,84.14,70.3,1.87,39.02,0
WELL-04,2026-09-03T22:00,445.58,473.21,1062.0,21.3,2223.05,82.66,74.6,1.76,38.68,0
WELL-04,2026-09-03T23:00,447.15,488.5,1092.45,21.05,2225.28,82.01,72.6,1.84,40.5,0
WELL-04,2026-09-04T00:00,426.26,429.14,1006.75,20.62,2225.03,82.63,79.6,1.77,41.77,0
WELL-04,2026-09-04T01:00,418.8,455.77,1088.28,21.16,2222.31,83.88,71.3,1.94,39.72,0
WELL-04,2026-09-04T02:00,411.42,462.12,1123.23,20.67,2261.4,86.05,77.0,1.92,38.6,0
WELL-04,2026-09-04T03:00,447.25,502.67,1123.91,21.67,2229.55,86.14,77.7,1.9,39.39,0
WELL-04,2026-09-04T04:00,447.15,503.28,1125.54,21.21,2148.25,85.2,71.6,1.97,39.91,0
WELL-04,2026-09-04T05:00,413.99,441.73,1067.02,21.32,2223.86,82.29,72.1,2.02,38.32,0
WELL-04,2026-09-04T06:00,416.3,444.38,1067.44,20.19,2260.43,81.66,70.0,1.86,41.15,0
WELL-04,2026-09-04T07:00,428.35,436.48,1019.0,21.64,2121.82,83.73,69.1,1.79,41.93,0
WELL-04,2026-09-04T08:00,432.0,435.29,1007.62,21.57,2109.93,82.34,75.8,1.99,42.04,0
WELL-04,2026-09-04T09:00,429.89,457.89,1065.14,21.44,2162.7,81.86,69.5,1.87,38.68,0
WELL-04,2026-09-04T10:00,430.33,481.85,1119.73,20.37,2142.01,82.09,70.3,1.83,41.81,0
WELL-04,2026-09-04T11:00,434.58,437.38,1006.45,21.09,2152.22,84.16,73.2,1.79,38.59,0
WELL-04,2026-09-04T12:00,439.72,456.46,1038.07,20.73,2162.33,82.82,70.1,2.01,39.18,0
WELL-04,2026-09-04T13:00,417.01,443.87,1064.39,20.04,2107.48,81.58,74.0,1.93,42.88,0
WELL-04,2026-09-04T14:00,423.16,463.77,1095.98,20.75,2274.08,84.45,77.1,1.77,42.27,0
WELL-04,2026-09-04T15:00,436.76,470.81,1077.94,20.54,2184.31,86.3,71.6,1.8,41.34,0
WELL-04,2026-09-04T16:00,411.0,418.94,1019.32,20.08,2169.91,83.85,72.5,1.68,40.31,0
WELL-04,2026-09-04T17:00,443.3,454.39,1025.0,21.72,2183.25,86.31,74.9,1.62,38.36,0
WELL-04,2026-09-04T18:00,416.34,447.39,1074.59,21.8,2266.34,83.5,77.0,1.9,42.33,0
WELL-04,2026-09-04T19:00,415.83,470.36,1131.13,21.56,2198.75,84.45,73.9,1.79,39.79,0
WELL-04,2026-09-04T20:00,451.89,481.97,1066.55,20.52,2137.72,86.17,79.5,1.77,38.36,0
WELL-04,2026-09-04T21:00,411.89,417.2,1012.89,20.23,2219.31,83.54,70.7,1.72,39.67,0
WELL-04,2026-09-04T22:00,427.21,435.99,1020.56,20.63,2200.39,83.4,79.4,1.82,40.38,0
WELL-04,2026-09-04T23:00,415.23,441.82,1064.04,20.02,2205.16,84.95,69.6,1.89,39.86,0
WELL-04,2026-09-05T00:00,446.86,465.48,1041.65,20.03,2187.34,82.86,76.6,1.74,39.17,0
WELL-04,2026-09-05T01:00,411.55,436.77,1061.27,20.72,2124.79,85.34,71.0,1.92,38.65,0
WELL-04,2026-09-05T02:00,421.59,466.1,1105.59,21.21,2161.36,83.24,72.9,2.0,41.32,0
WELL-04,2026-09-05T03:00,430.52,443.66,1030.53,21.22,2148.72,82.0,75.0,1.7,40.37,0
WELL-04,2026-09-05T04:00,431.01,453.33,1051.8,20.37,2210.86,84.29,70.8,1.89,40.23,0
WELL-04,2026-09-05T05:00,432.88,478.04,1104.33,21.07,2231.9,84.36,78.2,1.94,43.64,0
WELL-04,2026-09-05T06:00,424.47,481.12,1133.45,20.88,2090.45,84.61,76.0,1.75,40.48,0
WELL-04,2026-09-05T07:00,405.93,454.52,1119.69,22.41,2165.2,85.18,70.9,1.86,44.11,0
WELL-04,2026-09-05T08:00,413.68,433.17,1047.11,21.75,2112.66,85.65,74.9,1.85,42.65,0
WELL-04,2026-09-05T09:00,421.34,456.55,1083.55,22.21,2155.43,82.83,71.0,1.98,44.94,0
WELL-04,2026-09-05T10:00,428.01,483.09,1128.67,22.53,2077.39,86.03,77.0,1.77,43.76,0
WELL-04,2026-09-05T11:00,392.32,441.94,1126.5,21.47,2173.36,84.29,72.6,1.87,44.19,0
WELL-04,2026-09-05T12:00,401.73,435.78,1084.74,21.51,2169.36,83.78,74.3,2.01,45.59,0
WELL-04,2026-09-05T13:00,417.67,458.13,1096.87,21.1,2149.14,84.57,76.3,1.83,44.57,0
WELL-04,2026-09-05T14:00,396.26,442.57,1116.86,21.63,2110.21,83.51,70.7,1.93,43.56,0
WELL-04,2026-09-05T15:00,404.97,446.89,1103.54,22.54,2059.74,88.16,69.9,2.27,46.83,0
WELL-04,2026-09-05T16:00,386.3,432.11,1118.59,22.85,2118.14,83.9,70.9,2.33,43.8,0
WELL-04,2026-09-05T17:00,412.5,440.61,1068.14,22.43,2055.43,88.76,74.4,2.15,45.0,0
WELL-04,2026-09-05T18:00,403.29,419.58,1040.39,23.27,2167.23,87.68,70.1,2.26,48.08,0
WELL-04,2026-09-05T19:00,403.65,460.57,1141.04,21.14,2130.03,84.79,69.5,2.27,49.29,0
WELL-04,2026-09-05T20:00,400.25,467.55,1168.16,23.27,2073.74,84.68,69.8,2.13,48.63,0
WELL-04,2026-09-05T21:00,373.63,414.84,1110.31,23.1,2135.92,86.66,71.7,2.1,45.29,0
WELL-04,2026-09-05T22:00,376.98,425.14,1127.74,21.48,2089.27,88.55,69.6,2.33,47.89,0
WELL-04,2026-09-05T23:00,373.25,414.89,1111.58,21.58,2076.92,86.19,71.6,2.1,50.76,0
WELL-04,2026-09-06T00:00,376.84,404.89,1074.43,22.24,2101.15,87.49,71.9,2.5,48.51,0
WELL-04,2026-09-06T01:00,366.12,425.66,1162.62,23.32,2016.84,87.11,68.7,2.49,48.4,0
WELL-04,2026-09-06T02:00,382.15,422.34,1105.16,21.93,1984.99,87.55,71.9,2.45,52.46,0
WELL-04,2026-09-06T03:00,362.86,396.33,1092.26,22.6,1979.77,88.61,73.4,2.66,51.26,0
WELL-04,2026-09-06T04:00,389.32,413.44,1061.95,23.52,2036.98,90.03,66.1,2.51,52.73,0
WELL-04,2026-09-06T05:00,373.03,413.34,1108.04,22.61,2011.92,89.56,70.4,2.38,48.32,0
WELL-04,2026-09-06T06:00,365.35,428.61,1173.16,23.05,2040.62,88.67,70.8,2.65,49.65,0
WELL-04,2026-09-06T07:00,352.26,403.32,1144.94,23.89,1961.29,89.01,74.1,2.69,51.41,0
WELL-04,2026-09-06T08:00,361.68,422.15,1167.19,23.65,2075.57,86.73,69.3,2.52,54.35,0
WELL-04,2026-09-06T09:00,370.76,439.32,1184.9,22.86,1930.75,88.64,68.3,2.64,52.23,0
WELL-04,2026-09-06T10:00,362.82,406.67,1120.85,22.47,1953.83,89.87,65.3,2.49,53.15,0
WELL-04,2026-09-06T11:00,354.62,422.92,1192.6,24.06,1978.78,89.15,65.5,2.69,56.48,0
WELL-04,2026-09-06T12:00,341.25,385.07,1128.41,24.47,2047.98,87.89,68.0,2.53,56.32,0
WELL-04,2026-09-06T13:00,358.05,428.98,1198.1,23.1,2045.44,89.96,63.0,3.15,53.56,0
WELL-04,2026-09-06T14:00,353.27,380.65,1077.53,22.68,2010.61,92.23,65.6,3.23,52.78,0
WELL-04,2026-09-06T15:00,340.39,407.63,1197.52,22.74,2025.26,88.94,71.3,2.92,53.36,0
WELL-04,2026-09-06T16:00,340.79,397.07,1165.14,24.2,1942.11,88.36,63.0,3.01,55.0,0
WELL-04,2026-09-06T17:00,360.77,388.89,1077.95,23.21,1944.27,87.93,69.7,3.35,58.0,0
WELL-04,2026-09-06T18:00,342.97,392.52,1144.46,23.87,2004.67,92.15,62.4,3.15,54.08,0
WELL-04,2026-09-06T19:00,332.85,381.65,1146.6,24.88,1937.26,91.62,68.2,3.29,58.81,0
WELL-04,2026-09-06T20:00,341.56,407.92,1194.28,24.73,1870.14,92.0,70.1,2.87,57.58,0
WELL-04,2026-09-06T21:00,346.79,393.66,1135.15,24.95,1866.47,90.67,65.3,3.17,56.66,0
WELL-04,2026-09-06T22:00,342.33,403.83,1179.66,23.5,1939.62,92.64,62.3,3.01,59.7,0
WELL-04,2026-09-06T23:00,347.03,390.75,1125.99,24.35,1918.67,89.02,69.6,3.44,57.93,0
WELL-04,2026-09-07T00:00,317.28,372.14,1172.93,24.76,1879.83,90.43,67.7,2.95,60.66,0
WELL-04,2026-09-07T01:00,327.96,375.25,1144.2,24.09,1840.33,91.87,70.9,3.03,57.53,0
WELL-04,2026-09-07T02:00,315.57,377.36,1195.79,23.42,1842.58,93.66,68.6,3.54,62.4,0
WELL-04,2026-09-07T03:00,327.86,387.86,1182.99,24.95,1898.99,91.35,69.8,3.07,62.6,0
WELL-04,2026-09-07T04:00,337.29,404.26,1198.56,24.85,1869.38,89.68,62.6,3.13,62.26,0
WELL-04,2026-09-07T05:00,310.38,346.63,1116.81,25.08,1874.59,89.61,62.9,3.46,64.5,0
WELL-04,2026-09-07T06:00,306.28,357.4,1166.91,25.59,1873.43,94.37,64.3,3.77,62.88,0
WELL-04,2026-09-07T07:00,300.92,369.48,1227.84,25.89,1893.87,91.38,65.2,3.68,65.83,0
WELL-04,2026-09-07T08:00,314.54,373.83,1188.5,23.88,1833.0,92.81,68.0,3.23,66.01,0
WELL-04,2026-09-07T09:00,317.42,367.17,1156.72,26.23,1933.45,90.65,66.9,3.92,66.09,0
WELL-04,2026-09-07T10:00,294.44,346.29,1176.08,25.65,1892.36,92.5,61.7,3.73,64.0,0
WELL-04,2026-09-07T11:00,298.9,368.75,1233.67,25.1,1861.1,91.35,64.0,3.39,67.44,0
WELL-04,2026-09-07T12:00,301.99,362.74,1201.15,26.09,1884.32,95.38,61.7,4.17,70.07,0
WELL-04,2026-09-07T13:00,311.16,352.45,1132.71,26.08,1776.48,92.07,60.4,4.02,63.12,0
WELL-04,2026-09-07T14:00,290.25,350.93,1209.06,26.25,1881.31,94.87,69.3,4.27,66.89,0
WELL-04,2026-09-07T15:00,296.47,349.7,1179.55,25.61,1796.5,95.69,62.1,4.0,71.49,0
WELL-04,2026-09-07T16:00,291.04,333.01,1144.2,26.14,1892.65,90.95,64.6,4.22,69.28,0
WELL-04,2026-09-07T17:00,291.69,336.11,1152.26,24.55,1756.33,91.89,65.4,4.5,71.35,0
WELL-04,2026-09-07T18:00,282.38,318.06,1126.36,24.57,1765.18,94.76,62.7,4.41,72.73,0
WELL-04,2026-09-07T19:00,297.95,338.5,1136.11,26.8,1781.29,93.77,59.8,4.57,72.49,0
WELL-04,2026-09-07T20:00,295.99,353.59,1194.58,26.85,1741.13,95.48,65.8,4.11,66.51,0
WELL-04,2026-09-07T21:00,270.72,314.13,1160.36,25.29,1761.34,94.28,66.6,4.51,73.85,0
WELL-04,2026-09-07T22:00,289.29,350.58,1211.83,26.93,1739.77,95.82,59.4,4.8,71.83,0
WELL-04,2026-09-07T23:00,286.0,353.46,1235.87,25.88,1792.34,94.97,59.7,3.9,74.81,0
WELL-04,2026-09-08T00:00,278.53,316.11,1134.9,25.16,1808.19,95.69,58.4,4.48,68.71,0
WELL-04,2026-09-08T01:00,288.56,348.14,1206.49,25.86,1770.49,93.12,66.5,4.42,73.86,0
WELL-04,2026-09-08T02:00,263.1,318.52,1210.62,25.82,1815.85,92.83,62.4,4.03,76.14,0
WELL-04,2026-09-08T03:00,277.65,325.18,1171.2,26.81,1756.13,97.13,61.6,4.63,75.93,0
WELL-04,2026-09-08T04:00,256.55,326.61,1273.08,25.94,1798.41,94.57,64.7,5.11,71.43,0
WELL-04,2026-09-08T05:00,262.5,333.92,1272.06,26.68,1702.35,96.88,58.7,4.64,74.54,0
WELL-04,2026-09-08T06:00,277.44,324.89,1171.01,25.44,1753.41,94.2,57.3,5.11,80.53,0
WELL-04,2026-09-08T07:00,255.89,322.55,1260.48,27.06,1764.18,96.68,61.1,5.09,80.46,0
WELL-04,2026-09-08T08:00,248.86,287.17,1153.96,25.57,1799.2,96.22,65.1,4.52,80.83,0
WELL-04,2026-09-08T09:00,258.09,305.62,1184.16,27.85,1774.46,96.36,59.4,5.23,82.32,0
WELL-04,2026-09-08T10:00,254.25,312.22,1228.01,25.99,1759.2,93.58,59.9,4.38,75.5,0
WELL-04,2026-09-08T11:00,263.8,334.28,1267.19,25.67,1694.18,95.98,60.0,5.19,76.07,1
WELL-04,2026-09-08T12:00,252.0,316.29,1255.12,25.8,1769.07,95.26,57.7,5.46,81.89,1
WELL-04,2026-09-08T13:00,259.8,309.29,1190.46,26.3,1661.01,97.74,60.0,5.08,83.34,1
WELL-04,2026-09-08T14:00,239.65,311.36,1299.22,28.01,1663.56,99.94,57.7,5.49,80.49,1
WELL-04,2026-09-08T15:00,254.34,309.19,1215.66,27.19,1631.39,96.64,63.6,5.74,83.15,0
WELL-04,2026-09-08T16:00,249.99,300.04,1200.22,27.08,1721.93,97.15,56.7,4.66,83.92,0
WELL-04,2026-09-08T17:00,248.85,298.48,1199.47,26.73,1711.25,96.76,56.8,5.79,81.51,0
WELL-04,2026-09-08T18:00,239.92,304.24,1268.07,28.56,1628.18,98.23,59.9,5.18,85.7,0
WELL-04,2026-09-08T19:00,234.06,297.61,1271.51,28.66,1725.73,99.94,59.1,5.5,79.56,0
WELL-04,2026-09-08T20:00,238.04,284.76,1196.25,27.13,1609.07,98.54,59.3,5.65,83.02,1
WELL-04,2026-09-08T21:00,236.88,277.26,1170.44,27.0,1667.37,97.78,57.8,6.04,82.16,0
WELL-04,2026-09-08T22:00,237.54,278.77,1173.54,28.28,1644.47,95.44,63.0,5.64,84.45,0
WELL-04,2026-09-08T23:00,230.13,285.99,1242.73,28.26,1656.11,95.95,62.0,5.79,87.63,0
WELL-04,2026-09-09T00:00,221.18,266.03,1202.76,29.21,1636.29,96.43,60.6,5.74,81.66,0
WELL-04,2026-09-09T01:00,224.66,281.58,1253.41,27.16,1687.46,96.0,55.0,5.73,90.33,1
WELL-04,2026-09-09T02:00,224.29,276.94,1234.75,28.86,1688.43,101.04,62.1,5.34,90.07,0
WELL-04,2026-09-09T03:00,214.18,259.67,1212.43,28.59,1631.35,97.6,63.4,5.83,89.0,1
WELL-04,2026-09-09T04:00,224.72,288.46,1283.67,28.38,1577.13,99.8,63.0,5.98,91.02,1
WELL-04,2026-09-09T05:00,221.53,273.0,1232.35,29.57,1582.95,98.52,62.8,6.04,91.09,0
WELL-04,2026-09-09T06:00,212.02,278.7,1314.46,28.77,1587.57,97.85,60.3,6.12,89.81,0
WELL-04,2026-09-09T07:00,215.86,271.47,1257.6,28.04,1597.3,99.85,60.0,5.84,87.41,1
WELL-04,2026-09-09T08:00,209.9,262.65,1251.28,29.25,1549.14,101.66,60.1,6.1,86.46,1
WELL-04,2026-09-09T09:00,197.73,244.43,1236.19,29.48,1590.35,97.43,54.6,6.64,94.38,1
WELL-04,2026-09-09T10:00,206.08,273.32,1326.27,28.35,1644.52,100.11,57.0,6.79,97.48,0
WELL-04,2026-09-09T11:00,194.46,257.82,1325.84,28.25,1597.42,99.44,62.1,6.46,93.65,0
WELL-04,2026-09-09T12:00,191.53,243.47,1271.16,28.67,1607.18,100.71,59.3,6.12,95.05,1
WELL-04,2026-09-09T13:00,198.0,240.63,1215.32,29.45,1565.67,98.35,52.9,6.81,95.13,1
WELL-04,2026-09-09T14:00,202.32,249.44,1232.93,29.57,1575.58,103.45,61.3,7.03,93.77,0
WELL-04,2026-09-09T15:00,192.24,230.94,1201.29,29.39,1553.7,101.03,59.7,6.39,100.15,0
WELL-04,2026-09-09T16:00,185.53,244.9,1319.99,28.04,1602.92,101.19,60.3,6.13,101.27,1
WELL-04,2026-09-09T17:00,191.9,239.88,1250.02,27.84,1572.28,100.4,55.3,6.52,98.37,1
WELL-04,2026-09-09T18:00,180.31,224.42,1244.64,29.49,1527.62,101.76,52.9,6.98,99.71,1
WELL-04,2026-09-09T19:00,191.79,243.2,1268.05,28.41,1560.39,101.96,55.8,5.91,96.7,1
WELL-04,2026-09-09T20:00,175.56,227.38,1295.21,30.27,1469.66,104.37,54.9,6.79,92.57,1
WELL-04,2026-09-09T21:00,175.56,236.38,1346.41,28.41,1529.77,101.36,54.8,6.23,104.17,1
WELL-04,2026-09-09T22:00,177.59,236.8,1333.41,30.85,1465.87,104.81,58.6,7.28,94.13,1
WELL-04,2026-09-09T23:00,182.89,247.88,1355.37,29.01,1465.05,101.78,51.4,7.18,95.42,1
WELL-04,2026-09-10T00:00,176.98,237.56,1342.29,29.67,1509.03,100.98,55.9,6.89,103.83,1
WELL-04,2026-09-10T01:00,172.41,211.7,1227.85,30.24,1499.64,102.11,57.4,7.32,102.04,1
WELL-04,2026-09-10T02:00,178.07,221.17,1242.08,30.87,1506.0,103.97,53.3,7.01,97.61,1
WELL-04,2026-09-10T03:00,167.42,208.82,1247.32,31.15,1489.02,104.24,55.9,7.28,103.91,1
WELL-04,2026-09-10T04:00,162.5,208.63,1283.89,30.01,1500.85,105.09,50.9,7.03,101.02,1
WELL-04,2026-09-10T05:00,171.99,210.9,1226.23,31.02,1453.88,105.29,51.5,6.95,109.44,1
WELL-04,2026-09-10T06:00,158.29,208.3,1315.94,28.67,1483.06,105.76,54.7,7.1,98.48,1
WELL-04,2026-09-10T07:00,165.69,204.56,1234.57,30.66,1501.49,103.0,52.7,7.64,105.31,1
WELL-04,2026-09-10T08:00,163.37,206.16,1261.93,29.25,1477.53,101.73,51.5,7.58,102.29,1
WELL-04,2026-09-10T09:00,148.6,205.7,1384.21,31.21,1418.54,103.14,52.2,8.08,112.09,1
WELL-04,2026-09-10T10:00,155.54,212.2,1364.29,31.31,1404.89,106.47,55.0,8.24,104.93,1
WELL-04,2026-09-10T11:00,155.21,197.87,1274.9,30.74,1492.2,101.73,54.5,7.55,111.92,1
WELL-04,2026-09-10T12:00,151.38,208.68,1378.5,28.96,1471.08,107.08,56.6,6.82,112.5,1
WELL-04,2026-09-10T13:00,150.37,195.75,1301.8,31.39,1429.54,106.71,56.3,7.87,102.49,1
WELL-04,2026-09-10T14:00,137.47,171.77,1249.48,31.09,1364.87,103.24,56.5,8.2,104.86,1
WELL-04,2026-09-10T15:00,137.4,183.02,1332.04,29.16,1449.49,101.72,52.3,7.85,111.41,1
WELL-04,2026-09-10T16:00,142.11,179.37,1262.2,29.22,1354.93,102.74,52.0,8.0,105.96,1
WELL-04,2026-09-10T17:00,136.72,189.78,1388.04,30.68,1370.6,106.22,53.3,7.51,104.29,1
WELL-04,2026-09-10T18:00,129.41,178.38,1378.35,31.6,1375.73,107.96,55.8,8.8,110.19,1
WELL-04,2026-09-10T19:00,135.45,189.57,1399.55,30.0,1358.82,105.69,55.6,8.59,118.41,1
WELL-04,2026-09-10T20:00,128.92,166.46,1291.11,31.83,1439.75,102.82,48.7,8.36,110.65,1
WELL-04,2026-09-10T21:00,124.19,166.2,1338.26,30.21,1433.02,107.87,53.2,8.26,115.39,1
WELL-04,2026-09-10T22:00,132.28,178.23,1347.37,31.1,1393.42,103.84,52.5,8.58,112.89,1
WELL-04,2026-09-10T23:00,122.73,159.81,1302.11,31.52,1385.29,105.64,52.8,8.38,109.93,1
WELL-04,2026-09-11T00:00,121.63,169.24,1391.43,29.89,1388.85,106.57,51.5,7.89,109.36,1
WELL-04,2026-09-11T01:00,119.79,153.83,1284.2,31.16,1347.33,107.22,53.0,9.15,112.33,1
WELL-04,2026-09-11T02:00,125.06,173.95,1390.91,31.16,1342.54,103.01,54.0,9.21,122.49,1
WELL-04,2026-09-11T03:00,121.76,157.99,1297.61,30.84,1370.88,107.1,53.0,9.05,116.37,1
WELL-04,2026-09-11T04:00,116.8,155.36,1330.17,32.92,1400.24,104.03,52.1,7.89,120.3,1
WELL-04,2026-09-11T05:00,125.15,162.88,1301.43,31.88,1373.76,106.66,52.6,8.57,115.39,1
WELL-04,2026-09-11T06:00,125.46,170.97,1362.77,32.01,1309.93,103.23,52.5,9.12,113.01,1
WELL-04,2026-09-11T07:00,124.11,173.69,1399.46,30.99,1312.29,105.85,54.5,8.92,110.6,1
WELL-04,2026-09-11T08:00,124.86,169.93,1361.01,31.0,1307.61,107.05,49.1,7.84,115.18,1
WELL-04,2026-09-11T09:00,120.9,163.92,1355.83,30.29,1396.89,103.34,51.6,8.6,114.37,1
WELL-04,2026-09-11T10:00,118.98,159.76,1342.8,30.69,1340.61,107.86,53.3,7.67,109.85,1
WELL-04,2026-09-11T11:00,123.43,173.84,1408.43,32.66,1410.55,104.57,52.8,9.16,115.77,1
WELL-04,2026-09-11T12:00,114.87,154.13,1341.79,32.25,1377.08,103.56,51.8,9.25,112.92,1
WELL-04,2026-09-11T13:00,116.01,155.51,1340.52,32.89,1383.52,106.9,53.3,8.76,121.06,1
WELL-04,2026-09-11T14:00,124.41,170.89,1373.58,31.82,1376.53,103.81,52.4,8.76,120.77,1
WELL-04,2026-09-11T15:00,126.55,176.15,1391.91,30.5,1375.0,108.92,49.9,8.57,118.04,1
WELL-04,2026-09-11T16:00,123.94,175.06,1412.48,30.77,1315.78,107.06,50.3,7.68,121.34,1
WELL-04,2026-09-11T17:00,119.38,167.81,1405.67,31.52,1390.96,104.98,51.9,8.44,110.3,1
WELL-04,2026-09-11T18:00,120.75,154.56,1280.01,29.84,1383.46,104.66,52.0,7.78,121.85,1
WELL-04,2026-09-11T19:00,119.93,164.25,1369.54,30.61,1376.62,105.06,49.8,8.15,116.51,1
WELL-04,2026-09-11T20:00,122.99,157.43,1280.0,31.04,1371.28,106.96,54.7,7.37,121.65,1
WELL-04,2026-09-11T21:00,115.94,160.81,1387.0,30.57,1372.8,106.57,53.1,8.88,119.88,1
WELL-04,2026-09-11T22:00,117.55,164.94,1403.07,30.31,1357.27,107.44,51.5,7.76,120.03,1
WELL-04,2026-09-11T23:00,119.65,151.69,1267.85,32.67,1304.05,106.65,54.7,7.41,117.84,1
WELL-04,2026-09-12T00:00,122.04,163.41,1338.99,32.32,1352.88,108.92,53.9,8.48,116.52,1
WELL-04,2026-09-12T01:00,120.55,152.32,1263.53,31.12,1321.75,108.96,53.1,7.36,112.05,1
WELL-04,2026-09-12T02:00,126.69,178.43,1408.46,32.42,1354.12,106.37,50.9,8.73,116.05,1
WELL-04,2026-09-12T03:00,117.56,165.14,1404.78,30.39,1330.71,109.14,49.4,7.31,114.51,1
WELL-04,2026-09-12T04:00,114.83,145.37,1265.98,32.14,1338.38,106.88,50.3,7.84,114.15,1
WELL-04,2026-09-12T05:00,120.12,167.34,1393.13,30.99,1309.38,109.26,54.5,8.26,110.14,1
WELL-04,2026-09-12T06:00,118.98,165.73,1392.96,29.87,1409.07,103.25,49.5,8.2,115.36,1
WELL-04,2026-09-12T07:00,122.97,169.77,1380.57,31.06,1332.82,105.98,53.9,9.09,117.04,1
WELL-04,2026-09-12T08:00,121.25,155.48,1282.37,30.77,1331.8,108.37,54.2,8.09,117.47,1
WELL-04,2026-09-12T09:00,123.03,161.79,1315.02,32.5,1368.05,107.69,48.4,8.55,112.14,1
WELL-04,2026-09-12T10:00,118.62,155.18,1308.16,30.91,1363.17,104.86,55.0,9.07,109.96,1
WELL-04,2026-09-12T11:00,122.44,169.0,1380.25,32.09,1326.5,105.77,55.6,7.32,121.63,1
WELL-04,2026-09-12T12:00,115.71,162.09,1400.85,31.19,1321.97,103.26,51.8,9.15,114.68,1
WELL-04,2026-09-12T13:00,115.63,153.99,1331.8,30.8,1312.08,104.43,48.7,7.47,110.59,1
WELL-04,2026-09-12T14:00,121.41,153.42,1263.61,31.34,1334.58,103.56,53.7,8.59,118.2,1
WELL-04,2026-09-12T15:00,116.25,162.47,1397.57,30.41,1327.43,104.79,52.3,8.48,121.6,1
WELL-04,2026-09-12T16:00,119.76,153.75,1283.89,30.82,1310.87,106.55,50.1,8.58,117.46,1
WELL-04,2026-09-12T17:00,124.43,171.76,1380.4,31.35,1360.71,107.09,50.2,8.21,118.32,1
WELL-04,2026-09-12T18:00,122.9,155.92,1268.7,30.96,1345.25,105.43,49.3,8.6,112.4,1
WELL-04,2026-09-12T19:00,126.45,176.35,1394.59,32.55,1403.11,103.18,51.2,8.78,121.84,1
WELL-04,2026-09-12T20:00,122.98,166.9,1357.16,30.44,1362.78,108.03,50.2,8.76,121.07,1
WELL-04,2026-09-12T21:00,116.6,162.54,1394.0,31.3,1383.21,106.2,53.1,7.63,112.81,1
WELL-04,2026-09-12T22:00,117.1,163.79,1398.68,32.79,1401.31,103.01,48.0,8.15,119.95,1
WELL-04,2026-09-12T23:00,124.58,175.21,1406.44,31.18,1410.45,108.68,49.0,7.83,112.02,1
WELL-04,2026-09-13T00:00,125.58,176.9,1408.62,32.92,1333.71,104.3,49.0,8.19,117.73,1
WELL-04,2026-09-13T01:00,439.48,461.69,1050.55,20.19,2215.7,84.94,75.1,1.75,42.18,0
WELL-04,2026-09-13T02:00,423.38,468.7,1107.04,20.74,2261.5,86.59,77.0,1.81,38.84,0
WELL-04,2026-09-13T03:00,447.42,477.76,1067.81,20.95,2130.75,85.73,70.8,1.73,38.73,0
WELL-04,2026-09-13T04:00,416.62,445.77,1069.96,20.99,2178.24,81.7,71.7,1.7,38.97,0
WELL-04,2026-09-13T05:00,421.3,454.48,1078.75,20.69,2157.88,83.81,78.2,1.72,41.34,0
WELL-04,2026-09-13T06:00,421.85,458.46,1086.78,21.66,2237.04,86.36,72.5,1.76,41.59,0
WELL-04,2026-09-13T07:00,426.13,447.03,1049.03,21.18,2137.81,83.3,77.8,2.01,40.79,0
WELL-04,2026-09-13T08:00,443.8,471.33,1062.04,20.51,2155.98,85.23,72.7,2.0,42.79,0
WELL-04,2026-09-13T09:00,413.27,420.02,1016.34,20.46,2135.15,82.09,70.6,1.96,42.23,0
WELL-04,2026-09-13T10:00,415.34,418.13,1006.73,21.95,2142.47,83.87,70.9,1.84,39.19,0
WELL-04,2026-09-13T11:00,442.41,455.87,1030.43,19.9,2178.59,81.65,79.5,1.84,42.0,0
WELL-04,2026-09-13T12:00,443.81,476.61,1073.91,21.83,2252.7,82.75,75.3,1.99,39.72,0
WELL-04,2026-09-13T13:00,444.59,481.89,1083.91,21.67,2131.82,82.03,70.4,1.72,42.78,0
WELL-04,2026-09-13T14:00,448.91,466.29,1038.71,20.4,2172.61,82.67,70.0,1.87,40.45,0
WELL-04,2026-09-13T15:00,410.23,413.24,1007.34,20.59,2275.86,82.99,76.7,1.88,40.53,0
WELL-04,2026-09-13T16:00,423.42,449.89,1062.51,21.34,2183.3,82.8,71.0,1.83,40.18,0
WELL-04,2026-09-13T17:00,445.68,494.9,1110.42,20.89,2209.33,82.74,71.2,1.59,42.52,0
WELL-04,2026-09-13T18:00,437.08,455.54,1042.22,20.5,2161.0,81.89,77.7,1.82,39.11,0
WELL-04,2026-09-13T19:00,447.59,468.62,1046.99,21.67,2185.12,85.47,76.4,1.92,39.39,0
WELL-04,2026-09-13T20:00,449.89,460.04,1022.55,21.29,2202.97,84.36,75.0,1.63,40.47,0
WELL-04,2026-09-13T21:00,413.17,455.07,1101.41,21.63,2258.29,81.73,68.7,1.98,39.41,0
WELL-04,2026-09-13T22:00,429.53,443.86,1033.35,20.31,2227.68,82.09,71.4,1.84,41.0,0
WELL-04,2026-09-13T23:00,413.16,427.25,1034.11,20.21,2207.88,82.25,79.5,1.67,38.84,0
WELL-04,2026-09-14T00:00,437.06,483.12,1105.4,21.28,2144.26,86.57,71.4,2.01,42.17,0
WELL-04,2026-09-14T01:00,429.41,470.73,1096.22,20.81,2264.25,85.37,77.5,1.63,38.81,0
WELL-04,2026-09-14T02:00,428.88,483.41,1127.15,21.36,2207.07,83.09,70.3,1.88,42.87,0
WELL-04,2026-09-14T03:00,447.12,495.35,1107.87,20.32,2204.04,85.15,68.4,1.77,39.07,0
WELL-04,2026-09-14T04:00,424.21,471.47,1111.4,21.68,2153.88,84.36,68.4,2.0,40.93,0
WELL-04,2026-09-14T05:00,425.22,442.2,1039.94,20.53,2174.18,83.2,76.5,1.96,38.68,0
WELL-04,2026-09-14T06:00,436.83,481.24,1101.67,20.24,2218.39,83.14,78.6,1.97,41.26,0
WELL-04,2026-09-14T07:00,447.47,497.94,1112.8,20.48,2148.0,82.48,68.7,1.72,40.66,0
WELL-04,2026-09-14T08:00,436.46,452.5,1036.74,21.63,2243.62,82.89,69.7,1.87,39.4,0
WELL-04,2026-09-14T09:00,421.75,469.74,1113.79,19.93,2265.71,86.26,71.8,1.76,38.36,0
WELL-04,2026-09-14T10:00,425.47,473.58,1113.09,21.46,2276.41,81.57,73.9,1.77,41.14,0
WELL-04,2026-09-14T11:00,446.08,464.34,1040.92,20.85,2173.4,85.28,77.8,1.96,38.83,0
WELL-04,2026-09-14T12:00,440.54,460.66,1045.66,21.51,2121.66,84.27,71.8,1.82,43.16,0
WELL-04,2026-09-14T13:00,422.37,437.86,1036.66,21.97,2172.04,83.46,70.5,1.76,41.05,0
WELL-04,2026-09-14T14:00,429.83,474.68,1104.34,21.44,2172.28,84.75,75.0,1.91,42.31,0
WELL-04,2026-09-14T15:00,422.74,452.03,1069.29,20.85,2241.65,82.96,68.0,1.72,42.09,0
WELL-04,2026-09-14T16:00,427.88,450.84,1053.68,20.33,2146.04,84.89,78.3,1.75,42.33,0
WELL-04,2026-09-14T17:00,436.0,444.65,1019.84,21.9,2108.78,82.46,79.3,1.97,39.07,0
WELL-04,2026-09-14T18:00,447.19,472.76,1057.19,21.41,2133.22,82.35,71.2,1.73,43.12,0
WELL-04,2026-09-14T19:00,441.12,444.75,1008.23,21.13,2177.24,85.85,76.0,1.7,42.91,0
WELL-04,2026-09-14T20:00,434.06,454.54,1047.18,20.23,2146.25,85.9,68.2,1.94,40.02,0
WELL-04,2026-09-14T21:00,417.72,447.26,1070.71,21.4,2116.42,83.23,75.2,1.64,41.78,0
WELL-04,2026-09-14T22:00,423.96,466.24,1099.74,20.92,2184.31,82.53,71.6,1.84,40.24,0
WELL-04,2026-09-14T23:00,446.42,469.22,1051.08,21.9,2160.32,84.33,75.1,1.87,42.51,0
WELL-04,2026-09-15T00:00,428.5,470.18,1097.27,21.97,2175.05,85.66,70.8,1.94,43.16,0
WELL-04,2026-09-15T01:00,433.04,441.16,1018.75,21.2,2194.92,84.68,77.4,2.01,41.58,0
WELL-04,2026-09-15T02:00,447.15,488.45,1092.38,21.27,2192.65,83.97,73.7,1.66,39.2,0
WELL-04,2026-09-15T03:00,450.78,495.55,1099.32,21.65,2115.47,85.48,73.9,1.9,41.82,0
WELL-04,2026-09-15T04:00,428.74,455.73,1062.94,20.36,2121.48,84.45,78.3,1.81,39.05,0
WELL-04,2026-09-15T05:00,450.67,478.56,1061.89,20.42,2176.44,81.62,68.2,1.98,41.02,0
WELL-04,2026-09-15T06:00,418.83,474.78,1133.57,20.07,2133.38,82.55,71.7,1.85,41.79,0
WELL-04,2026-09-15T07:00,419.57,450.34,1073.34,20.6,2122.36,85.88,69.7,1.89,42.92,0
WELL-04,2026-09-15T08:00,419.45,473.13,1127.99,20.79,2210.18,85.3,73.9,1.84,40.45,0
WELL-04,2026-09-15T09:00,451.14,497.76,1103.34,21.09,2134.29,83.19,75.6,1.66,42.78,0
WELL-04,2026-09-15T10:00,433.52,462.23,1066.23,20.67,2151.0,82.74,75.8,1.8,41.35,0
WELL-04,2026-09-15T11:00,427.63,467.66,1093.59,20.67,2235.01,85.97,72.1,1.85,38.91,0
WELL-04,2026-09-15T12:00,451.8,480.4,1063.29,21.11,2218.22,82.98,68.1,1.77,40.25,0
WELL-04,2026-09-15T13:00,430.4,487.97,1133.76,21.77,2242.0,81.77,69.6,1.97,42.56,0
WELL-04,2026-09-15T14:00,440.52,489.55,1111.32,21.0,2213.59,85.33,75.6,1.63,40.18,0
WELL-04,2026-09-15T15:00,410.75,441.73,1075.42,20.85,2227.16,85.56,72.1,1.76,40.01,0
WELL-04,2026-09-15T16:00,413.06,421.04,1019.33,21.41,2260.53,82.43,68.3,1.76,40.46,0
WELL-04,2026-09-15T17:00,412.26,455.52,1104.94,20.43,2195.65,84.0,76.1,1.92,39.57,0
WELL-04,2026-09-15T18:00,447.71,461.09,1029.87,20.44,2245.89,83.96,73.5,1.9,39.41,0
WELL-04,2026-09-15T19:00,416.07,448.39,1077.68,20.72,2209.73,82.59,78.2,1.8,42.17,0
WELL-04,2026-09-15T20:00,443.66,477.79,1076.93,20.63,2230.28,82.85,76.9,1.89,41.56,0
WELL-04,2026-09-15T21:00,450.28,482.37,1071.29,21.31,2121.39,82.37,79.5,1.69,39.74,0
WELL-04,2026-09-15T22:00,443.67,451.48,1017.6,21.84,2194.4,85.82,74.9,1.68,39.98,0
WELL-04,2026-09-15T23:00,431.16,454.53,1054.2,21.69,2184.48,82.51,77.7,1.73,38.69,0
WELL-04,2026-09-16T00:00,444.45,503.98,1133.94,21.07,2163.52,82.25,78.7,1.89,40.88,0
WELL-04,2026-09-16T01:00,424.7,437.69,1030.58,20.97,2247.34,83.07,75.6,1.96,41.58,0
WELL-04,2026-09-16T02:00,449.55,490.95,1092.08,20.81,2143.13,85.27,69.9,1.62,38.39,0
WELL-04,2026-09-16T03:00,424.7,471.72,1110.71,21.28,2259.98,84.91,79.8,1.87,42.99,0
WELL-04,2026-09-16T04:00,446.98,484.91,1084.85,21.08,2262.4,84.12,68.3,1.62,39.87,0
WELL-04,2026-09-16T05:00,430.41,475.63,1105.07,21.17,2166.68,83.24,73.5,1.77,42.96,0
WELL-04,2026-09-16T06:00,448.96,486.29,1083.15,20.93,2230.42,83.34,69.3,1.83,42.06,0
WELL-04,2026-09-16T07:00,442.6,493.58,1115.18,20.19,2120.01,84.59,72.1,1.73,43.03,0
WELL-04,2026-09-16T08:00,428.85,438.55,1022.63,20.62,2110.03,85.22,69.7,1.86,39.06,0
WELL-04,2026-09-16T09:00,430.48,451.8,1049.53,21.58,2152.68,85.54,75.1,1.8,38.47,0
WELL-04,2026-09-16T10:00,411.36,424.25,1031.33,21.09,2185.6,86.41,78.7,1.91,42.23,0
WELL-04,2026-09-16T11:00,437.13,444.07,1015.89,21.79,2111.0,83.61,70.7,1.96,39.66,0
WELL-04,2026-09-16T12:00,414.63,453.48,1093.71,20.92,2239.09,84.31,74.7,1.61,42.22,0
WELL-04,2026-09-16T13:00,431.1,474.37,1100.36,21.53,2261.49,84.47,75.6,1.92,38.9,0
WELL-04,2026-09-16T14:00,443.64,459.69,1036.17,20.26,2223.67,83.19,78.4,1.66,42.43,0
WELL-04,2026-09-16T15:00,449.88,460.56,1023.73,20.74,2243.2,81.82,71.1,1.59,38.42,0
WELL-04,2026-09-16T16:00,451.05,507.32,1124.76,21.61,2136.96,86.56,75.8,1.9,39.16,0
WELL-04,2026-09-16T17:00,432.03,467.68,1082.52,20.27,2218.86,84.66,77.2,1.83,40.9,0
WELL-04,2026-09-16T18:00,447.8,487.42,1088.48,20.66,2269.11,86.58,70.6,1.99,39.4,0
WELL-04,2026-09-16T19:00,420.12,447.37,1064.86,20.49,2239.16,85.67,68.2,1.93,38.4,0
WELL-04,2026-09-16T20:00,439.8,468.04,1064.2,21.5,2105.29,85.86,71.3,1.71,40.37,0
WELL-04,2026-09-16T21:00,440.67,479.53,1088.19,19.91,2234.9,81.89,70.6,1.81,42.38,0
WELL-04,2026-09-16T22:00,413.32,455.92,1103.07,21.84,2187.5,82.92,74.0,1.9,40.3,0
WELL-04,2026-09-16T23:00,433.57,436.8,1007.45,21.64,2124.48,84.41,76.5,1.92,42.5,0
WELL-04,2026-09-17T00:00,437.68,462.03,1055.63,20.4,2254.47,83.31,68.7,1.89,42.87,0
WELL-04,2026-09-17T01:00,426.4,444.49,1042.43,21.28,2259.89,82.16,74.5,1.83,40.7,0
WELL-04,2026-09-17T02:00,427.24,451.73,1057.34,21.19,2214.73,85.86,72.5,1.65,42.36,0
WELL-04,2026-09-17T03:00,433.39,491.43,1133.92,21.18,2201.46,86.45,68.6,1.59,42.18,0
WELL-04,2026-09-17T04:00,449.58,453.98,1009.79,20.32,2142.21,83.7,79.7,1.67,38.61,0
WELL-04,2026-09-17T05:00,433.24,450.78,1040.48,21.03,2240.23,82.38,76.7,1.76,42.86,0
WELL-04,2026-09-17T06:00,439.51,492.98,1121.66,21.96,2102.28,85.65,70.2,1.97,40.29,0
WELL-04,2026-09-17T07:00,430.86,455.62,1057.47,21.01,2126.21,83.04,69.9,1.96,39.11,0
WELL-04,2026-09-17T08:00,416.28,430.01,1032.97,21.78,2180.15,82.21,69.7,1.83,40.58,0
WELL-04,2026-09-17T09:00,410.79,446.89,1087.88,21.81,2223.06,83.11,72.4,1.64,42.54,0
WELL-04,2026-09-17T10:00,416.36,432.61,1039.03,20.38,2229.7,84.56,76.7,1.68,40.11,0
WELL-04,2026-09-17T11:00,451.35,459.33,1017.68,20.94,2199.18,81.95,73.5,1.75,40.65,0
WELL-04,2026-09-17T12:00,429.54,480.52,1118.69,20.55,2229.71,86.36,69.9,1.88,42.79,0
WELL-04,2026-09-17T13:00,417.71,456.89,1093.8,21.04,2143.76,85.62,77.9,1.81,39.36,0
WELL-04,2026-09-17T14:00,436.6,491.9,1126.67,21.17,2107.04,85.11,69.4,1.82,40.33,0
WELL-04,2026-09-17T15:00,439.96,492.04,1118.37,21.15,2232.9,81.72,76.5,1.64,41.8,0
WELL-04,2026-09-17T16:00,434.34,457.6,1053.56,21.83,2269.14,84.53,69.9,1.98,42.87,0
WELL-04,2026-09-17T17:00,441.28,448.01,1015.25,20.71,2141.49,86.02,74.7,1.95,39.54,0
WELL-04,2026-09-17T18:00,443.22,473.89,1069.2,21.68,2184.76,82.51,70.3,1.61,40.03,0
WELL-04,2026-09-17T19:00,446.38,501.5,1123.48,20.53,2228.63,82.48,74.7,1.63,41.04,0
WELL-04,2026-09-17T20:00,440.27,497.12,1129.13,21.16,2253.99,84.52,70.1,1.7,39.37,0
WELL-04,2026-09-17T21:00,410.11,428.66,1045.23,21.65,2116.82,84.06,68.4,1.85,39.1,0
WELL-04,2026-09-17T22:00,435.25,486.71,1118.23,21.87,2167.9,84.02,76.4,1.74,40.52,0
WELL-04,2026-09-17T23:00,411.25,416.91,1013.76,21.2,2138.71,84.89,75.9,1.81,40.89,0
WELL-04,2026-09-18T00:00,432.41,468.25,1082.9,20.07,2122.84,81.94,79.8,1.8,39.08,0
WELL-04,2026-09-18T01:00,411.29,429.41,1044.07,20.18,2246.08,82.0,68.2,1.96,40.09,0
WELL-04,2026-09-18T02:00,440.0,486.5,1105.68,21.44,2256.57,85.6,72.4,1.63,38.61,0
WELL-04,2026-09-18T03:00,437.11,451.6,1033.13,21.55,2117.74,86.23,79.0,1.68,40.42,0
WELL-04,2026-09-18T04:00,437.7,480.87,1098.63,21.85,2186.75,84.71,79.4,1.97,38.81,0
WELL-04,2026-09-18T05:00,441.13,475.69,1078.34,20.5,2249.64,83.99,75.5,1.81,41.92,0
WELL-04,2026-09-18T06:00,443.51,447.45,1008.89,20.39,2106.54,85.27,74.0,1.73,38.73,0
WELL-04,2026-09-18T07:00,450.92,482.47,1069.97,21.49,2266.06,84.95,78.3,1.85,40.3,0
WELL-04,2026-09-18T08:00,426.85,482.55,1130.48,20.02,2219.77,85.0,69.4,1.79,39.28,0
WELL-04,2026-09-18T09:00,440.55,444.19,1008.27,21.96,2138.24,81.84,77.6,1.89,40.55,0
WELL-04,2026-09-18T10:00,431.29,442.96,1027.05,21.34,2106.39,85.54,76.9,1.72,42.94,0
WELL-04,2026-09-18T11:00,438.74,445.04,1014.36,20.59,2124.96,84.19,78.9,1.64,39.87,0
WELL-04,2026-09-18T12:00,418.18,451.4,1079.44,21.27,2264.7,83.25,69.9,1.8,38.45,0
WELL-04,2026-09-18T13:00,448.97,502.8,1119.89,20.46,2254.27,85.79,75.9,1.98,39.39,0
WELL-04,2026-09-18T14:00,418.3,474.59,1134.55,20.08,2126.94,84.98,78.5,1.91,38.44,0
WELL-04,2026-09-18T15:00,424.09,451.53,1064.7,20.95,2137.52,85.3,72.7,1.77,39.23,0
WELL-04,2026-09-18T16:00,414.59,464.08,1119.37,21.09,2114.78,82.26,70.2,1.85,40.19,0
WELL-04,2026-09-18T17:00,451.43,467.58,1035.77,21.75,2178.94,83.88,70.3,1.79,39.39,0
WELL-04,2026-09-18T18:00,436.88,445.65,1020.07,20.24,2231.26,85.58,76.3,1.73,38.4,0
WELL-04,2026-09-18T19:00,422.54,440.87,1043.37,20.88,2258.64,83.71,71.4,1.78,39.58,0
WELL-04,2026-09-18T20:00,421.57,449.24,1065.64,20.77,2152.38,85.05,78.7,1.74,40.67,0
WELL-04,2026-09-18T21:00,439.44,490.19,1115.47,20.42,2275.34,82.85,76.3,1.69,42.29,0
WELL-04,2026-09-18T22:00,423.13,455.92,1077.5,20.4,2195.24,84.75,69.6,1.77,42.3,0
WELL-04,2026-09-18T23:00,448.78,469.63,1046.44,21.5,2217.95,86.01,70.1,1.62,40.14,0
WELL-04,2026-09-19T00:00,437.71,477.84,1091.68,20.28,2109.48,83.71,76.4,2.01,41.98,0
WELL-04,2026-09-19T01:00,421.59,453.25,1075.11,20.77,2229.17,85.39,75.4,1.86,40.5,0
WELL-04,2026-09-19T02:00,417.22,420.17,1007.08,21.04,2192.4,82.65,78.2,1.85,40.43,0
WELL-04,2026-09-19T03:00,431.59,474.04,1098.35,20.42,2109.8,83.05,78.0,1.6,40.48,0
WELL-04,2026-09-19T04:00,441.47,475.78,1077.72,20.93,2124.08,81.68,71.9,1.89,42.69,0
WELL-04,2026-09-19T05:00,444.68,472.36,1062.23,21.22,2254.82,82.5,69.1,1.89,40.66,0
WELL-04,2026-09-19T06:00,426.73,436.24,1022.29,20.04,2255.79,85.05,76.3,1.64,39.81,0
WELL-04,2026-09-19T07:00,436.22,459.85,1054.16,20.1,2220.11,85.05,70.8,1.79,41.34,0
WELL-04,2026-09-19T08:00,451.94,500.33,1107.08,21.56,2209.13,86.58,75.7,1.95,41.51,0
WELL-04,2026-09-19T09:00,423.42,470.3,1110.73,21.26,2189.62,82.29,79.6,1.93,39.31,0
WELL-04,2026-09-19T10:00,421.09,424.53,1008.16,20.23,2269.71,84.67,79.6,1.8,42.98,0
WELL-04,2026-09-19T11:00,450.56,462.78,1027.13,20.9,2168.3,84.8,77.5,1.62,41.72,0
WELL-04,2026-09-19T12:00,424.96,443.48,1043.58,21.5,2263.61,83.08,76.7,1.66,39.43,0
WELL-04,2026-09-19T13:00,411.69,453.03,1100.43,20.25,2230.56,83.84,71.0,1.84,40.97,0
WELL-04,2026-09-19T14:00,421.8,470.57,1115.61,20.04,2216.09,82.34,78.5,1.71,38.75,0
WELL-04,2026-09-19T15:00,410.16,431.75,1052.63,21.98,2125.93,82.88,78.1,1.61,40.18,0
WELL-04,2026-09-19T16:00,419.08,441.35,1053.14,20.75,2264.59,84.12,71.2,1.71,42.92,0
WELL-04,2026-09-19T17:00,432.08,436.78,1010.87,20.51,2242.87,82.23,75.3,1.8,40.65,0
WELL-04,2026-09-19T18:00,444.41,449.27,1010.95,20.51,2237.81,84.07,71.1,1.9,40.98,0
WELL-04,2026-09-19T19:00,447.16,467.48,1045.43,21.75,2129.15,85.73,76.5,1.95,38.99,0
WELL-04,2026-09-19T20:00,424.13,462.91,1091.44,20.73,2202.95,83.5,79.5,1.71,40.99,0
WELL-04,2026-09-19T21:00,424.71,469.1,1104.51,21.23,2158.22,84.62,74.5,1.95,41.56,0
WELL-04,2026-09-19T22:00,437.28,447.56,1023.52,21.94,2132.77,83.96,77.9,1.82,42.01,0
WELL-04,2026-09-19T23:00,423.8,439.73,1037.61,20.63,2140.67,81.59,68.2,1.79,40.62,0
WELL-04,2026-09-20T00:00,438.5,486.85,1110.27,21.52,2231.25,82.14,78.6,1.72,39.76,0
WELL-04,2026-09-20T01:00,452.05,490.72,1085.54,21.48,2148.72,82.71,68.4,1.95,39.89,0
WELL-04,2026-09-20T02:00,410.28,449.33,1095.18,20.01,2146.83,82.23,77.8,1.67,40.21,0
WELL-04,2026-09-20T03:00,445.89,460.91,1033.68,21.65,2125.16,83.73,75.7,1.71,43.0,0
WELL-04,2026-09-20T04:00,448.54,507.04,1130.42,21.3,2103.65,83.52,74.5,1.6,40.37,0
WELL-04,2026-09-20T05:00,420.75,438.01,1041.02,21.97,2182.27,82.65,71.1,1.68,41.61,0
WELL-04,2026-09-20T06:00,440.69,479.1,1087.16,21.76,2179.14,81.72,76.4,2.0,40.3,0
WELL-04,2026-09-20T07:00,434.83,472.1,1085.71,20.38,2104.02,83.73,77.9,1.95,41.91,0
WELL-04,2026-09-20T08:00,442.27,471.51,1066.12,21.46,2195.62,82.35,71.4,1.77,41.75,0
WELL-04,2026-09-20T09:00,436.93,458.3,1048.91,20.95,2255.26,85.5,76.6,1.66,39.89,0
WELL-04,2026-09-20T10:00,426.29,461.96,1083.67,20.22,2222.07,83.7,74.7,1.63,39.79,0
WELL-04,2026-09-20T11:00,441.7,489.93,1109.2,19.94,2274.53,82.16,68.7,1.6,39.9,0
WELL-04,2026-09-20T12:00,422.79,453.28,1072.12,20.87,2263.32,82.68,77.2,1.64,41.67,0
WELL-04,2026-09-20T13:00,410.34,441.84,1076.76,20.67,2135.34,82.38,76.9,1.68,39.49,0
WELL-04,2026-09-20T14:00,450.23,496.99,1103.86,19.94,2221.83,84.17,70.5,2.02,40.61,0
WELL-04,2026-09-20T15:00,445.51,485.92,1090.71,20.18,2194.36,81.83,75.8,1.64,39.34,0
WELL-04,2026-09-20T16:00,431.2,460.52,1067.98,21.59,2258.89,85.04,71.5,1.8,42.89,0
WELL-04,2026-09-20T17:00,426.42,451.18,1058.07,21.46,2181.21,81.8,79.8,1.72,42.48,0
WELL-04,2026-09-20T18:00,443.01,490.66,1107.57,20.2,2117.34,85.98,78.2,1.82,41.01,0
WELL-04,2026-09-20T19:00,445.32,482.99,1084.58,20.24,2197.13,84.45,73.2,1.77,41.13,0
WELL-04,2026-09-20T20:00,448.09,458.28,1022.75,21.39,2197.11,86.28,79.8,1.82,41.43,0
WELL-04,2026-09-20T21:00,435.5,469.35,1077.73,20.98,2242.25,84.4,72.6,1.6,42.61,0
WELL-04,2026-09-20T22:00,444.63,472.78,1063.3,19.9,2157.1,82.92,75.0,1.61,39.5,0
WELL-04,2026-09-20T23:00,413.63,468.53,1132.73,20.92,2247.82,82.36,77.1,1.62,40.84,0
WELL-04,2026-09-21T00:00,426.02,456.53,1071.62,20.77,2190.29,84.3,78.8,1.85,41.95,0
WELL-04,2026-09-21T01:00,421.67,444.85,1054.99,20.92,2274.59,85.64,78.4,1.84,42.62,0
WELL-04,2026-09-21T02:00,417.75,471.92,1129.67,20.34,2145.73,81.69,73.1,1.92,42.95,0
WELL-04,2026-09-21T03:00,435.63,490.11,1125.04,20.39,2165.72,84.64,70.6,1.65,40.34,0
WELL-04,2026-09-21T04:00,412.07,430.76,1045.36,20.76,2216.97,83.35,79.8,1.69,41.62,0
WELL-04,2026-09-21T05:00,424.86,435.52,1025.1,21.05,2204.97,84.67,71.6,1.79,41.49,0
WELL-04,2026-09-21T06:00,426.04,430.19,1009.75,21.94,2133.84,85.97,69.2,1.74,41.71,0
WELL-04,2026-09-21T07:00,436.12,477.25,1094.32,20.01,2266.02,82.45,72.1,1.83,39.38,0
WELL-04,2026-09-21T08:00,430.14,433.48,1007.76,20.23,2237.54,83.08,73.4,1.82,43.03,0
WELL-04,2026-09-21T09:00,409.87,460.56,1123.68,20.71,2264.65,83.45,73.6,1.93,38.88,0
WELL-04,2026-09-21T10:00,420.31,423.4,1007.36,20.69,2228.02,81.8,68.6,1.97,39.31,0
WELL-04,2026-09-21T11:00,410.01,417.19,1017.52,20.12,2148.27,86.39,72.4,1.9,41.83,0
WELL-04,2026-09-21T12:00,447.78,500.74,1118.26,20.76,2139.8,85.33,78.5,1.74,42.02,0
WELL-04,2026-09-21T13:00,424.15,436.55,1029.22,21.55,2111.37,82.81,71.3,1.84,42.05,0
WELL-04,2026-09-21T14:00,419.03,454.42,1084.45,21.56,2216.46,83.03,73.4,2.01,42.38,0
WELL-04,2026-09-21T15:00,442.4,481.11,1087.5,21.54,2234.58,82.88,77.9,1.59,38.75,0
WELL-04,2026-09-21T16:00,417.06,462.98,1110.09,20.86,2222.52,83.22,72.9,1.95,43.12,0
WELL-04,2026-09-21T17:00,433.14,488.35,1127.48,20.59,2188.51,84.7,72.1,1.8,41.0,0
WELL-04,2026-09-21T18:00,451.14,470.27,1042.41,20.13,2264.77,82.16,74.2,1.84,39.24,0
WELL-04,2026-09-21T19:00,424.21,462.08,1089.26,20.75,2251.29,83.71,68.1,1.97,39.63,0
WELL-04,2026-09-21T20:00,427.07,469.35,1099.0,20.78,2190.25,86.24,73.7,1.88,42.34,0
WELL-04,2026-09-21T21:00,436.91,462.06,1057.56,21.59,2124.45,86.13,75.6,1.83,43.04,0
WELL-04,2026-09-21T22:00,438.88,462.57,1053.99,20.56,2170.31,85.96,73.8,1.84,42.4,0
WELL-04,2026-09-21T23:00,435.37,447.97,1028.94,21.91,2256.99,81.99,74.2,1.99,40.65,0
WELL-04,2026-09-22T00:00,428.75,443.73,1034.95,20.3,2269.06,81.9,79.5,1.75,40.7,0
WELL-04,2026-09-22T01:00,419.83,456.66,1087.73,20.53,2106.55,86.22,77.8,1.83,42.33,0
WELL-04,2026-09-22T02:00,451.25,471.6,1045.11,21.24,2142.64,85.5,72.7,1.99,38.95,0
WELL-04,2026-09-22T03:00,435.81,449.42,1031.23,19.92,2205.09,85.74,78.6,1.98,42.95,0
WELL-04,2026-09-22T04:00,432.41,437.63,1012.05,19.95,2144.96,83.83,73.6,1.78,41.7,0
WELL-04,2026-09-22T05:00,416.74,452.13,1084.9,21.44,2253.11,85.43,75.7,1.98,41.14,0
WELL-04,2026-09-22T06:00,426.68,439.56,1030.2,20.71,2145.79,86.61,78.6,1.7,42.77,0
WELL-04,2026-09-22T07:00,430.37,469.18,1090.18,20.92,2136.66,84.9,73.6,1.99,41.95,0
WELL-04,2026-09-22T08:00,427.45,433.88,1015.04,19.9,2102.22,84.53,68.4,1.69,38.68,0
WELL-04,2026-09-22T09:00,434.26,483.9,1114.3,20.75,2266.67,85.46,71.7,1.74,40.61,0
WELL-04,2026-09-22T10:00,444.71,488.11,1097.59,21.63,2175.88,82.11,68.8,1.91,39.31,0
WELL-04,2026-09-22T11:00,410.39,439.47,1070.85,20.5,2246.48,83.04,78.4,1.81,39.3,0
WELL-04,2026-09-22T12:00,414.98,455.51,1097.68,21.84,2181.62,85.88,70.6,1.59,41.99,0
WELL-04,2026-09-22T13:00,422.88,430.71,1018.52,20.95,2164.5,86.28,70.4,1.65,41.56,0
WELL-04,2026-09-22T14:00,439.32,442.51,1007.28,21.31,2190.67,84.89,72.7,1.85,39.58,0
WELL-04,2026-09-22T15:00,452.79,510.38,1127.2,20.8,2243.5,82.41,75.5,1.66,41.94,0
WELL-04,2026-09-22T16:00,439.75,498.04,1132.54,21.46,2273.9,85.88,75.3,1.71,41.21,0
WELL-04,2026-09-22T17:00,425.39,478.48,1124.81,21.8,2261.24,86.37,69.7,1.72,38.35,0
WELL-04,2026-09-22T18:00,446.71,459.84,1029.4,20.85,2141.28,86.58,70.4,2.0,41.09,0
WELL-04,2026-09-22T19:00,425.39,456.79,1073.8,20.21,2187.88,83.65,68.3,1.59,39.66,0
WELL-04,2026-09-22T20:00,436.91,442.06,1011.8,20.0,2119.27,83.01,79.2,1.97,38.37,0
WELL-04,2026-09-22T21:00,442.45,461.38,1042.8,20.81,2145.55,84.05,70.8,1.94,41.37,0
WELL-04,2026-09-22T22:00,414.55,463.4,1117.82,21.33,2230.58,84.49,71.1,1.93,42.86,0
WELL-04,2026-09-22T23:00,430.42,450.07,1045.67,19.99,2269.2,82.11,72.6,1.97,39.69,0
WELL-04,2026-09-23T00:00,417.37,452.4,1083.93,20.53,2142.78,84.35,76.3,1.67,42.59,0
WELL-04,2026-09-23T01:00,450.92,494.14,1095.86,20.77,2251.49,84.14,69.2,1.63,40.91,0
WELL-04,2026-09-23T02:00,452.52,486.87,1075.91,20.71,2257.25,85.13,69.1,1.67,42.32,0
WELL-04,2026-09-23T03:00,431.46,485.1,1124.33,21.02,2151.56,82.4,77.7,1.92,39.18,0
WELL-04,2026-09-23T04:00,423.52,478.28,1129.29,20.3,2115.07,81.99,68.1,1.95,41.77,0
WELL-04,2026-09-23T05:00,415.36,465.04,1119.6,21.0,2207.14,85.37,77.0,1.99,41.01,0
WELL-04,2026-09-23T06:00,442.93,471.56,1064.63,20.69,2253.4,81.79,76.7,1.76,42.17,0
WELL-04,2026-09-23T07:00,442.54,481.99,1089.16,21.73,2171.73,83.28,74.3,1.74,40.23,0
WELL-04,2026-09-23T08:00,411.29,434.5,1056.44,20.38,2271.87,83.37,79.2,1.77,39.37,0
WELL-04,2026-09-23T09:00,429.36,463.27,1078.97,21.93,2177.52,84.53,75.3,1.66,41.38,0
WELL-04,2026-09-23T10:00,415.85,460.17,1106.58,20.96,2158.83,81.74,74.6,1.66,41.1,0
WELL-04,2026-09-23T11:00,415.23,456.98,1100.56,20.88,2147.44,81.97,74.7,1.66,42.81,0
WELL-04,2026-09-23T12:00,423.47,457.01,1079.19,21.03,2176.7,81.86,69.6,1.98,42.31,0
WELL-04,2026-09-23T13:00,410.39,461.25,1123.91,21.19,2181.65,84.55,71.6,1.61,39.34,0
WELL-04,2026-09-23T14:00,443.74,470.81,1061.01,20.85,2160.97,84.64,69.1,1.75,38.71,0
WELL-04,2026-09-23T15:00,418.04,454.07,1086.18,20.6,2179.57,83.48,71.3,1.66,39.94,0
WELL-04,2026-09-23T16:00,415.57,420.09,1010.88,21.97,2171.16,83.52,73.6,1.7,38.35,0
WELL-04,2026-09-23T17:00,435.47,490.4,1126.14,21.95,2214.22,84.93,79.7,1.92,42.46,0
WELL-04,2026-09-23T18:00,446.71,502.86,1125.7,20.46,2139.94,84.51,78.5,1.89,41.45,0
WELL-04,2026-09-23T19:00,444.83,451.6,1015.21,21.4,2261.83,85.84,68.5,1.91,39.6,0
WELL-04,2026-09-23T20:00,413.11,444.35,1075.63,20.84,2253.59,86.41,72.9,1.81,39.06,0
WELL-04,2026-09-23T21:00,440.13,446.72,1014.98,19.97,2228.77,84.82,77.1,1.64,41.87,0
WELL-04,2026-09-23T22:00,416.87,445.66,1069.08,21.79,2236.23,82.66,75.8,1.63,39.44,0
WELL-04,2026-09-23T23:00,451.65,497.37,1101.22,21.23,2150.08,82.65,76.7,1.69,39.63,0
WELL-04,2026-09-24T00:00,419.68,472.21,1125.16,21.8,2178.87,83.54,77.0,1.61,42.2,0
WELL-04,2026-09-24T01:00,438.16,458.28,1045.9,21.45,2200.5,85.39,74.9,1.83,42.26,0
WELL-04,2026-09-24T02:00,443.65,469.92,1059.22,20.92,2147.72,86.18,70.8,1.8,39.9,0
WELL-04,2026-09-24T03:00,446.81,465.04,1040.79,21.31,2168.43,84.03,76.0,1.66,39.39,0
WELL-04,2026-09-24T04:00,437.19,495.47,1133.32,21.83,2254.86,85.02,70.4,1.6,38.45,0
WELL-04,2026-09-24T05:00,449.45,454.09,1010.33,21.62,2255.65,83.33,77.0,1.99,39.08,0
WELL-04,2026-09-24T06:00,421.17,458.37,1088.33,21.71,2122.25,86.33,68.3,1.76,42.33,0
WELL-04,2026-09-24T07:00,416.27,435.91,1047.19,21.65,2231.06,85.69,79.6,1.94,42.67,0
WELL-04,2026-09-24T08:00,446.88,465.42,1041.51,21.07,2155.17,84.62,77.9,1.66,40.81,0
WELL-04,2026-09-24T09:00,430.6,481.55,1118.31,21.56,2168.07,85.64,68.9,1.87,42.16,0
WELL-04,2026-09-24T10:00,434.22,483.36,1113.16,21.58,2264.91,85.76,69.2,2.0,41.48,0
WELL-04,2026-09-24T11:00,448.96,482.71,1075.16,21.57,2108.01,86.15,71.0,1.77,40.53,0
WELL-04,2026-09-24T12:00,443.26,460.9,1039.79,21.76,2218.52,82.58,68.1,1.77,38.57,0
WELL-04,2026-09-24T13:00,424.03,449.76,1060.68,20.08,2174.35,83.3,72.0,1.63,41.02,0
WELL-04,2026-09-24T14:00,412.28,452.81,1098.31,20.66,2241.92,83.48,78.7,1.7,41.23,0
WELL-04,2026-09-24T15:00,433.32,465.4,1074.02,21.9,2268.53,82.5,75.5,1.77,38.68,0
WELL-04,2026-09-24T16:00,427.9,442.47,1034.04,20.42,2247.75,85.14,76.5,1.89,41.8,0
WELL-04,2026-09-24T17:00,439.86,484.03,1100.42,20.41,2196.74,82.51,74.2,1.92,38.5,0
WELL-04,2026-09-24T18:00,417.59,447.2,1070.91,21.65,2198.39,82.46,70.8,1.6,41.3,0
WELL-04,2026-09-24T19:00,423.67,464.96,1097.44,20.12,2255.51,84.34,74.2,1.68,40.82,0
WELL-04,2026-09-24T20:00,409.99,431.48,1052.42,21.48,2133.93,83.15,75.9,1.66,40.72,0
WELL-04,2026-09-24T21:00,412.82,416.27,1008.38,20.77,2227.32,85.81,68.3,1.8,41.54,0
WELL-04,2026-09-24T22:00,425.39,439.7,1033.63,21.65,2201.64,84.38,72.8,2.01,39.97,0
WELL-04,2026-09-24T23:00,451.38,457.77,1014.17,21.74,2147.87,81.77,75.3,1.77,41.66,0
WELL-04,2026-09-25T00:00,433.62,453.13,1045.01,20.5,2162.28,86.14,68.2,1.99,41.15,0
WELL-05,2026-06-27T01:00,425.96,535.42,1256.97,36.09,2368.46,79.48,75.6,2.07,51.01,0
WELL-05,2026-06-27T02:00,447.83,548.06,1223.79,37.47,2347.47,79.42,81.3,1.94,45.85,0
WELL-05,2026-06-27T03:00,484.13,594.08,1227.11,37.28,2337.82,78.54,86.0,1.76,46.91,0
WELL-05,2026-06-27T04:00,455.99,555.21,1217.6,40.9,2323.87,81.16,78.6,1.95,47.21,0
WELL-05,2026-06-27T05:00,437.04,529.97,1212.63,36.12,2369.16,81.64,73.9,2.08,50.84,0
WELL-05,2026-06-27T06:00,488.17,621.9,1273.93,40.76,2411.43,79.55,81.5,1.79,46.86,0
WELL-05,2026-06-27T07:00,443.37,535.14,1207.0,38.87,2360.65,80.04,82.6,1.86,50.99,0
WELL-05,2026-06-27T08:00,429.04,541.9,1263.06,39.52,2389.09,80.07,74.4,1.88,47.39,0
WELL-05,2026-06-27T09:00,452.65,552.71,1221.05,35.66,2258.4,81.31,83.2,2.05,48.14,0
WELL-05,2026-06-27T10:00,462.23,548.15,1185.88,37.32,2400.24,79.5,78.7,1.98,46.81,0
WELL-05,2026-06-27T11:00,456.34,570.0,1249.09,39.08,2416.97,80.45,78.2,1.74,51.25,0
WELL-05,2026-06-27T12:00,422.68,509.98,1206.52,36.77,2401.92,78.81,75.2,1.99,47.93,0
WELL-05,2026-06-27T13:00,481.58,603.63,1253.43,38.12,2314.09,81.16,84.5,1.71,51.37,0
WELL-05,2026-06-27T14:00,455.68,584.96,1283.71,35.53,2365.37,79.71,79.0,1.76,47.74,0
WELL-05,2026-06-27T15:00,469.09,553.62,1180.19,35.56,2354.43,81.5,84.7,1.8,46.94,0
WELL-05,2026-06-27T16:00,461.52,584.77,1267.05,40.98,2354.26,78.82,85.6,1.76,50.23,0
WELL-05,2026-06-27T17:00,476.51,622.94,1307.29,40.74,2321.1,82.08,84.3,1.71,49.06,0
WELL-05,2026-06-27T18:00,461.94,590.52,1278.34,40.65,2327.6,79.45,81.1,1.92,49.21,0
WELL-05,2026-06-27T19:00,449.64,529.61,1177.86,37.42,2365.17,82.12,77.2,1.79,46.05,0
WELL-05,2026-06-27T20:00,416.14,518.0,1244.78,38.6,2343.75,78.3,77.7,1.75,49.1,0
WELL-05,2026-06-27T21:00,442.26,546.44,1235.56,37.82,2377.13,82.77,76.4,1.84,50.82,0
WELL-05,2026-06-27T22:00,482.57,632.44,1310.56,36.61,2335.73,81.06,76.5,1.67,46.68,0
WELL-05,2026-06-27T23:00,435.25,547.07,1256.91,38.24,2324.83,80.96,76.6,1.81,47.68,0
WELL-05,2026-06-28T00:00,445.64,535.16,1200.87,35.64,2318.43,81.3,84.7,1.85,49.94,0
WELL-05,2026-06-28T01:00,469.87,606.08,1289.9,41.09,2389.3,80.64,84.1,1.76,49.09,0
WELL-05,2026-06-28T02:00,473.21,569.2,1202.83,34.66,2265.63,82.78,81.9,1.85,47.84,0
WELL-05,2026-06-28T03:00,473.7,586.31,1237.72,39.15,2301.45,82.18,76.3,2.04,48.64,0
WELL-05,2026-06-28T04:00,439.6,542.29,1233.61,36.95,2367.23,79.94,82.2,1.67,50.4,0
WELL-05,2026-06-28T05:00,416.62,525.87,1262.21,40.35,2386.47,80.8,74.6,1.85,46.87,0
WELL-05,2026-06-28T06:00,458.11,590.17,1288.25,36.17,2334.33,78.67,78.0,2.11,47.15,0
WELL-05,2026-06-28T07:00,483.99,567.08,1171.68,34.98,2348.23,80.91,84.5,1.79,51.24,0
WELL-05,2026-06-28T08:00,459.78,574.68,1249.91,35.59,2284.4,82.31,73.8,2.12,47.06,0
WELL-05,2026-06-28T09:00,469.99,600.71,1278.13,37.8,2421.96,81.06,79.7,2.1,51.53,0
WELL-05,2026-06-28T10:00,452.75,571.89,1263.15,36.86,2281.69,80.4,78.5,1.68,47.56,0
WELL-05,2026-06-28T11:00,451.36,543.23,1203.52,38.62,2403.64,81.84,81.8,1.91,46.43,0
WELL-05,2026-06-28T12:00,447.67,543.42,1213.87,41.4,2306.29,82.21,80.8,1.77,50.26,0
WELL-05,2026-06-28T13:00,488.3,639.86,1310.4,35.04,2428.55,82.45,81.1,1.82,51.24,0
WELL-05,2026-06-28T14:00,475.05,566.98,1193.53,35.86,2436.0,81.94,79.6,1.77,46.48,0
WELL-05,2026-06-28T15:00,436.46,552.46,1265.8,34.93,2410.12,80.46,82.7,1.85,47.97,0
WELL-05,2026-06-28T16:00,484.25,577.19,1191.93,38.22,2272.58,79.49,77.1,1.89,47.41,0
WELL-05,2026-06-28T17:00,479.02,619.58,1293.43,35.15,2432.76,79.82,80.8,1.68,47.52,0
WELL-05,2026-06-28T18:00,474.49,599.79,1264.07,37.69,2331.89,78.5,78.0,2.04,46.22,0
WELL-05,2026-06-28T19:00,425.18,534.98,1258.24,38.66,2273.59,82.08,85.4,1.89,50.58,0
WELL-05,2026-06-28T20:00,483.69,586.01,1211.55,39.3,2421.12,81.06,79.3,1.94,49.23,0
WELL-05,2026-06-28T21:00,455.44,546.11,1199.1,38.3,2362.94,79.44,81.6,1.93,49.91,0
WELL-05,2026-06-28T22:00,495.56,628.26,1267.79,39.57,2334.7,81.33,76.4,1.73,48.47,0
WELL-05,2026-06-28T23:00,419.88,549.0,1307.52,39.86,2427.4,82.76,77.9,1.98,46.34,0
WELL-05,2026-06-29T00:00,473.48,574.56,1213.5,38.5,2338.59,79.29,78.1,1.82,50.42,0
WELL-05,2026-06-29T01:00,464.0,546.4,1177.59,38.44,2367.55,78.94,82.5,1.72,50.67,0
WELL-05,2026-06-29T02:00,481.33,633.89,1316.94,40.27,2299.98,79.98,79.9,2.03,51.24,0
WELL-05,2026-06-29T03:00,444.57,577.02,1297.93,37.79,2369.29,81.16,84.9,2.04,48.38,0
WELL-05,2026-06-29T04:00,482.04,626.24,1299.14,36.37,2360.5,81.09,81.1,1.79,49.98,0
WELL-05,2026-06-29T05:00,412.94,527.99,1278.61,41.71,2338.3,79.53,85.1,2.08,50.7,0
WELL-05,2026-06-29T06:00,467.7,576.81,1233.29,36.29,2344.51,80.52,73.2,2.08,53.09,0
WELL-05,2026-06-29T07:00,477.49,575.29,1204.8,42.0,2380.99,80.43,72.6,1.98,52.43,0
WELL-05,2026-06-29T08:00,413.65,524.6,1268.22,42.65,2255.23,81.74,74.5,1.81,50.87,0
WELL-05,2026-06-29T09:00,413.67,493.13,1192.08,42.17,2209.75,84.31,79.0,1.84,49.35,0
WELL-05,2026-06-29T10:00,427.06,533.85,1250.04,37.97,2329.2,82.42,78.7,2.23,53.41,0
WELL-05,2026-06-29T11:00,408.55,488.26,1195.09,39.99,2322.31,84.23,79.7,2.4,50.92,0
WELL-05,2026-06-29T12:00,436.24,543.39,1245.63,39.22,2337.9,80.14,80.0,1.98,51.43,0
WELL-05,2026-06-29T13:00,425.82,570.53,1339.84,42.8,2238.72,80.93,78.5,2.31,55.1,0
WELL-05,2026-06-29T14:00,390.38,488.73,1251.94,40.38,2303.0,84.03,76.3,2.21,55.33,0
WELL-05,2026-06-29T15:00,381.84,493.38,1292.12,41.11,2331.57,84.29,70.8,2.56,57.32,0
WELL-05,2026-06-29T16:00,391.0,486.72,1244.81,43.21,2287.76,82.9,80.8,2.32,55.98,0
WELL-05,2026-06-29T17:00,377.37,474.54,1257.5,39.27,2294.54,81.76,80.0,2.17,58.66,0
WELL-05,2026-06-29T18:00,404.35,506.89,1253.61,41.44,2269.95,85.45,70.2,2.12,56.29,0
WELL-05,2026-06-29T19:00,375.5,507.4,1351.25,42.48,2267.88,82.19,81.9,2.29,57.56,0
WELL-05,2026-06-29T20:00,382.41,509.76,1333.01,39.49,2267.65,84.15,80.8,2.61,56.75,0
WELL-05,2026-06-29T21:00,402.89,496.56,1232.5,37.67,2153.9,86.64,74.5,2.82,54.1,0
WELL-05,2026-06-29T22:00,388.03,526.59,1357.08,37.84,2261.67,86.09,79.8,2.39,54.86,0
WELL-05,2026-06-29T23:00,360.71,457.62,1268.67,45.25,2144.86,85.79,77.7,2.65,59.35,0
WELL-05,2026-06-30T00:00,395.51,493.26,1247.16,40.14,2117.68,83.34,74.6,2.44,59.99,0
WELL-05,2026-06-30T01:00,360.92,457.92,1268.75,43.6,2103.63,85.27,75.4,2.58,57.35,0
WELL-05,2026-06-30T02:00,418.71,532.87,1272.63,41.34,2214.48,83.88,71.8,2.62,58.6,0
WELL-05,2026-06-30T03:00,360.55,448.49,1243.92,44.49,2181.46,84.21,68.9,2.93,58.76,0
WELL-05,2026-06-30T04:00,399.19,525.47,1316.34,38.56,2132.43,87.4,71.2,3.04,62.18,0
WELL-05,2026-06-30T05:00,370.2,466.39,1259.81,39.61,2140.5,86.0,77.3,2.78,61.98,0
WELL-05,2026-06-30T06:00,382.76,524.72,1370.88,42.79,2083.49,84.53,68.3,3.09,63.93,0
WELL-05,2026-06-30T07:00,383.54,490.56,1279.02,46.03,2042.05,88.25,71.6,3.09,63.24,0
WELL-05,2026-06-30T08:00,362.62,501.85,1383.97,40.99,2117.75,85.86,77.9,3.1,63.78,0
WELL-05,2026-06-30T09:00,363.54,500.22,1375.98,41.85,2177.59,87.39,72.0,3.28,60.57,0
WELL-05,2026-06-30T10:00,337.84,443.35,1312.33,40.06,2131.06,88.33,76.0,3.45,64.46,0
WELL-05,2026-06-30T11:00,393.82,538.92,1368.46,44.34,2143.18,87.49,74.5,3.27,62.13,0
WELL-05,2026-06-30T12:00,362.89,469.13,1292.77,39.91,2086.7,88.48,75.0,2.83,65.5,0
WELL-05,2026-06-30T13:00,341.8,471.16,1378.46,45.06,2042.54,84.96,67.3,3.63,68.65,0
WELL-05,2026-06-30T14:00,370.33,511.85,1382.14,43.49,2093.21,86.12,71.0,3.06,66.89,0
WELL-05,2026-06-30T15:00,323.4,438.09,1354.65,43.47,2141.88,87.15,74.1,3.45,67.45,0
WELL-05,2026-06-30T16:00,376.01,481.42,1280.33,41.06,2069.82,89.38,75.5,3.66,67.81,0
WELL-05,2026-06-30T17:00,337.12,456.55,1354.26,45.15,2102.28,86.63,73.3,3.11,72.12,0
WELL-05,2026-06-30T18:00,353.39,453.65,1283.72,45.76,2081.37,89.69,72.5,3.55,70.58,0
WELL-05,2026-06-30T19:00,355.38,477.48,1343.6,48.64,2049.85,86.28,69.0,3.16,70.91,0
WELL-05,2026-06-30T20:00,343.9,479.75,1395.02,46.22,1967.72,87.69,72.5,3.39,70.19,0
WELL-05,2026-06-30T21:00,320.82,432.61,1348.47,43.09,2011.71,88.89,72.8,3.22,68.05,0
WELL-05,2026-06-30T22:00,350.94,482.07,1373.66,44.6,1992.21,87.28,68.1,3.64,68.19,0
WELL-05,2026-06-30T23:00,319.44,457.48,1432.1,48.41,1948.74,88.48,68.2,4.08,72.65,0
WELL-05,2026-07-01T00:00,301.58,428.53,1420.95,45.75,1986.37,90.97,69.9,4.26,70.4,0
WELL-05,2026-07-01T01:00,326.34,424.69,1301.4,47.78,1921.6,91.87,66.1,3.79,71.01,0
WELL-05,2026-07-01T02:00,308.12,402.56,1306.5,48.35,1996.55,90.31,64.5,3.49,77.33,0
WELL-05,2026-07-01T03:00,317.99,446.23,1403.26,49.92,1985.66,87.51,69.5,4.1,73.55,0
WELL-05,2026-07-01T04:00,338.97,479.85,1415.58,46.67,1901.96,87.49,70.8,4.29,79.63,0
WELL-05,2026-07-01T05:00,300.86,424.82,1412.02,44.99,1910.49,91.85,73.7,4.39,80.13,0
WELL-05,2026-07-01T06:00,331.92,439.1,1322.93,44.15,1885.4,89.25,71.4,3.87,77.33,0
WELL-05,2026-07-01T07:00,303.93,440.53,1449.44,42.92,1951.92,88.65,63.7,4.35,77.07,0
WELL-05,2026-07-01T08:00,305.62,440.6,1441.64,46.07,1956.26,91.6,68.5,4.44,79.99,0
WELL-05,2026-07-01T09:00,286.31,393.9,1375.79,48.02,1999.51,91.56,68.5,4.16,74.3,0
WELL-05,2026-07-01T10:00,302.77,433.85,1432.94,42.94,1867.24,91.78,65.1,4.36,81.51,0
WELL-05,2026-07-01T11:00,282.82,377.15,1333.54,47.98,1905.84,92.96,68.4,4.77,83.33,0
WELL-05,2026-07-01T12:00,303.55,404.23,1331.66,44.06,1954.84,90.17,67.3,4.54,79.09,0
WELL-05,2026-07-01T13:00,298.79,437.26,1463.46,47.29,1965.33,91.88,69.5,4.38,85.49,0
WELL-05,2026-07-01T14:00,280.08,394.69,1409.16,51.13,1822.04,93.09,62.2,4.3,84.94,0
WELL-05,2026-07-01T15:00,288.49,383.94,1330.84,51.64,1826.45,93.15,69.4,5.14,83.51,0
WELL-05,2026-07-01T16:00,274.71,403.28,1468.04,46.21,1945.77,91.91,69.0,4.15,79.47,0
WELL-05,2026-07-01T17:00,300.91,429.38,1426.95,50.56,1907.86,92.33,62.5,4.36,85.84,0
WELL-05,2026-07-01T18:00,281.96,414.63,1470.55,49.14,1800.96,90.6,70.5,5.03,81.33,0
WELL-05,2026-07-01T19:00,260.12,377.08,1449.62,48.94,1892.89,94.45,62.9,4.63,81.48,0
WELL-05,2026-07-01T20:00,293.26,407.28,1388.78,50.1,1826.54,93.73,68.2,4.83,88.83,0
WELL-05,2026-07-01T21:00,283.73,392.23,1382.39,51.09,1825.58,90.89,63.6,5.29,81.54,0
WELL-05,2026-07-01T22:00,281.48,395.77,1406.06,49.28,1770.93,92.81,70.8,5.35,87.95,0
WELL-05,2026-07-01T23:00,286.12,386.77,1351.77,52.07,1845.35,91.28,70.8,4.89,89.14,0
WELL-05,2026-07-02T00:00,255.29,352.85,1382.17,46.42,1797.26,92.64,64.8,4.87,86.59,0
WELL-05,2026-07-02T01:00,243.59,349.57,1435.09,49.71,1758.62,94.23,66.1,5.43,91.56,0
WELL-05,2026-07-02T02:00,258.96,381.1,1471.62,51.51,1782.54,91.43,65.4,5.78,94.63,0
WELL-05,2026-07-02T03:00,235.22,334.91,1423.81,51.88,1820.76,95.84,65.3,5.66,89.93,0
WELL-05,2026-07-02T04:00,270.43,380.27,1406.13,49.54,1813.14,94.62,63.3,5.27,87.95,0
WELL-05,2026-07-02T05:00,250.72,342.4,1365.64,50.68,1793.21,92.98,61.7,5.17,96.42,0
WELL-05,2026-07-02T06:00,246.34,357.67,1451.94,53.29,1710.79,94.8,61.4,5.36,89.16,1
WELL-05,2026-07-02T07:00,251.98,370.59,1470.67,50.71,1786.94,93.15,65.0,6.16,88.32,1
WELL-05,2026-07-02T08:00,242.9,334.5,1377.07,50.74,1811.25,95.52,67.1,5.78,98.36,0
WELL-05,2026-07-02T09:00,240.87,350.01,1453.07,48.56,1799.47,92.93,66.8,6.31,93.35,0
WELL-05,2026-07-02T10:00,231.56,332.38,1435.43,48.52,1751.58,92.62,63.5,5.89,97.04,1
WELL-05,2026-07-02T11:00,214.07,328.61,1535.08,51.93,1686.79,94.01,59.8,5.75,92.34,1
WELL-05,2026-07-02T12:00,219.32,330.76,1508.09,47.08,1764.15,93.27,58.6,6.39,92.11,1
WELL-05,2026-07-02T13:00,234.07,354.49,1514.45,51.11,1673.89,94.31,59.6,5.47,95.28,1
WELL-05,2026-07-02T14:00,226.95,314.72,1386.75,49.95,1780.95,93.99,62.6,6.47,102.95,1
WELL-05,2026-07-02T15:00,203.68,285.34,1400.92,48.55,1657.42,97.22,57.6,5.52,99.18,0
WELL-05,2026-07-02T16:00,230.23,318.1,1381.67,52.58,1697.19,97.24,62.4,6.2,103.15,0
WELL-05,2026-07-02T17:00,230.95,335.65,1453.35,49.73,1725.73,94.63,62.9,6.82,102.73,1
WELL-05,2026-07-02T18:00,220.97,317.11,1435.11,56.61,1624.42,97.63,64.3,6.14,99.61,0
WELL-05,2026-07-02T19:00,228.41,344.25,1507.17,52.09,1638.6,99.86,63.8,6.49,105.7,1
WELL-05,2026-07-02T20:00,204.14,285.16,1396.87,50.15,1608.44,96.57,65.1,6.5,104.76,1
WELL-05,2026-07-02T21:00,191.46,291.63,1523.16,48.01,1682.14,99.74,63.7,7.07,107.75,1
WELL-05,2026-07-02T22:00,200.43,302.23,1507.91,49.75,1707.87,100.08,59.2,5.79,109.05,1
WELL-05,2026-07-02T23:00,196.74,301.58,1532.91,50.56,1668.2,96.17,61.7,6.43,106.1,0
WELL-05,2026-07-03T00:00,181.79,265.92,1462.75,53.65,1678.04,97.54,58.8,7.31,108.6,0
WELL-05,2026-07-03T01:00,205.08,300.32,1464.43,51.5,1587.18,96.31,59.1,6.0,109.99,0
WELL-05,2026-07-03T02:00,184.23,289.35,1570.62,53.72,1577.16,99.92,64.8,7.19,100.99,1
WELL-05,2026-07-03T03:00,186.99,293.14,1567.67,57.94,1592.35,98.61,57.5,6.25,106.22,1
WELL-05,2026-07-03T04:00,175.82,252.86,1438.13,52.64,1652.57,97.26,62.5,7.07,106.38,1
WELL-05,2026-07-03T05:00,184.78,263.46,1425.81,55.05,1606.6,100.46,60.1,6.42,105.19,0
WELL-05,2026-07-03T06:00,180.37,281.2,1559.03,52.07,1611.72,100.59,59.8,7.79,116.14,1
WELL-05,2026-07-03T07:00,167.36,238.06,1422.46,50.84,1580.49,100.25,55.1,6.6,106.81,1
WELL-05,2026-07-03T08:00,171.91,249.08,1448.86,57.0,1572.52,100.47,61.6,7.11,110.53,1
WELL-05,2026-07-03T09:00,184.48,294.25,1595.01,53.9,1588.58,101.2,61.4,6.68,108.63,1
WELL-05,2026-07-03T10:00,170.31,244.23,1434.01,51.4,1595.99,98.66,54.8,7.76,113.08,1
WELL-05,2026-07-03T11:00,172.67,274.23,1588.16,50.26,1507.25,100.13,58.7,7.09,115.56,1
WELL-05,2026-07-03T12:00,153.2,228.91,1494.12,53.48,1604.56,102.39,55.6,7.38,119.05,1
WELL-05,2026-07-03T13:00,166.12,238.01,1432.78,58.46,1498.39,102.49,59.2,7.82,112.34,1
WELL-05,2026-07-03T14:00,144.43,207.47,1436.49,51.29,1579.79,102.06,55.2,8.0,114.15,1
WELL-05,2026-07-03T15:00,153.67,242.43,1577.59,50.66,1525.09,99.36,57.0,8.31,120.12,1
WELL-05,2026-07-03T16:00,162.73,253.42,1557.31,59.36,1561.04,98.43,57.6,6.93,109.97,1
WELL-05,2026-07-03T17:00,144.39,213.5,1478.58,52.97,1507.34,98.04,57.4,7.09,111.26,1
WELL-05,2026-07-03T18:00,153.35,238.78,1557.08,59.59,1506.88,99.21,54.6,7.77,111.69,1
WELL-05,2026-07-03T19:00,156.64,240.21,1533.53,52.94,1544.82,104.35,57.7,7.86,118.98,1
WELL-05,2026-07-03T20:00,144.48,212.53,1470.92,59.03,1497.75,103.36,57.0,7.59,118.12,1
WELL-05,2026-07-03T21:00,149.44,216.94,1451.71,57.31,1495.27,103.04,52.5,8.73,122.38,1
WELL-05,2026-07-03T22:00,140.93,227.23,1612.34,51.85,1534.97,100.55,57.2,7.31,115.69,1
WELL-05,2026-07-03T23:00,142.76,231.33,1620.41,54.49,1434.92,104.93,54.9,9.16,128.17,1
WELL-05,2026-07-04T00:00,128.28,188.24,1467.42,52.5,1498.31,99.99,51.8,8.09,128.98,1
WELL-05,2026-07-04T01:00,116.36,179.06,1538.76,60.04,1443.8,102.32,54.2,7.68,116.64,1
WELL-05,2026-07-04T02:00,128.37,204.92,1596.33,57.12,1432.24,102.0,53.0,8.05,129.41,1
WELL-05,2026-07-04T03:00,124.17,183.46,1477.5,57.53,1477.41,102.77,54.0,9.38,121.06,1
WELL-05,2026-07-04T04:00,120.8,197.81,1637.58,55.25,1476.07,104.86,54.6,9.31,117.39,1
WELL-05,2026-07-04T05:00,128.96,210.2,1629.99,56.1,1490.78,102.1,59.9,7.45,125.79,1
WELL-05,2026-07-04T06:00,124.85,197.73,1583.71,55.68,1490.78,105.22,54.4,8.96,117.51,1
WELL-05,2026-07-04T07:00,135.41,201.79,1490.24,56.22,1449.6,102.79,57.1,8.92,120.95,1
WELL-05,2026-07-04T08:00,117.66,185.36,1575.36,56.24,1418.43,103.33,53.4,9.14,127.74,1
WELL-05,2026-07-04T09:00,131.67,209.34,1589.91,60.98,1478.85,101.55,56.9,7.97,121.68,1
WELL-05,2026-07-04T10:00,133.63,209.58,1568.34,52.24,1479.99,104.8,52.5,7.85,129.23,1
WELL-05,2026-07-04T11:00,119.09,174.16,1462.49,58.59,1504.81,104.59,54.2,8.23,123.48,1
WELL-05,2026-07-04T12:00,131.76,208.49,1582.37,54.95,1425.06,100.61,53.4,8.74,122.66,1
WELL-05,2026-07-04T13:00,119.84,175.43,1463.84,58.36,1422.88,103.45,55.7,7.89,130.81,1
WELL-05,2026-07-04T14:00,124.63,187.06,1500.96,59.48,1454.78,100.71,55.9,9.19,131.03,1
WELL-05,2026-07-04T15:00,120.18,190.46,1584.81,61.24,1505.11,102.19,53.6,8.76,123.56,1
WELL-05,2026-07-04T16:00,117.75,184.57,1567.41,52.69,1495.83,104.37,58.8,8.51,127.06,1
WELL-05,2026-07-04T17:00,128.29,211.33,1647.31,60.93,1500.94,103.75,51.9,8.03,119.08,1
WELL-05,2026-07-04T18:00,119.08,195.78,1644.05,57.19,1437.07,105.55,52.3,7.48,129.4,1
WELL-05,2026-07-04T19:00,129.82,205.35,1581.8,55.16,1489.22,105.51,53.0,8.14,122.35,1
WELL-05,2026-07-04T20:00,125.91,197.53,1568.81,53.99,1401.81,103.15,54.2,8.6,127.35,1
WELL-05,2026-07-04T21:00,136.56,205.22,1502.82,54.63,1492.22,100.93,52.2,8.92,129.5,1
WELL-05,2026-07-04T22:00,134.36,219.45,1633.22,52.44,1428.14,101.98,53.4,8.18,124.83,1
WELL-05,2026-07-04T23:00,132.21,193.93,1466.78,57.65,1457.51,104.13,54.3,9.4,119.6,1
WELL-05,2026-07-05T00:00,122.56,182.64,1490.25,57.43,1461.41,102.27,60.1,8.94,116.41,1
WELL-05,2026-07-05T01:00,136.48,199.85,1464.32,59.82,1499.28,100.02,60.2,8.04,120.37,1
WELL-05,2026-07-05T02:00,130.64,193.21,1478.99,58.88,1507.42,99.96,59.2,9.36,124.78,1
WELL-05,2026-07-05T03:00,137.02,215.96,1576.12,60.34,1468.59,102.77,57.9,8.23,118.35,1
WELL-05,2026-07-05T04:00,120.51,178.55,1481.65,59.57,1454.46,103.36,52.7,8.34,128.67,1
WELL-05,2026-07-05T05:00,120.8,183.48,1518.89,52.61,1488.28,102.71,54.9,7.78,127.37,1
WELL-05,2026-07-05T06:00,134.57,213.67,1587.84,52.12,1492.77,100.9,59.2,8.51,124.92,1
WELL-05,2026-07-05T07:00,133.29,201.34,1510.52,60.77,1432.33,101.45,52.6,9.03,118.3,1
WELL-05,2026-07-05T08:00,120.86,187.15,1548.49,60.17,1510.6,103.62,56.7,7.83,120.56,1
WELL-05,2026-07-05T09:00,134.55,208.85,1552.16,52.23,1441.41,104.44,56.9,7.99,127.53,1
WELL-05,2026-07-05T10:00,119.81,196.38,1639.11,55.94,1421.38,104.05,59.0,7.78,119.85,1
WELL-05,2026-07-05T11:00,127.49,202.42,1587.74,55.12,1502.66,103.4,54.6,7.91,127.22,1
WELL-05,2026-07-05T12:00,134.24,213.54,1590.78,52.92,1419.23,103.8,52.3,8.57,122.19,1
WELL-05,2026-07-05T13:00,136.13,199.54,1465.81,53.24,1477.3,103.84,56.0,9.02,123.09,1
WELL-05,2026-07-05T14:00,131.6,216.57,1645.62,53.12,1467.73,104.04,53.9,8.09,120.58,1
WELL-05,2026-07-05T15:00,126.55,205.76,1625.93,52.08,1401.9,105.38,54.5,8.37,120.42,1
WELL-05,2026-07-05T16:00,119.68,185.05,1546.21,53.6,1415.52,101.7,56.2,9.34,122.3,1
WELL-05,2026-07-05T17:00,124.73,191.02,1531.45,53.89,1402.22,104.71,59.0,9.09,126.42,1
WELL-05,2026-07-05T18:00,131.12,204.79,1561.87,56.72,1432.98,100.0,58.0,8.15,127.81,1
WELL-05,2026-07-05T19:00,127.28,189.82,1491.42,59.8,1462.97,101.55,57.9,7.72,121.04,1
WELL-05,2026-07-05T20:00,120.92,178.79,1478.59,58.18,1438.49,101.77,56.3,9.14,119.38,1
WELL-05,2026-07-05T21:00,133.18,196.58,1476.12,60.52,1435.89,102.85,53.6,7.89,124.29,1
WELL-05,2026-07-05T22:00,131.95,202.99,1538.43,53.34,1412.82,99.67,53.0,8.11,122.71,1
WELL-05,2026-07-05T23:00,118.19,173.46,1467.57,58.24,1447.77,103.13,58.3,8.88,128.86,1
WELL-05,2026-07-06T00:00,118.14,172.72,1462.04,61.2,1440.89,103.73,54.7,7.42,128.09,1
WELL-05,2026-07-06T01:00,458.6,541.45,1180.66,37.58,2260.23,82.62,78.3,1.71,51.43,0
WELL-05,2026-07-06T02:00,491.5,622.31,1266.15,36.68,2272.67,82.47,84.1,1.99,48.33,0
WELL-05,2026-07-06T03:00,467.84,564.48,1206.58,34.84,2275.46,81.54,74.8,2.0,48.62,0
WELL-05,2026-07-06T04:00,452.33,587.59,1299.03,36.62,2323.99,80.41,84.2,1.98,49.15,0
WELL-05,2026-07-06T05:00,447.9,525.61,1173.48,36.51,2436.61,78.83,83.1,1.98,50.3,0
WELL-05,2026-07-06T06:00,489.54,596.39,1218.27,40.1,2294.28,78.57,78.2,1.75,47.3,0
WELL-05,2026-07-06T07:00,490.24,598.4,1220.62,41.09,2376.75,79.65,82.1,1.72,50.59,0
WELL-05,2026-07-06T08:00,469.72,600.04,1277.42,38.98,2283.38,81.12,83.9,2.08,50.09,0
WELL-05,2026-07-06T09:00,444.66,574.25,1291.44,40.74,2429.08,81.13,77.0,1.89,46.47,0
WELL-05,2026-07-06T10:00,428.2,546.01,1275.13,41.02,2327.32,81.63,78.6,1.82,49.92,0
WELL-05,2026-07-06T11:00,462.85,553.06,1194.88,39.35,2355.5,79.96,78.3,1.87,49.62,0
WELL-05,2026-07-06T12:00,474.67,615.95,1297.64,34.76,2275.03,82.44,74.7,1.89,50.25,0
WELL-05,2026-07-06T13:00,453.39,571.51,1260.52,37.49,2330.32,82.03,81.6,1.87,45.92,0
WELL-05,2026-07-06T14:00,456.24,573.55,1257.13,37.58,2318.37,80.72,78.7,1.77,48.3,0
WELL-05,2026-07-06T15:00,461.66,554.26,1200.58,40.04,2298.42,81.31,74.8,1.81,51.2,0
WELL-05,2026-07-06T16:00,450.65,530.87,1178.0,34.66,2411.97,81.15,84.4,1.73,46.14,0
WELL-05,2026-07-06T17:00,486.26,632.1,1299.94,41.21,2332.44,78.35,85.1,2.06,45.9,0
WELL-05,2026-07-06T18:00,440.95,525.4,1191.51,40.54,2359.99,82.48,85.1,1.77,45.92,0
WELL-05,2026-07-06T19:00,446.53,556.67,1246.65,38.07,2380.93,79.18,77.3,1.72,48.83,0
WELL-05,2026-07-06T20:00,435.44,570.36,1309.86,34.73,2423.29,81.09,73.9,2.06,48.86,0
WELL-05,2026-07-06T21:00,440.76,579.28,1314.28,40.93,2261.6,82.03,75.9,1.81,49.05,0
WELL-05,2026-07-06T22:00,468.12,602.31,1286.66,39.43,2302.64,80.97,85.2,1.72,46.86,0
WELL-05,2026-07-06T23:00,473.15,554.86,1172.71,39.59,2276.7,81.45,78.4,1.92,47.2,0
WELL-05,2026-07-07T00:00,440.6,517.72,1175.03,36.06,2434.59,81.43,80.0,2.11,50.72,0
WELL-05,2026-07-07T01:00,459.38,545.14,1186.68,35.48,2370.81,81.27,74.2,1.95,49.67,0
WELL-05,2026-07-07T02:00,423.16,498.96,1179.12,37.97,2355.01,79.92,78.6,1.86,47.25,0
WELL-05,2026-07-07T03:00,416.6,508.09,1219.6,38.61,2321.26,82.03,74.5,2.11,48.37,0
WELL-05,2026-07-07T04:00,463.35,558.85,1206.11,38.27,2351.12,78.81,74.4,1.91,47.34,0
WELL-05,2026-07-07T05:00,416.12,492.55,1183.68,37.81,2331.92,78.68,82.1,1.92,51.08,0
WELL-05,2026-07-07T06:00,455.62,587.34,1289.09,41.11,2273.37,81.43,85.0,2.02,47.05,0
WELL-05,2026-07-07T07:00,438.26,534.47,1219.53,40.33,2383.45,79.7,75.0,1.93,45.91,0
WELL-05,2026-07-07T08:00,482.34,628.31,1302.63,36.78,2285.72,81.02,79.4,2.01,50.47,0
WELL-05,2026-07-07T09:00,448.17,571.31,1274.76,40.7,2355.28,82.13,82.3,1.94,49.82,0
WELL-05,2026-07-07T10:00,489.37,622.3,1271.63,35.27,2298.11,81.24,75.1,1.76,49.05,0
WELL-05,2026-07-07T11:00,482.59,581.13,1204.17,38.07,2375.66,81.16,80.8,2.07,49.15,0
WELL-05,2026-07-07T12:00,429.62,544.33,1267.01,38.62,2355.15,80.41,74.2,2.09,51.32,0
WELL-05,2026-07-07T13:00,434.23,558.73,1286.73,38.72,2284.34,82.19,85.8,1.77,47.3,0
WELL-05,2026-07-07T14:00,455.3,558.92,1227.6,36.83,2280.02,82.54,78.3,2.08,50.83,0
WELL-05,2026-07-07T15:00,456.42,601.11,1317.01,39.22,2334.11,82.34,79.9,1.93,49.62,0
WELL-05,2026-07-07T16:00,473.43,623.12,1316.18,37.28,2412.45,82.79,75.8,2.02,46.06,0
WELL-05,2026-07-07T17:00,435.58,517.31,1187.65,40.9,2298.35,80.15,77.6,2.06,49.36,0
WELL-05,2026-07-07T18:00,422.25,536.5,1270.55,36.31,2398.03,78.64,78.9,2.04,47.79,0
WELL-05,2026-07-07T19:00,425.0,503.23,1184.08,35.02,2318.82,82.35,78.8,1.74,47.77,0
WELL-05,2026-07-07T20:00,446.15,525.09,1176.93,35.77,2302.52,79.53,81.6,1.83,45.99,0
WELL-05,2026-07-07T21:00,482.02,584.52,1212.66,40.94,2310.17,82.28,82.5,1.89,51.14,0
WELL-05,2026-07-07T22:00,476.14,567.94,1192.81,38.97,2296.41,81.96,79.0,1.91,47.38,0
WELL-05,2026-07-07T23:00,490.13,642.88,1311.64,37.03,2323.55,80.15,83.4,1.96,49.92,0
WELL-05,2026-07-08T00:00,490.42,589.34,1201.7,35.39,2287.97,81.73,77.4,1.7,47.36,0
WELL-05,2026-07-08T01:00,441.32,548.9,1243.77,37.31,2337.87,82.08,76.8,1.89,47.71,0
WELL-05,2026-07-08T02:00,416.86,549.21,1317.49,35.74,2357.89,80.94,80.9,1.74,49.54,0
WELL-05,2026-07-08T03:00,455.21,537.36,1180.47,36.67,2309.55,81.14,79.6,1.78,51.29,0
WELL-05,2026-07-08T04:00,461.69,582.04,1260.66,40.53,2388.89,80.21,78.7,2.02,51.24,0
WELL-05,2026-07-08T05:00,417.55,532.89,1276.23,37.28,2437.9,78.42,81.2,1.76,45.79,0
WELL-05,2026-07-08T06:00,457.74,572.24,1250.15,40.89,2344.89,81.13,81.2,2.05,46.89,0
WELL-05,2026-07-08T07:00,438.91,513.74,1170.49,40.78,2437.87,79.88,81.9,1.69,51.21,0
WELL-05,2026-07-08T08:00,456.69,593.03,1298.52,34.68,2420.88,79.64,81.7,2.04,48.12,0
WELL-05,2026-07-08T09:00,486.13,630.92,1297.85,39.39,2397.23,79.34,74.4,1.73,46.75,0
WELL-05,2026-07-08T10:00,472.44,597.95,1265.66,38.51,2323.97,78.47,74.9,2.0,46.06,0
WELL-05,2026-07-08T11:00,459.65,583.45,1269.33,40.39,2416.98,80.86,85.5,1.96,49.78,0
WELL-05,2026-07-08T12:00,439.08,555.98,1266.23,38.53,2310.19,79.15,76.7,1.78,47.26,0
WELL-05,2026-07-08T13:00,437.34,518.32,1185.15,39.49,2350.83,78.21,83.1,2.1,46.15,0
WELL-05,2026-07-08T14:00,494.86,609.44,1231.53,40.79,2347.5,82.82,83.9,1.69,47.67,0
WELL-05,2026-07-08T15:00,435.2,561.51,1290.26,37.84,2295.94,82.08,79.2,2.01,46.52,0
WELL-05,2026-07-08T16:00,450.91,533.03,1182.13,35.56,2382.07,80.69,73.5,1.69,47.39,0
WELL-05,2026-07-08T17:00,436.05,547.89,1256.5,38.37,2336.99,80.24,83.0,1.91,50.98,0
WELL-05,2026-07-08T18:00,443.09,542.79,1225.01,38.41,2291.12,79.53,80.6,2.1,48.29,0
WELL-05,2026-07-08T19:00,427.98,510.03,1191.72,38.67,2394.26,78.82,76.8,1.85,47.62,0
WELL-05,2026-07-08T20:00,471.91,587.37,1244.66,40.49,2309.57,81.03,81.9,1.98,50.95,0
WELL-05,2026-07-08T21:00,483.89,582.35,1203.49,38.54,2366.36,79.0,76.0,1.74,49.39,0
WELL-05,2026-07-08T22:00,457.08,546.8,1196.28,38.96,2316.4,79.31,77.3,1.92,46.96,0
WELL-05,2026-07-08T23:00,439.85,576.65,1311.01,36.82,2259.06,80.8,84.1,1.91,51.54,0
WELL-05,2026-07-09T00:00,491.95,595.3,1210.08,36.77,2258.71,79.08,79.7,1.77,51.49,0
WELL-05,2026-07-09T01:00,420.7,506.8,1204.65,39.62,2421.04,80.74,85.7,1.79,45.91,0
WELL-05,2026-07-09T02:00,445.46,583.74,1310.42,35.09,2398.65,79.97,80.4,1.94,51.34,0
WELL-05,2026-07-09T03:00,427.76,552.15,1290.81,37.67,2370.77,81.48,77.4,1.77,47.24,0
WELL-05,2026-07-09T04:00,421.02,525.63,1248.45,39.43,2317.18,78.82,75.2,2.09,48.82,0
WELL-05,2026-07-09T05:00,473.73,610.25,1288.16,39.03,2411.42,79.22,85.7,1.79,46.86,0
WELL-05,2026-07-09T06:00,451.41,577.67,1279.71,38.74,2296.63,81.49,73.5,1.97,48.98,0
WELL-05,2026-07-09T07:00,469.81,574.44,1222.73,35.77,2436.23,82.22,74.9,1.76,48.85,0
WELL-05,2026-07-09T08:00,465.52,595.32,1278.83,34.96,2338.0,78.63,84.7,1.84,48.23,0
WELL-05,2026-07-09T09:00,487.16,626.3,1285.6,40.87,2334.62,82.63,76.0,1.76,48.56,0
WELL-05,2026-07-09T10:00,455.15,587.3,1290.36,35.18,2419.44,80.78,80.6,1.84,50.83,0
WELL-05,2026-07-09T11:00,451.82,576.62,1276.22,34.95,2314.25,82.56,74.6,2.07,50.26,0
WELL-05,2026-07-09T12:00,417.77,543.89,1301.89,36.39,2412.67,80.0,85.1,1.89,49.08,0
WELL-05,2026-07-09T13:00,444.71,528.1,1187.53,35.62,2413.8,78.74,78.6,1.83,48.18,0
WELL-05,2026-07-09T14:00,488.0,591.42,1211.94,35.99,2312.55,79.82,80.4,1.67,45.94,0
WELL-05,2026-07-09T15:00,437.85,543.44,1241.15,36.18,2384.73,79.64,74.4,1.87,48.76,0
WELL-05,2026-07-09T16:00,486.38,611.56,1257.36,36.53,2376.87,81.19,84.3,2.01,48.15,0
WELL-05,2026-07-09T17:00,457.68,546.0,1192.96,37.35,2304.41,80.05,75.2,1.91,48.32,0
WELL-05,2026-07-09T18:00,443.42,548.22,1236.33,37.78,2343.62,79.28,80.4,1.74,46.43,0
WELL-05,2026-07-09T19:00,447.95,560.18,1250.56,35.47,2284.79,82.28,85.4,1.89,47.73,0
WELL-05,2026-07-09T20:00,422.65,526.55,1245.82,34.83,2349.91,79.96,76.6,1.75,50.04,0
WELL-05,2026-07-09T21:00,468.76,585.66,1249.37,39.23,2271.78,79.08,76.5,2.11,47.27,0
WELL-05,2026-07-09T22:00,462.27,543.57,1175.86,37.2,2356.98,79.98,75.8,2.0,46.58,0
WELL-05,2026-07-09T23:00,476.16,565.14,1186.85,39.68,2427.07,79.77,80.8,1.8,48.99,0
WELL-05,2026-07-10T00:00,486.57,636.02,1307.14,36.7,2329.67,78.69,85.4,1.91,50.63,0
WELL-05,2026-07-10T01:00,465.77,561.43,1205.38,36.79,2368.46,80.9,82.1,1.77,46.93,0
WELL-05,2026-07-10T02:00,425.87,536.22,1259.11,38.39,2433.68,79.62,74.2,1.77,49.48,0
WELL-05,2026-07-10T03:00,463.31,588.36,1269.89,37.53,2278.93,78.41,78.2,1.9,48.54,0
WELL-05,2026-07-10T04:00,433.03,540.71,1248.66,38.84,2389.52,80.46,80.9,1.82,49.8,0
WELL-05,2026-07-10T05:00,467.97,564.58,1206.46,40.15,2316.32,79.39,77.5,1.83,47.27,0
WELL-05,2026-07-10T06:00,483.12,588.65,1218.44,39.99,2420.82,78.32,82.7,2.06,49.73,0
WELL-05,2026-07-10T07:00,433.71,569.88,1313.97,39.53,2296.96,82.57,74.3,1.71,46.15,0
WELL-05,2026-07-10T08:00,436.73,546.3,1250.88,35.15,2369.7,81.44,75.3,1.79,46.59,0
WELL-05,2026-07-10T09:00,456.18,599.91,1315.06,36.61,2386.13,80.97,77.5,1.73,50.42,0
WELL-05,2026-07-10T10:00,428.31,532.61,1243.53,35.17,2282.35,79.76,82.1,1.69,45.9,0
WELL-05,2026-07-10T11:00,437.34,530.96,1214.07,39.16,2440.56,81.45,80.3,2.04,49.58,0
WELL-05,2026-07-10T12:00,434.72,513.03,1180.13,40.61,2332.63,82.03,85.0,1.71,49.32,0
WELL-05,2026-07-10T13:00,461.56,567.23,1228.93,38.26,2365.41,81.23,79.0,2.03,50.18,0
WELL-05,2026-07-10T14:00,421.54,502.57,1192.2,40.11,2265.52,80.7,83.6,1.79,49.42,0
WELL-05,2026-07-10T15:00,428.17,553.8,1293.41,40.32,2315.66,81.09,79.9,1.93,48.15,0
WELL-05,2026-07-10T16:00,490.85,600.26,1222.88,34.7,2289.28,79.37,79.9,1.98,51.47,0
WELL-05,2026-07-10T17:00,468.41,583.37,1245.43,35.85,2287.22,81.24,85.9,1.76,48.2,0
WELL-05,2026-07-10T18:00,442.26,527.89,1193.61,35.87,2358.02,81.71,75.0,2.0,48.36,0
WELL-05,2026-07-10T19:00,478.22,621.17,1298.92,38.7,2410.83,80.83,84.3,1.7,47.79,0
WELL-05,2026-07-10T20:00,494.58,645.28,1304.71,35.12,2262.73,82.15,80.2,1.97,48.61,0
WELL-05,2026-07-10T21:00,432.99,508.21,1173.73,39.36,2373.06,82.54,77.5,2.02,49.52,0
WELL-05,2026-07-10T22:00,427.14,516.61,1209.44,39.29,2271.04,81.81,75.6,1.94,46.91,0
WELL-05,2026-07-10T23:00,415.81,538.54,1295.16,39.77,2271.98,79.69,85.5,1.78,50.56,0
WELL-05,2026-07-11T00:00,424.02,510.23,1203.3,40.89,2370.16,82.49,79.4,1.77,46.82,0
WELL-05,2026-07-11T01:00,433.35,509.74,1176.27,36.43,2343.33,82.85,84.5,2.09,51.36,0
WELL-05,2026-07-11T02:00,488.59,604.35,1236.93,40.13,2340.33,78.52,83.5,1.9,47.94,0
WELL-05,2026-07-11T03:00,462.38,590.26,1276.56,36.97,2364.03,81.63,78.9,1.68,46.32,0
WELL-05,2026-07-11T04:00,481.4,613.09,1273.56,36.17,2295.38,82.01,74.5,2.08,50.91,0
WELL-05,2026-07-11T05:00,486.03,590.06,1214.06,35.7,2417.07,80.4,81.2,2.07,47.58,0
WELL-05,2026-07-11T06:00,456.86,592.07,1295.95,35.51,2409.12,79.92,80.8,1.9,46.03,0
WELL-05,2026-07-11T07:00,485.41,596.54,1228.95,35.12,2327.6,82.04,77.3,2.03,48.83,0
WELL-05,2026-07-11T08:00,448.4,527.64,1176.74,34.97,2267.43,79.75,73.6,2.03,46.53,0
WELL-05,2026-07-11T09:00,418.39,505.68,1208.64,37.71,2316.08,81.81,80.4,1.91,47.71,0
WELL-05,2026-07-11T10:00,432.69,569.71,1316.66,35.68,2377.59,82.7,74.0,1.94,49.92,0
WELL-05,2026-07-11T11:00,451.19,537.67,1191.68,35.14,2308.75,78.77,77.5,1.99,46.4,0
WELL-05,2026-07-11T12:00,492.3,620.84,1261.1,34.74,2269.53,79.86,82.6,1.68,48.35,0
WELL-05,2026-07-11T13:00,447.19,561.86,1256.43,36.04,2381.75,81.6,79.4,1.76,47.73,0
WELL-05,2026-07-11T14:00,459.23,553.5,1205.27,37.03,2256.68,82.64,81.3,1.77,50.22,0
WELL-05,2026-07-11T15:00,490.64,637.87,1300.08,40.36,2422.05,81.31,73.6,2.12,50.52,0
WELL-05,2026-07-11T16:00,426.16,515.08,1208.65,39.82,2329.7,80.77,79.8,1.94,49.49,0
WELL-05,2026-07-11T17:00,439.04,537.56,1224.39,40.34,2282.41,81.92,74.4,1.94,50.36,0
WELL-05,2026-07-11T18:00,488.61,614.29,1257.21,41.14,2338.18,82.49,75.0,2.05,49.21,0
WELL-05,2026-07-11T19:00,452.26,572.72,1266.34,36.91,2328.37,80.12,77.1,1.74,50.21,0
WELL-05,2026-07-11T20:00,478.76,608.7,1271.41,38.46,2270.55,79.85,78.4,1.74,50.25,0
WELL-05,2026-07-11T21:00,487.68,639.64,1311.6,40.19,2363.68,79.33,76.8,1.73,46.48,0
WELL-05,2026-07-11T22:00,430.05,521.37,1212.35,37.17,2379.81,79.86,85.5,1.77,49.07,0
WELL-05,2026-07-11T23:00,479.66,631.68,1316.92,34.84,2416.08,80.52,83.2,1.82,47.71,0
WELL-05,2026-07-12T00:00,428.16,511.45,1194.53,36.31,2323.45,81.67,82.3,1.95,51.33,0
WELL-05,2026-07-12T01:00,421.11,500.94,1189.57,40.9,2287.98,79.53,75.0,1.67,49.67,0
WELL-05,2026-07-12T02:00,480.06,602.23,1254.48,34.65,2345.76,79.27,85.4,1.89,45.77,0
WELL-05,2026-07-12T03:00,473.65,591.98,1249.81,40.02,2403.53,80.75,82.0,2.1,51.51,0
WELL-05,2026-07-12T04:00,439.44,530.15,1206.41,36.08,2345.92,79.64,74.3,1.95,50.41,0
WELL-05,2026-07-12T05:00,430.91,505.58,1173.27,35.35,2367.82,80.06,85.3,2.12,50.97,0
WELL-05,2026-07-12T06:00,481.2,633.56,1316.63,37.03,2388.64,81.05,80.5,2.01,45.94,0
WELL-05,2026-07-12T07:00,486.25,590.94,1215.29,35.28,2406.29,80.88,83.7,1.76,47.63,0
WELL-05,2026-07-12T08:00,434.09,535.82,1234.34,40.84,2442.21,81.08,79.4,1.7,48.51,0
WELL-05,2026-07-12T09:00,457.6,545.88,1192.91,36.54,2401.72,81.42,73.8,1.82,48.95,0
WELL-05,2026-07-12T10:00,415.26,532.57,1282.5,38.42,2352.61,79.26,79.2,1.92,50.31,0
WELL-05,2026-07-12T11:00,421.91,499.59,1184.11,37.17,2358.86,79.22,78.5,1.79,47.65,0
WELL-05,2026-07-12T12:00,434.09,566.83,1305.77,40.98,2269.11,82.41,78.9,2.12,47.2,0
WELL-05,2026-07-12T13:00,426.2,519.16,1218.14,40.07,2291.31,79.4,79.6,1.88,51.58,0
WELL-05,2026-07-12T14:00,477.96,630.03,1318.17,40.37,2274.86,82.15,79.8,1.98,50.29,0
WELL-05,2026-07-12T15:00,463.63,551.8,1190.15,41.42,2384.61,80.44,75.4,1.76,48.84,0
WELL-05,2026-07-12T16:00,462.95,547.73,1183.12,35.8,2357.6,81.18,83.7,1.82,49.37,0
WELL-05,2026-07-12T17:00,489.58,631.57,1290.02,37.46,2269.17,81.98,82.0,1.92,48.46,0
WELL-05,2026-07-12T18:00,420.28,521.71,1241.34,39.54,2279.82,79.13,74.9,1.87,50.12,0
WELL-05,2026-07-12T19:00,480.55,604.11,1257.12,40.73,2305.36,80.09,85.1,1.98,45.86,0
WELL-05,2026-07-12T20:00,449.63,590.55,1313.42,38.41,2269.54,80.76,74.4,1.84,49.37,0
WELL-05,2026-07-12T21:00,495.78,611.04,1232.49,38.98,2337.76,79.18,85.2,1.76,51.5,0
WELL-05,2026-07-12T22:00,493.05,648.91,1316.11,37.08,2334.47,79.79,76.1,1.85,51.07,0
WELL-05,2026-07-12T23:00,423.01,548.42,1296.46,35.6,2277.14,78.92,85.8,1.78,47.75,0
WELL-05,2026-07-13T00:00,481.97,563.68,1169.53,39.82,2311.99,82.59,78.7,1.94,46.65,0
WELL-05,2026-07-13T01:00,420.81,506.34,1203.26,36.72,2334.05,80.83,73.8,1.94,47.66,0
WELL-05,2026-07-13T02:00,497.07,611.19,1229.59,39.8,2278.79,79.77,85.1,1.76,47.04,0
WELL-05,2026-07-13T03:00,416.71,518.88,1245.19,40.5,2340.18,82.78,78.7,2.11,47.01,0
WELL-05,2026-07-13T04:00,420.46,543.79,1293.33,38.3,2389.58,80.71,73.4,1.87,49.94,0
WELL-05,2026-07-13T05:00,428.43,560.2,1307.54,40.12,2314.25,82.76,80.4,1.76,49.18,0
WELL-05,2026-07-13T06:00,433.7,524.9,1210.3,39.65,2348.37,80.68,83.9,1.83,49.21,0
WELL-05,2026-07-13T07:00,451.5,537.57,1190.62,39.57,2276.16,82.43,85.8,1.73,46.64,0
WELL-05,2026-07-13T08:00,470.98,567.11,1204.11,40.01,2374.61,81.51,76.6,2.02,47.34,0
WELL-05,2026-07-13T09:00,418.66,549.56,1312.64,38.8,2299.72,81.41,74.2,1.81,48.33,0
WELL-05,2026-07-13T10:00,427.83,536.74,1254.57,36.69,2272.82,78.86,74.5,1.89,49.13,0
WELL-05,2026-07-13T11:00,469.33,617.73,1316.2,37.18,2366.65,78.3,74.1,2.07,50.87,0
WELL-05,2026-07-13T12:00,457.84,576.26,1258.65,38.01,2310.15,80.92,82.2,2.0,47.42,0
WELL-05,2026-07-13T13:00,433.24,530.44,1224.35,37.28,2322.14,79.75,79.2,1.71,47.0,0
WELL-05,2026-07-13T14:00,488.7,584.83,1196.69,38.68,2365.14,82.19,75.7,1.68,50.18,0
WELL-05,2026-07-13T15:00,427.57,509.0,1190.46,36.13,2293.76,80.67,77.3,2.06,49.98,0
WELL-05,2026-07-13T16:00,491.15,588.91,1199.04,34.98,2440.35,82.86,76.7,1.75,48.09,0
WELL-05,2026-07-13T17:00,476.53,582.15,1221.64,36.92,2322.09,78.86,84.7,1.79,49.09,0
WELL-05,2026-07-13T18:00,448.49,525.07,1170.77,36.67,2327.77,78.78,81.3,1.93,47.7,0
WELL-05,2026-07-13T19:00,486.32,574.31,1180.93,41.26,2291.86,78.77,75.3,2.01,46.89,0
WELL-05,2026-07-13T20:00,424.42,539.5,1271.15,41.07,2440.59,81.23,85.0,2.07,48.86,0
WELL-05,2026-07-13T21:00,432.02,513.63,1188.89,40.56,2289.71,82.42,75.6,1.84,47.6,0
WELL-05,2026-07-13T22:00,482.12,580.36,1203.77,38.07,2349.41,79.12,76.8,1.74,47.09,0
WELL-05,2026-07-13T23:00,443.55,552.55,1245.74,39.0,2362.76,82.71,83.2,1.77,46.58,0
WELL-05,2026-07-14T00:00,491.6,620.8,1262.82,39.0,2365.6,82.76,77.8,1.69,49.79,0
WELL-05,2026-07-14T01:00,444.44,548.52,1234.19,39.52,2351.03,82.26,76.6,1.87,46.0,0
WELL-05,2026-07-14T02:00,445.05,524.05,1177.49,36.24,2417.66,78.58,82.2,2.09,50.32,0
WELL-05,2026-07-14T03:00,438.47,560.27,1277.79,37.39,2365.01,80.34,83.1,2.05,50.99,0
WELL-05,2026-07-14T04:00,418.94,532.18,1270.29,35.31,2402.91,79.19,82.0,1.77,48.35,0
WELL-05,2026-07-14T05:00,431.61,519.13,1202.76,34.76,2375.57,82.26,75.6,1.94,47.97,0
WELL-05,2026-07-14T06:00,438.54,577.34,1316.48,38.5,2345.53,82.1,83.4,1.97,49.92,0
WELL-05,2026-07-14T07:00,488.12,642.19,1315.63,41.42,2297.01,80.31,83.6,1.92,50.53,0
WELL-05,2026-07-14T08:00,454.42,581.5,1279.65,34.71,2321.0,82.68,78.8,2.01,47.01,0
WELL-05,2026-07-14T09:00,496.09,639.81,1289.71,37.22,2401.26,78.11,83.6,1.72,47.51,0
WELL-05,2026-07-14T10:00,443.06,571.11,1289.01,39.33,2296.56,81.92,81.1,1.77,45.99,0
WELL-05,2026-07-14T11:00,465.11,547.2,1176.5,37.07,2346.05,79.65,85.2,1.81,45.83,0
WELL-05,2026-07-14T12:00,438.57,523.22,1193.01,37.44,2426.07,82.19,83.8,1.69,47.31,0
WELL-05,2026-07-14T13:00,487.1,581.77,1194.36,38.91,2307.01,79.76,82.4,1.82,49.21,0
WELL-05,2026-07-14T14:00,446.91,532.05,1190.5,37.33,2345.34,78.58,82.5,1.71,51.33,0
WELL-05,2026-07-14T15:00,453.16,530.07,1169.72,34.7,2370.11,80.06,85.7,1.88,48.8,0
WELL-05,2026-07-14T16:00,423.44,547.68,1293.41,36.67,2304.53,82.06,85.8,1.83,48.8,0
WELL-05,2026-07-14T17:00,490.81,636.91,1297.66,35.78,2400.62,82.02,82.2,1.93,49.32,0
WELL-05,2026-07-14T18:00,420.86,539.84,1282.71,41.46,2420.6,80.39,79.1,1.82,50.04,0
WELL-05,2026-07-14T19:00,432.12,512.64,1186.34,37.38,2272.16,82.57,77.6,1.97,47.55,0
WELL-05,2026-07-14T20:00,424.2,553.14,1303.95,39.37,2330.09,78.18,76.5,1.72,50.19,0
WELL-05,2026-07-14T21:00,484.49,607.86,1254.65,35.93,2377.34,81.77,78.6,2.01,48.51,0
WELL-05,2026-07-14T22:00,472.09,577.9,1224.12,38.95,2401.48,78.11,79.3,1.69,51.4,0
WELL-05,2026-07-14T23:00,496.22,645.08,1299.99,40.67,2311.1,81.02,81.2,1.87,49.22,0
WELL-05,2026-07-15T00:00,486.41,633.44,1302.29,39.59,2337.92,82.13,76.5,1.92,46.12,0
WELL-05,2026-07-15T01:00,469.92,605.5,1288.51,41.08,2387.83,78.98,79.7,1.81,50.58,0
WELL-05,2026-07-15T02:00,447.65,558.31,1247.2,41.0,2357.53,80.48,83.8,1.78,50.58,0
WELL-05,2026-07-15T03:00,420.42,539.18,1282.47,38.85,2385.19,79.54,77.0,1.94,48.51,0
WELL-05,2026-07-15T04:00,417.94,535.58,1281.49,37.66,2410.49,82.25,74.3,1.74,51.22,0
WELL-05,2026-07-15T05:00,442.04,557.26,1260.67,38.81,2336.26,81.55,76.1,1.81,45.82,0
WELL-05,2026-07-15T06:00,460.44,551.1,1196.91,39.08,2410.7,81.47,81.4,1.95,50.14,0
WELL-05,2026-07-15T07:00,428.28,545.04,1272.6,39.18,2318.72,80.51,80.8,1.77,47.21,0
WELL-05,2026-07-15T08:00,422.97,511.38,1209.03,36.5,2421.98,78.24,85.1,1.9,49.61,0
WELL-05,2026-07-15T09:00,445.75,565.4,1268.42,41.42,2266.34,82.89,78.5,1.69,51.36,0
WELL-05,2026-07-15T10:00,465.48,608.93,1308.19,38.1,2263.28,80.37,84.9,2.05,47.6,0
WELL-05,2026-07-15T11:00,479.69,612.22,1276.27,39.36,2384.28,79.63,84.6,1.88,46.35,0
WELL-05,2026-07-15T12:00,449.07,545.08,1213.78,39.2,2349.04,78.82,77.3,2.11,49.79,0
WELL-05,2026-07-15T13:00,446.33,529.51,1186.35,40.35,2265.49,81.69,82.7,1.95,48.12,0
WELL-05,2026-07-15T14:00,496.51,617.85,1244.4,37.07,2309.51,78.48,85.9,1.75,47.73,0
WELL-05,2026-07-15T15:00,450.49,544.76,1209.26,39.47,2358.18,79.42,85.4,1.79,51.3,0
WELL-05,2026-07-15T16:00,466.84,602.9,1291.45,35.91,2360.92,79.68,82.2,1.99,46.02,0
WELL-05,2026-07-15T17:00,452.84,575.08,1269.93,40.43,2352.78,81.23,74.5,2.11,50.15,0
WELL-05,2026-07-15T18:00,483.89,575.35,1189.02,40.58,2427.35,81.32,80.7,1.84,50.77,0
WELL-05,2026-07-15T19:00,436.58,571.22,1308.38,34.63,2341.82,79.38,83.1,2.05,49.83,0
WELL-05,2026-07-15T20:00,451.86,556.56,1231.71,40.97,2312.21,81.45,77.8,2.09,49.83,0
WELL-05,2026-07-15T21:00,481.43,634.02,1316.94,36.56,2394.56,78.18,74.8,1.98,48.12,0
WELL-05,2026-07-15T22:00,452.55,573.98,1268.32,40.09,2372.38,79.14,85.6,1.98,49.08,0
WELL-05,2026-07-15T23:00,487.24,584.79,1200.2,36.01,2328.75,78.19,83.7,1.91,46.5,0
WELL-05,2026-07-16T00:00,421.45,552.54,1311.04,36.9,2261.58,81.52,83.0,1.93,49.01,0
WELL-05,2026-07-16T01:00,466.45,548.46,1175.83,38.41,2316.0,79.0,75.6,1.82,51.29,0
WELL-05,2026-07-16T02:00,487.85,636.68,1305.08,39.67,2394.56,82.88,74.2,1.75,48.34,0
WELL-05,2026-07-16T03:00,433.74,552.91,1274.74,34.9,2274.49,78.91,75.1,1.72,50.33,0
WELL-05,2026-07-16T04:00,459.68,547.34,1190.71,35.07,2327.55,82.9,78.5,2.0,49.66,0
WELL-05,2026-07-16T05:00,426.57,549.87,1289.07,39.49,2342.22,81.59,80.4,1.84,48.89,0
WELL-05,2026-07-16T06:00,451.18,587.86,1302.94,36.63,2432.31,79.58,82.7,1.84,46.91,0
WELL-05,2026-07-16T07:00,492.16,602.79,1224.77,36.28,2431.94,78.63,77.1,1.67,49.52,0
WELL-05,2026-07-16T08:00,446.26,576.69,1292.28,40.17,2311.62,79.39,82.6,1.8,47.14,0
WELL-05,2026-07-16T09:00,417.17,527.31,1264.02,40.43,2348.73,80.52,73.7,1.67,48.76,0
WELL-05,2026-07-16T10:00,446.69,582.46,1303.94,34.66,2305.05,82.26,84.5,1.91,47.42,0
WELL-05,2026-07-16T11:00,474.78,596.38,1256.12,36.85,2290.68,80.1,83.0,1.89,48.14,0
WELL-05,2026-07-16T12:00,489.09,629.08,1286.22,35.04,2393.76,78.55,83.2,1.9,47.17,0
WELL-05,2026-07-16T13:00,489.58,619.62,1265.64,40.06,2429.93,78.92,80.7,1.78,49.82,0
WELL-05,2026-07-16T14:00,433.33,561.88,1296.64,41.04,2274.26,81.64,79.6,1.94,47.16,0
WELL-05,2026-07-16T15:00,475.86,613.28,1288.78,40.99,2432.38,80.12,84.5,1.82,48.89,0
WELL-05,2026-07-16T16:00,479.12,579.32,1209.12,35.18,2363.23,80.13,84.8,1.77,48.88,0
WELL-05,2026-07-16T17:00,480.79,620.14,1289.81,37.09,2365.75,80.85,83.3,1.8,47.23,0
WELL-05,2026-07-16T18:00,429.47,508.02,1182.92,40.88,2268.36,82.68,78.7,1.79,48.83,0
WELL-05,2026-07-16T19:00,468.43,586.21,1251.45,35.28,2298.13,79.39,75.2,2.1,47.68,0
WELL-05,2026-07-16T20:00,480.72,584.22,1215.29,39.02,2434.97,80.15,82.6,1.99,51.38,0
WELL-05,2026-07-16T21:00,416.38,532.21,1278.19,38.04,2355.74,79.11,75.9,1.92,46.14,0
WELL-05,2026-07-16T22:00,472.4,579.97,1227.71,36.02,2256.43,82.08,81.3,2.06,45.92,0
WELL-05,2026-07-16T23:00,445.57,562.45,1262.33,37.36,2264.54,80.04,85.8,2.11,47.22,0
WELL-05,2026-07-17T00:00,432.44,528.55,1222.25,40.57,2440.8,82.8,84.4,1.96,46.95,0
WELL-05,2026-07-17T01:00,472.77,576.88,1220.2,39.61,2279.59,82.35,85.8,1.84,46.48,0
WELL-05,2026-07-17T02:00,461.14,581.52,1261.06,41.0,2292.07,78.47,77.4,2.03,46.73,0
WELL-05,2026-07-17T03:00,484.19,624.96,1290.72,36.41,2402.46,81.51,74.3,1.84,49.96,0
WELL-05,2026-07-17T04:00,421.04,520.59,1236.44,38.62,2316.25,79.43,76.0,1.95,48.17,0
WELL-05,2026-07-17T05:00,448.98,539.08,1200.69,34.89,2376.8,78.86,80.7,1.99,51.49,0
WELL-05,2026-07-17T06:00,471.69,620.45,1315.39,38.91,2437.77,79.43,74.2,1.85,48.94,0
WELL-05,2026-07-17T07:00,449.77,541.04,1202.92,37.82,2265.41,80.98,75.6,2.01,47.18,0
WELL-05,2026-07-17T08:00,423.64,508.28,1199.78,40.7,2321.02,82.89,73.5,1.98,48.16,0
WELL-05,2026-07-17T09:00,488.99,607.19,1241.71,38.25,2375.24,78.11,85.8,1.78,48.73,0
WELL-05,2026-07-17T10:00,479.66,567.48,1183.09,34.76,2274.81,81.83,76.9,1.95,48.69,0
WELL-05,2026-07-17T11:00,452.68,558.34,1233.39,38.36,2351.48,78.69,75.6,2.0,47.16,0
WELL-05,2026-07-17T12:00,474.97,568.74,1197.43,36.64,2386.2,78.64,81.0,1.69,51.58,0
WELL-05,2026-07-17T13:00,464.14,590.49,1272.22,35.82,2381.72,80.15,74.0,2.03,50.94,0
WELL-05,2026-07-17T14:00,418.35,507.88,1214.0,39.61,2397.1,78.47,74.3,1.77,47.58,0
WELL-05,2026-07-17T15:00,469.8,599.59,1276.26,38.21,2359.88,81.77,85.7,1.87,47.34,0
WELL-05,2026-07-17T16:00,444.9,573.49,1289.03,38.89,2334.63,80.55,81.4,2.1,49.19,0
WELL-05,2026-07-17T17:00,442.82,527.95,1192.25,35.43,2386.26,79.35,79.7,1.69,46.69,0
WELL-05,2026-07-17T18:00,479.12,629.77,1314.43,41.39,2371.47,81.82,74.0,1.79,46.69,0
WELL-05,2026-07-17T19:00,430.83,566.11,1314.01,36.1,2396.0,81.16,74.1,2.0,46.89,0
WELL-05,2026-07-17T20:00,487.39,589.75,1210.02,35.33,2310.37,82.44,83.4,2.04,51.52,0
WELL-05,2026-07-17T21:00,470.72,585.61,1244.09,36.49,2300.51,82.8,78.1,1.83,51.54,0
WELL-05,2026-07-17T22:00,422.42,530.11,1254.93,36.97,2367.11,81.78,84.0,2.09,50.11,0
WELL-05,2026-07-17T23:00,464.97,568.5,1222.65,39.23,2299.38,81.0,75.7,2.08,48.38,0
WELL-05,2026-07-18T00:00,456.33,534.9,1172.18,36.63,2271.09,81.57,76.1,1.93,51.13,0
WELL-05,2026-07-18T01:00,438.27,526.73,1201.84,36.82,2396.17,78.72,82.1,2.05,46.04,0
WELL-05,2026-07-18T02:00,426.03,507.62,1191.51,40.78,2258.71,81.28,76.8,1.87,51.22,0
WELL-05,2026-07-18T03:00,484.41,567.9,1172.34,36.99,2398.2,82.8,80.5,1.91,46.06,0
WELL-05,2026-07-18T04:00,474.92,596.95,1256.96,41.46,2416.7,79.09,79.0,1.9,49.23,0
WELL-05,2026-07-18T05:00,441.35,553.13,1253.26,37.03,2308.84,78.97,81.2,1.9,46.47,0
WELL-05,2026-07-18T06:00,440.66,544.76,1236.23,35.51,2257.3,80.94,82.9,2.04,48.36,0
WELL-05,2026-07-18T07:00,448.55,550.81,1227.96,35.25,2348.31,80.11,78.0,1.72,48.74,0
WELL-05,2026-07-18T08:00,479.92,571.33,1190.48,41.21,2442.73,80.07,83.6,1.79,50.78,0
WELL-05,2026-07-18T09:00,420.07,499.44,1188.97,39.29,2333.3,78.38,75.2,1.86,46.67,0
WELL-05,2026-07-18T10:00,463.33,576.48,1244.2,38.51,2439.84,80.26,80.3,1.94,47.21,0
WELL-05,2026-07-18T11:00,418.59,543.57,1298.6,38.71,2381.77,81.21,80.6,1.74,47.11,0
WELL-05,2026-07-18T12:00,430.86,538.01,1248.68,39.94,2391.14,79.17,76.2,1.84,46.03,0
WELL-05,2026-07-18T13:00,453.49,566.97,1250.25,37.41,2371.19,80.93,84.7,2.01,45.96,0
WELL-05,2026-07-18T14:00,465.77,546.41,1173.13,37.28,2266.1,81.69,75.6,2.1,45.99,0
WELL-05,2026-07-18T15:00,479.87,624.88,1302.19,38.32,2431.53,80.22,73.4,1.67,48.28,0
WELL-05,2026-07-18T16:00,477.88,562.58,1177.23,40.03,2400.42,80.19,80.9,1.69,49.01,0
WELL-05,2026-07-18T17:00,485.2,605.03,1246.96,37.48,2256.41,78.48,83.1,1.85,48.35,0
WELL-05,2026-07-18T18:00,415.4,525.0,1263.84,37.31,2435.29,78.48,81.1,1.86,47.74,0
WELL-05,2026-07-18T19:00,457.41,571.36,1249.13,39.26,2371.5,80.2,84.6,2.03,46.89,0
WELL-05,2026-07-18T20:00,451.42,561.31,1243.41,36.92,2313.37,79.87,80.8,2.11,48.97,0
WELL-05,2026-07-18T21:00,446.77,528.07,1181.97,39.4,2409.76,82.15,77.9,1.69,48.07,0
WELL-05,2026-07-18T22:00,431.97,513.21,1188.07,41.34,2275.5,80.37,85.9,1.94,46.68,0
WELL-05,2026-07-18T23:00,442.68,527.09,1190.69,40.53,2317.32,80.7,82.7,1.9,46.35,0
WELL-05,2026-07-19T00:00,454.09,542.65,1195.02,34.62,2356.73,80.32,75.3,1.95,51.46,0
WELL-05,2026-07-19T01:00,474.83,584.33,1230.62,34.99,2271.54,82.65,74.8,1.91,49.13,0
WELL-05,2026-07-19T02:00,457.08,536.08,1172.85,40.06,2411.13,81.76,80.6,1.81,47.94,0
WELL-05,2026-07-19T03:00,476.88,617.11,1294.05,35.21,2431.46,79.45,84.2,1.89,49.95,0
WELL-05,2026-07-19T04:00,466.1,561.36,1204.38,35.83,2271.4,78.23,75.5,2.1,48.64,0
WELL-05,2026-07-19T05:00,483.74,629.41,1301.13,36.94,2313.82,80.96,79.8,2.11,49.31,0
WELL-05,2026-07-19T06:00,493.7,608.07,1231.68,38.08,2428.58,80.46,82.1,1.79,48.03,0
WELL-05,2026-07-19T07:00,466.51,589.81,1264.29,40.9,2255.95,79.95,75.5,2.03,49.38,0
WELL-05,2026-07-19T08:00,466.53,560.31,1201.0,37.19,2275.77,81.37,75.4,1.86,48.49,0
WELL-05,2026-07-19T09:00,417.62,503.65,1205.99,35.16,2367.08,78.25,84.2,1.75,49.29,0
WELL-05,2026-07-19T10:00,472.15,554.02,1173.4,38.84,2262.41,82.28,80.3,1.76,48.16,0
WELL-05,2026-07-19T11:00,484.61,585.4,1207.99,37.22,2413.2,78.35,85.0,1.98,46.41,0
WELL-05,2026-07-19T12:00,487.91,618.38,1267.42,35.06,2334.44,82.13,79.6,2.05,49.18,0
WELL-05,2026-07-19T13:00,437.49,527.55,1205.86,38.39,2344.17,82.91,83.3,1.98,46.71,0
WELL-05,2026-07-19T14:00,455.11,550.89,1210.44,36.64,2362.78,82.24,79.1,1.85,50.9,0
WELL-05,2026-07-19T15:00,461.07,548.73,1190.13,36.2,2383.3,80.67,83.3,1.69,47.2,0
WELL-05,2026-07-19T16:00,478.09,612.13,1280.36,38.42,2423.54,79.31,84.7,1.79,51.0,0
WELL-05,2026-07-19T17:00,440.21,517.92,1176.53,34.92,2420.9,79.8,81.8,1.7,49.68,0
WELL-05,2026-07-19T18:00,468.72,600.02,1280.12,40.06,2272.32,82.85,84.7,1.99,49.11,0
WELL-05,2026-07-19T19:00,423.9,517.67,1221.19,36.04,2356.6,82.36,73.9,1.92,46.16,0
WELL-05,2026-07-19T20:00,470.72,591.93,1257.49,38.18,2271.91,81.1,82.4,2.08,50.78,0
WELL-05,2026-07-19T21:00,496.87,630.46,1268.84,39.84,2379.3,80.77,76.6,2.03,47.87,0
WELL-05,2026-07-19T22:00,481.34,612.74,1272.99,36.17,2304.61,81.38,77.3,2.05,50.55,0
WELL-05,2026-07-19T23:00,494.02,585.36,1184.87,38.08,2317.66,80.42,84.0,1.69,47.25,0
WELL-05,2026-07-20T00:00,454.02,585.4,1289.36,35.4,2342.81,81.22,82.5,1.95,46.54,0
WELL-05,2026-07-20T01:00,489.7,637.26,1301.32,38.93,2265.74,81.56,82.2,1.73,50.86,0
WELL-05,2026-07-20T02:00,479.74,574.86,1198.27,37.01,2315.08,82.66,77.4,1.91,48.82,0
WELL-05,2026-07-20T03:00,458.63,560.2,1221.47,38.26,2371.98,79.47,75.9,1.96,49.68,0
WELL-05,2026-07-20T04:00,424.95,516.61,1215.7,37.34,2360.36,78.54,77.2,2.04,49.57,0
WELL-05,2026-07-20T05:00,427.18,544.53,1274.72,36.72,2277.24,81.04,78.9,1.71,49.83,0
WELL-05,2026-07-20T06:00,448.32,532.51,1187.78,41.25,2433.79,81.01,75.8,1.82,48.09,0
WELL-05,2026-07-20T07:00,422.99,518.24,1225.18,37.36,2339.7,82.21,85.6,1.8,47.57,0
WELL-05,2026-07-20T08:00,491.04,592.49,1206.6,38.58,2300.4,81.63,80.9,1.79,48.17,0
WELL-05,2026-07-20T09:00,416.88,543.41,1303.51,35.59,2335.22,78.34,77.8,1.88,51.29,0
WELL-05,2026-07-20T10:00,448.59,581.5,1296.27,39.8,2366.21,82.29,85.7,2.0,47.91,0
WELL-05,2026-07-20T11:00,420.78,548.78,1304.2,38.66,2297.23,82.53,75.1,1.88,48.34,0
WELL-05,2026-07-20T12:00,465.49,579.7,1245.37,39.21,2371.4,81.32,79.1,2.07,48.2,0
WELL-05,2026-07-20T13:00,457.0,569.9,1247.05,37.01,2300.45,81.26,80.1,1.91,47.08,0
WELL-05,2026-07-20T14:00,464.56,553.41,1191.25,36.39,2327.59,79.41,84.3,2.07,48.13,0
WELL-05,2026-07-20T15:00,489.95,632.89,1291.75,40.43,2443.16,80.83,82.3,2.11,50.16,0
WELL-05,2026-07-20T16:00,428.62,543.39,1267.77,35.97,2370.81,81.48,80.9,1.67,50.76,0
WELL-05,2026-07-20T17:00,417.95,521.97,1248.88,35.4,2435.35,81.43,78.5,2.09,47.47,0
WELL-05,2026-07-20T18:00,463.08,572.61,1236.52,35.94,2320.13,80.62,74.6,1.88,47.19,0
WELL-05,2026-07-20T19:00,485.93,605.5,1246.06,37.46,2264.81,81.25,75.2,2.06,49.48,0
WELL-05,2026-07-20T20:00,459.73,568.82,1237.3,36.51,2304.73,82.17,82.8,2.02,46.46,0
WELL-05,2026-07-20T21:00,452.15,572.86,1266.96,38.0,2332.3,81.9,74.8,1.69,50.81,0
WELL-05,2026-07-20T22:00,435.31,510.62,1173.0,35.38,2333.77,79.56,73.8,1.97,49.7,0
WELL-05,2026-07-20T23:00,441.5,563.88,1277.19,37.93,2427.74,80.88,82.7,1.9,49.31,0
WELL-05,2026-07-21T00:00,426.55,499.67,1171.43,40.04,2310.24,79.35,84.4,1.83,48.05,0
WELL-05,2026-07-21T01:00,443.04,558.47,1260.53,35.37,2326.61,81.03,79.8,1.87,50.77,0
WELL-05,2026-07-21T02:00,417.2,519.84,1246.03,37.4,2334.62,81.98,83.9,2.1,48.86,0
WELL-05,2026-07-21T03:00,481.35,624.69,1297.78,39.26,2396.14,81.02,74.6,1.95,50.73,0
WELL-05,2026-07-21T04:00,478.72,623.26,1301.93,41.28,2350.01,81.24,85.8,1.68,46.68,0
WELL-05,2026-07-21T05:00,479.74,586.16,1221.83,38.92,2394.38,82.08,79.5,1.81,48.48,0
WELL-05,2026-07-21T06:00,473.23,612.2,1293.67,37.14,2395.59,81.09,79.9,1.83,46.05,0
WELL-05,2026-07-21T07:00,450.68,569.43,1263.49,35.27,2404.2,81.27,73.8,1.78,48.85,0
WELL-05,2026-07-21T08:00,455.63,593.06,1301.63,37.6,2301.79,79.26,75.0,1.98,50.69,0
WELL-05,2026-07-21T09:00,463.74,584.71,1260.87,37.54,2372.52,80.4,75.0,2.07,48.7,0
WELL-05,2026-07-21T10:00,451.07,588.38,1304.43,36.07,2308.76,81.28,77.3,2.03,46.91,0
WELL-05,2026-07-21T11:00,481.24,621.81,1292.1,36.7,2403.91,79.52,80.3,1.96,48.14,0
WELL-05,2026-07-21T12:00,470.02,582.12,1238.49,36.86,2383.99,80.74,77.9,1.88,47.46,0
WELL-05,2026-07-21T13:00,455.23,573.76,1260.37,40.3,2429.16,81.1,76.5,1.97,48.46,0
WELL-05,2026-07-21T14:00,434.56,555.29,1277.82,38.18,2291.62,81.03,78.6,1.86,46.3,0
WELL-05,2026-07-21T15:00,430.37,537.12,1248.04,35.17,2347.71,79.64,78.5,1.87,46.18,0
WELL-05,2026-07-21T16:00,476.98,615.1,1289.57,37.02,2315.01,81.68,74.6,2.06,47.57,0
WELL-05,2026-07-21T17:00,440.58,571.2,1296.47,35.31,2271.22,79.41,85.6,2.03,48.61,0
WELL-05,2026-07-21T18:00,491.91,600.27,1220.29,40.66,2293.78,82.63,79.0,2.09,48.14,0
WELL-05,2026-07-21T19:00,482.96,589.74,1221.1,38.77,2307.39,79.71,84.5,1.76,50.76,0
WELL-05,2026-07-21T20:00,421.27,522.82,1241.06,37.18,2297.93,80.72,82.7,1.75,50.36,0
WELL-05,2026-07-21T21:00,420.33,523.01,1244.28,39.92,2267.68,81.28,74.8,1.78,46.68,0
WELL-05,2026-07-21T22:00,454.81,582.11,1279.9,37.7,2275.15,82.75,80.6,1.86,46.78,0
WELL-05,2026-07-21T23:00,476.3,627.39,1317.22,36.16,2322.01,80.81,83.0,1.92,48.31,0
WELL-05,2026-07-22T00:00,449.0,554.55,1235.07,37.14,2291.36,80.99,80.4,1.89,50.67,0
WELL-05,2026-07-22T01:00,494.8,622.62,1258.33,35.22,2436.61,82.57,78.7,1.85,51.42,0
WELL-05,2026-07-22T02:00,452.32,536.3,1185.67,36.21,2269.7,78.49,81.7,1.98,47.93,0
WELL-05,2026-07-22T03:00,495.52,645.85,1303.38,37.98,2290.66,78.39,79.4,2.09,46.37,0
WELL-05,2026-07-22T04:00,483.29,593.4,1227.84,36.95,2436.34,78.76,80.5,1.96,51.44,0
WELL-05,2026-07-22T05:00,460.28,550.98,1197.04,35.06,2344.98,79.51,78.2,2.01,50.34,0
WELL-05,2026-07-22T06:00,441.49,521.46,1181.13,39.31,2275.18,78.85,83.4,1.72,47.15,0
WELL-05,2026-07-22T07:00,436.08,572.6,1313.06,38.96,2437.53,82.69,74.0,1.96,48.97,0
WELL-05,2026-07-22T08:00,459.53,539.23,1173.46,40.99,2434.1,78.74,75.9,1.85,48.72,0
WELL-05,2026-07-22T09:00,428.29,524.88,1225.54,39.92,2280.5,79.6,82.4,2.08,47.92,0
WELL-05,2026-07-22T10:00,479.51,583.63,1217.16,39.01,2393.66,82.85,80.7,1.95,49.77,0
WELL-05,2026-07-22T11:00,424.54,558.99,1316.71,38.94,2359.82,82.68,78.8,1.92,49.53,0
WELL-05,2026-07-22T12:00,425.12,506.83,1192.19,35.97,2339.36,78.38,74.3,1.9,49.14,0
WELL-05,2026-07-22T13:00,482.8,595.69,1233.84,40.23,2287.0,78.9,82.8,1.77,48.17,0
WELL-05,2026-07-22T14:00,474.89,589.76,1241.89,36.54,2432.41,82.14,77.6,2.06,48.11,0
WELL-05,2026-07-22T15:00,443.65,579.74,1306.76,36.49,2423.29,78.2,74.1,1.91,49.91,0
WELL-05,2026-07-22T16:00,468.73,608.97,1299.2,40.47,2367.78,80.94,76.5,1.99,48.13,0
WELL-05,2026-07-22T17:00,478.05,603.84,1263.14,40.63,2261.84,80.54,85.6,2.1,51.17,0
WELL-05,2026-07-22T18:00,429.95,519.03,1207.19,39.73,2328.87,80.36,80.1,1.93,50.28,0
WELL-05,2026-07-22T19:00,454.73,535.14,1176.84,36.06,2417.4,80.7,84.5,2.08,49.65,0
WELL-05,2026-07-22T20:00,439.62,573.25,1303.97,36.44,2277.51,78.25,80.4,1.93,46.27,0
WELL-05,2026-07-22T21:00,422.04,522.83,1238.83,36.03,2417.89,81.49,81.0,1.76,49.72,0
WELL-05,2026-07-22T22:00,496.66,608.85,1225.9,38.65,2432.63,78.91,79.3,1.83,47.81,0
WELL-05,2026-07-22T23:00,431.32,521.76,1209.67,40.35,2363.61,80.0,75.5,2.05,49.73,0
WELL-05,2026-07-23T00:00,416.6,523.21,1255.91,36.89,2434.83,78.21,73.5,1.79,50.17,0
WELL-05,2026-07-23T01:00,451.01,551.44,1222.69,37.88,2402.61,82.21,82.9,1.85,46.14,0
WELL-05,2026-07-23T02:00,479.29,579.05,1208.14,34.83,2332.46,82.56,77.0,2.06,48.03,0
WELL-05,2026-07-23T03:00,430.87,527.43,1224.1,36.13,2277.6,78.74,85.3,1.79,51.23,0
WELL-05,2026-07-23T04:00,420.45,495.83,1179.29,36.55,2434.6,82.01,80.3,1.67,45.77,0
WELL-05,2026-07-23T05:00,465.78,593.75,1274.73,36.45,2420.87,80.33,84.0,1.71,47.47,0
WELL-05,2026-07-23T06:00,462.29,602.75,1303.82,37.36,2398.91,79.63,84.7,1.84,50.51,0
WELL-05,2026-07-23T07:00,454.38,536.6,1180.94,40.64,2276.09,82.53,81.6,2.09,47.42,0
WELL-05,2026-07-23T08:00,466.0,578.51,1241.43,36.55,2433.65,81.13,75.7,1.79,49.87,0
WELL-05,2026-07-23T09:00,441.27,580.08,1314.58,40.57,2372.0,82.76,81.3,2.11,48.22,0
WELL-05,2026-07-23T10:00,460.46,576.6,1252.24,37.72,2422.78,81.4,74.6,2.02,48.7,0
WELL-05,2026-07-23T11:00,428.09,545.16,1273.47,34.92,2435.86,78.81,73.9,1.77,47.9,0
WELL-05,2026-07-23T12:00,446.94,559.19,1251.16,35.0,2435.07,81.9,85.2,1.94,48.33,0
WELL-05,2026-07-23T13:00,483.45,589.64,1219.65,37.5,2424.65,78.62,77.9,2.03,50.98,0
WELL-05,2026-07-23T14:00,485.87,599.36,1233.57,36.06,2312.13,82.44,82.9,1.76,47.79,0
WELL-05,2026-07-23T15:00,488.26,615.15,1259.88,36.56,2334.87,78.26,75.9,2.0,46.56,0
WELL-05,2026-07-23T16:00,451.57,558.04,1235.78,38.94,2283.03,78.86,79.7,1.86,46.57,0
WELL-05,2026-07-23T17:00,462.03,560.63,1213.39,36.43,2293.66,80.59,79.1,1.81,49.21,0
WELL-05,2026-07-23T18:00,433.84,531.66,1225.49,40.05,2386.01,82.64,83.6,1.88,49.34,0
WELL-05,2026-07-23T19:00,437.61,527.48,1205.37,34.83,2421.31,82.26,83.9,1.8,49.81,0
WELL-05,2026-07-23T20:00,465.49,562.58,1208.58,35.79,2333.67,81.18,74.4,2.01,50.66,0
WELL-05,2026-07-23T21:00,421.18,513.41,1218.98,40.86,2263.69,80.6,75.5,1.89,49.87,0
WELL-05,2026-07-23T22:00,485.01,602.82,1242.91,34.92,2304.12,81.8,77.4,2.11,47.66,0
WELL-05,2026-07-23T23:00,440.92,528.17,1197.89,35.13,2297.8,81.88,74.7,2.05,48.8,0
WELL-05,2026-07-24T00:00,467.19,577.55,1236.21,36.84,2401.63,78.99,84.4,1.89,50.83,0
WELL-05,2026-07-24T01:00,495.59,636.38,1284.1,35.73,2438.33,81.17,84.2,1.74,48.68,0
WELL-05,2026-07-24T02:00,460.26,552.85,1201.16,35.89,2394.9,78.96,76.9,1.88,48.4,0
WELL-05,2026-07-24T03:00,419.35,498.72,1189.28,39.66,2331.73,79.33,74.5,2.03,50.75,0
WELL-05,2026-07-24T04:00,496.28,648.86,1307.44,38.11,2385.97,82.6,76.3,1.82,46.93,0
WELL-05,2026-07-24T05:00,453.09,574.34,1267.6,36.25,2328.0,82.89,78.2,1.95,50.65,0
WELL-05,2026-07-24T06:00,463.12,578.83,1249.85,35.98,2372.23,81.1,73.6,1.81,46.37,0
WELL-05,2026-07-24T07:00,464.35,547.11,1178.22,40.52,2279.06,80.24,77.6,1.92,46.27,0
WELL-05,2026-07-24T08:00,479.84,569.79,1187.46,36.58,2338.86,80.95,81.6,1.9,47.34,0
WELL-05,2026-07-24T09:00,424.64,531.18,1250.9,39.23,2282.92,79.13,76.5,2.11,51.0,0
WELL-05,2026-07-24T10:00,477.5,581.11,1216.98,39.88,2372.45,78.83,79.7,1.94,51.3,0
WELL-05,2026-07-24T11:00,457.14,534.76,1169.8,35.6,2433.59,80.35,84.7,1.88,47.38,0
WELL-05,2026-07-24T12:00,483.87,628.52,1298.96,40.84,2405.59,78.66,79.5,1.88,46.71,0
WELL-05,2026-07-24T13:00,456.04,592.16,1298.48,41.22,2414.5,79.6,75.3,1.86,48.19,0
WELL-05,2026-07-24T14:00,462.76,541.0,1169.08,35.24,2385.6,81.87,77.1,1.92,46.83,0
WELL-05,2026-07-24T15:00,484.41,603.03,1244.86,37.82,2339.41,82.38,80.0,2.11,49.81,0
WELL-05,2026-07-24T16:00,429.7,504.05,1173.03,35.5,2438.0,78.8,82.8,1.97,47.8,0
WELL-05,2026-07-24T17:00,490.94,574.35,1169.9,36.18,2325.69,78.74,82.2,1.86,47.47,0
WELL-05,2026-07-24T18:00,469.38,555.14,1182.72,39.13,2439.78,82.84,77.3,1.92,50.63,0
WELL-05,2026-07-24T19:00,428.9,515.1,1200.97,38.47,2339.97,80.42,75.8,1.74,46.22,0
WELL-05,2026-07-24T20:00,472.88,608.75,1287.34,38.76,2434.12,78.26,78.1,1.67,50.45,0
WELL-05,2026-07-24T21:00,476.58,610.31,1280.62,36.41,2328.15,82.46,83.0,1.95,47.46,0
WELL-05,2026-07-24T22:00,429.21,558.69,1301.67,39.76,2434.15,79.52,76.4,2.06,48.77,0
WELL-05,2026-07-24T23:00,483.24,588.97,1218.79,37.67,2364.9,79.01,80.6,2.08,46.36,0
WELL-05,2026-07-25T00:00,463.72,584.61,1260.69,35.91,2432.39,79.38,82.9,1.93,49.07,0
WELL-05,2026-07-25T01:00,424.75,551.91,1299.37,38.89,2369.22,80.21,85.6,1.74,49.79,0
WELL-05,2026-07-25T02:00,422.87,502.98,1189.46,36.72,2396.59,78.24,77.2,1.85,49.19,0
WELL-05,2026-07-25T03:00,430.79,552.63,1282.83,35.5,2387.56,80.34,78.7,1.96,47.84,0
WELL-05,2026-07-25T04:00,476.97,603.87,1266.05,36.55,2388.4,78.65,78.3,1.7,45.81,0
WELL-05,2026-07-25T05:00,440.05,549.51,1248.74,37.1,2404.44,78.89,79.7,1.91,50.66,0
WELL-05,2026-07-25T06:00,477.21,624.42,1308.47,35.18,2440.46,81.21,76.2,1.86,45.98,0
WELL-05,2026-07-25T07:00,421.76,506.73,1201.46,35.54,2303.95,82.3,80.0,1.71,49.98,0
WELL-05,2026-07-25T08:00,460.15,565.13,1228.15,38.92,2282.46,80.97,80.7,2.01,49.77,0
WELL-05,2026-07-25T09:00,452.1,584.39,1292.61,38.97,2348.47,78.55,77.6,1.95,48.77,0
WELL-05,2026-07-25T10:00,465.28,551.38,1185.04,34.68,2381.49,80.17,82.0,2.12,51.47,0
WELL-05,2026-07-25T11:00,451.77,590.52,1307.12,38.99,2413.51,82.02,84.8,1.69,51.42,0
WELL-05,2026-07-25T12:00,425.22,501.77,1180.02,36.69,2265.24,82.08,74.6,2.11,49.81,0
WELL-05,2026-07-25T13:00,444.02,575.75,1296.65,40.04,2378.32,78.16,85.4,2.07,47.17,0
WELL-05,2026-07-25T14:00,461.06,544.34,1180.65,38.31,2441.1,79.01,84.0,1.77,46.99,0
WELL-05,2026-07-25T15:00,465.42,580.97,1248.27,40.98,2353.4,82.68,83.7,1.83,49.14,0
WELL-05,2026-07-25T16:00,446.3,535.68,1200.26,35.4,2351.21,79.28,73.9,2.04,47.78,0
WELL-05,2026-07-25T17:00,491.07,635.82,1294.76,35.7,2369.07,82.66,74.5,1.68,49.37,0
WELL-05,2026-07-25T18:00,482.26,615.4,1276.07,40.03,2401.99,80.17,84.3,1.69,50.35,0
WELL-05,2026-07-25T19:00,485.48,614.75,1266.29,40.33,2403.23,81.64,73.4,1.89,46.27,0
WELL-05,2026-07-25T20:00,436.11,548.64,1258.04,37.14,2382.01,81.7,85.6,1.97,47.38,0
WELL-05,2026-07-25T21:00,461.22,603.12,1307.65,35.19,2347.7,82.8,75.9,1.8,49.37,0
WELL-05,2026-07-25T22:00,458.06,572.96,1250.82,37.22,2418.42,80.78,76.7,1.94,45.85,0
WELL-05,2026-07-25T23:00,427.0,507.41,1188.32,39.21,2395.84,81.02,84.4,2.0,48.36,0
WELL-05,2026-07-26T00:00,453.68,589.13,1298.56,38.71,2380.89,81.51,84.5,1.74,50.11,0
WELL-05,2026-07-26T01:00,416.29,498.07,1196.44,39.92,2316.32,78.21,84.6,1.99,50.62,0
WELL-05,2026-07-26T02:00,426.36,532.23,1248.31,36.48,2405.18,79.83,74.1,2.0,50.51,0
WELL-05,2026-07-26T03:00,481.58,593.67,1232.74,39.5,2369.65,80.77,79.4,2.01,49.23,0
WELL-05,2026-07-26T04:00,468.63,577.13,1231.52,39.12,2412.85,78.78,85.1,1.74,47.15,0
WELL-05,2026-07-26T05:00,474.49,580.29,1222.98,37.58,2309.3,78.17,78.9,1.99,48.1,0
WELL-05,2026-07-26T06:00,456.01,534.89,1172.98,40.46,2318.46,79.86,83.0,1.95,50.37,0
WELL-05,2026-07-26T07:00,470.75,557.2,1183.65,36.48,2268.36,81.34,85.2,1.98,46.55,0
WELL-05,2026-07-26T08:00,490.61,618.8,1261.28,36.34,2367.14,80.34,76.1,1.75,50.6,0
WELL-05,2026-07-26T09:00,422.61,540.46,1278.86,39.02,2436.65,80.8,77.1,1.69,45.92,0
WELL-05,2026-07-26T10:00,465.27,552.08,1186.58,39.3,2333.43,81.32,84.4,1.82,47.24,0
WELL-05,2026-07-26T11:00,459.33,593.46,1292.02,38.94,2257.55,78.28,82.8,1.74,49.66,0
WELL-05,2026-07-26T12:00,483.91,596.29,1232.22,35.73,2371.06,81.74,77.5,1.83,50.78,0
WELL-05,2026-07-26T13:00,483.22,593.08,1227.35,40.45,2326.4,79.24,74.6,1.85,50.89,0
WELL-05,2026-07-26T14:00,489.62,584.31,1193.39,34.96,2257.38,82.33,84.9,2.09,49.07,0
WELL-05,2026-07-26T15:00,485.71,613.61,1263.33,37.73,2282.77,81.51,81.6,1.67,50.74,0
WELL-05,2026-07-26T16:00,434.83,571.1,1313.37,34.95,2292.02,78.63,85.2,1.86,49.89,0
WELL-05,2026-07-26T17:00,443.63,568.64,1281.8,38.64,2433.26,80.87,83.8,1.71,50.59,0
WELL-05,2026-07-26T18:00,492.01,630.85,1282.18,36.99,2442.04,80.94,76.9,1.85,46.0,0
WELL-05,2026-07-26T19:00,421.24,516.59,1226.36,40.46,2381.71,81.81,81.6,2.09,47.9,0
WELL-05,2026-07-26T20:00,430.64,516.45,1199.26,40.54,2325.05,80.74,76.9,1.82,49.43,0
WELL-05,2026-07-26T21:00,420.89,509.17,1209.74,37.53,2337.09,78.34,80.2,1.7,46.89,0
WELL-05,2026-07-26T22:00,420.51,517.73,1231.2,35.19,2348.53,80.12,80.1,2.03,49.48,0
WELL-05,2026-07-26T23:00,472.79,563.55,1191.97,35.18,2384.34,82.27,77.3,1.88,51.37,0
WELL-05,2026-07-27T00:00,495.09,613.32,1238.8,40.31,2324.24,81.06,78.1,1.75,48.08,0
WELL-05,2026-07-27T01:00,443.91,572.98,1290.77,34.83,2334.76,82.62,85.8,2.04,50.03,0
WELL-05,2026-07-27T02:00,448.24,588.41,1312.7,39.35,2317.02,80.62,75.8,1.94,47.66,0
WELL-05,2026-07-27T03:00,442.13,530.61,1200.12,35.56,2331.4,83.52,77.7,2.0,49.8,0
WELL-05,2026-07-27T04:00,449.49,540.26,1201.96,35.99,2317.66,80.29,73.9,2.16,53.27,0
WELL-05,2026-07-27T05:00,399.29,484.78,1214.11,41.26,2245.75,81.93,80.4,2.12,51.85,0
WELL-05,2026-07-27T06:00,440.51,575.28,1305.95,36.52,2341.09,81.87,72.4,2.19,50.3,0
WELL-05,2026-07-27T07:00,417.06,516.14,1237.57,42.65,2335.67,81.65,83.0,1.99,52.69,0
WELL-05,2026-07-27T08:00,445.08,550.48,1236.82,42.99,2226.54,84.51,76.5,1.96,50.27,0
WELL-05,2026-07-27T09:00,412.2,555.11,1346.7,39.6,2196.32,81.45,81.2,2.39,52.52,0
WELL-05,2026-07-27T10:00,403.16,486.27,1206.15,39.15,2288.75,84.89,78.1,2.34,55.92,0
WELL-05,2026-07-27T11:00,412.1,554.81,1346.29,43.56,2222.99,82.58,78.5,2.15,55.09,0
WELL-05,2026-07-27T12:00,380.4,480.08,1262.05,42.76,2259.69,81.54,72.7,2.71,54.48,0
WELL-05,2026-07-27T13:00,436.21,575.7,1319.78,37.51,2146.6,84.01,75.4,2.26,60.1,0
WELL-05,2026-07-27T14:00,430.9,581.44,1349.35,40.4,2111.66,83.47,70.7,2.58,56.3,0
WELL-05,2026-07-27T15:00,414.58,534.54,1289.35,39.62,2096.41,86.63,80.5,2.96,59.78,0
WELL-05,2026-07-27T16:00,375.79,509.51,1355.82,43.88,2172.76,86.7,72.4,2.74,63.52,0
WELL-05,2026-07-27T17:00,409.06,519.61,1270.26,41.67,2152.16,86.08,74.1,2.72,63.14,0
WELL-05,2026-07-27T18:00,381.31,521.44,1367.48,38.95,2154.85,85.61,75.9,2.86,62.08,0
WELL-05,2026-07-27T19:00,342.45,476.82,1392.39,41.46,2189.52,84.12,79.4,3.18,66.6,0
WELL-05,2026-07-27T20:00,401.24,508.29,1266.8,43.74,2045.9,84.61,70.9,2.74,64.16,0
WELL-05,2026-07-27T21:00,359.79,495.84,1378.14,39.43,2124.04,87.6,76.1,2.77,67.84,0
WELL-05,2026-07-27T22:00,388.11,517.66,1333.8,40.14,2139.98,85.55,74.3,3.47,63.61,0
WELL-05,2026-07-27T23:00,330.43,457.21,1383.69,42.17,2016.24,88.68,73.8,3.24,65.0,0
WELL-05,2026-07-28T00:00,343.96,471.67,1371.28,41.62,2111.42,85.22,72.7,3.62,66.1,0
WELL-05,2026-07-28T01:00,373.28,509.41,1364.67,47.08,2101.67,87.61,69.3,3.14,66.71,0
WELL-05,2026-07-28T02:00,333.78,434.23,1300.97,48.41,1989.2,90.64,71.5,3.6,66.5,0
WELL-05,2026-07-28T03:00,312.74,420.79,1345.49,40.89,2106.19,87.86,75.6,3.42,68.12,0
WELL-05,2026-07-28T04:00,313.55,423.62,1351.01,47.94,1970.91,86.78,72.9,3.41,73.99,0
WELL-05,2026-07-28T05:00,349.07,454.72,1302.67,42.46,2054.87,90.55,68.4,4.09,71.66,0
WELL-05,2026-07-28T06:00,307.87,409.87,1331.28,48.09,1997.44,88.67,64.9,4.26,75.82,0
WELL-05,2026-07-28T07:00,315.56,434.53,1377.04,44.71,1927.82,92.18,67.7,4.22,71.59,0
WELL-05,2026-07-28T08:00,315.79,433.3,1372.11,48.14,2033.42,89.25,63.9,4.29,76.58,0
WELL-05,2026-07-28T09:00,313.27,420.37,1341.9,42.73,1959.24,89.19,71.7,4.23,72.71,0
WELL-05,2026-07-28T10:00,333.09,453.05,1360.12,48.58,1921.54,92.44,72.7,4.68,78.14,0
WELL-05,2026-07-28T11:00,311.47,418.5,1343.63,49.89,1891.6,89.88,69.9,4.16,81.13,0
WELL-05,2026-07-28T12:00,283.05,418.28,1477.76,47.46,1953.78,89.63,70.8,4.72,80.42,0
WELL-05,2026-07-28T13:00,276.25,397.0,1437.11,46.94,1863.41,90.09,67.6,4.36,81.34,0
WELL-05,2026-07-28T14:00,285.04,417.15,1463.49,50.21,1848.76,91.8,64.5,4.54,82.26,0
WELL-05,2026-07-28T15:00,294.68,400.29,1358.36,47.98,1899.14,93.22,65.8,5.25,81.87,0
WELL-05,2026-07-28T16:00,280.25,389.81,1390.93,46.6,1849.05,90.11,69.9,4.5,80.73,0
WELL-05,2026-07-28T17:00,250.19,350.09,1399.27,48.65,1881.58,91.08,64.4,5.18,88.87,0
WELL-05,2026-07-28T18:00,269.14,396.23,1472.21,49.68,1800.21,90.24,68.1,4.52,89.27,0
WELL-05,2026-07-28T19:00,260.91,355.48,1362.43,48.75,1855.88,92.58,66.8,5.71,85.58,0
WELL-05,2026-07-28T20:00,265.7,384.21,1446.04,45.09,1857.85,92.48,67.3,5.59,91.04,1
WELL-05,2026-07-28T21:00,250.74,345.45,1377.74,46.83,1800.36,93.45,62.8,5.58,85.25,0
WELL-05,2026-07-28T22:00,256.56,357.67,1394.12,49.05,1819.9,93.01,63.0,4.88,95.31,0
WELL-05,2026-07-28T23:00,231.59,336.8,1454.27,54.38,1724.69,91.82,67.8,5.38,89.66,0
WELL-05,2026-07-29T00:00,256.99,360.99,1404.71,47.27,1779.25,94.19,62.1,5.44,98.02,1
WELL-05,2026-07-29T01:00,216.81,304.1,1402.6,54.24,1689.75,95.98,66.2,6.04,89.6,0
WELL-05,2026-07-29T02:00,220.54,304.95,1382.77,50.52,1713.88,95.57,66.2,5.46,93.0,1
WELL-05,2026-07-29T03:00,242.11,362.94,1499.08,54.84,1783.56,93.09,61.0,5.88,99.41,0
WELL-05,2026-07-29T04:00,241.06,355.36,1474.17,52.14,1765.48,96.69,61.2,6.22,104.12,0
WELL-05,2026-07-29T05:00,229.7,317.66,1382.96,47.35,1694.19,99.18,58.3,6.23,96.87,1
WELL-05,2026-07-29T06:00,205.59,318.81,1550.69,47.56,1689.13,98.47,63.6,6.57,104.65,1
WELL-05,2026-07-29T07:00,209.29,308.28,1472.95,51.7,1640.99,94.1,62.7,7.0,105.51,0
WELL-05,2026-07-29T08:00,210.46,294.58,1399.72,53.29,1728.16,97.06,58.4,6.46,102.01,0
WELL-05,2026-07-29T09:00,194.2,289.78,1492.2,52.56,1720.37,97.72,63.2,6.18,102.84,0
WELL-05,2026-07-29T10:00,184.61,279.32,1513.07,51.22,1680.0,98.82,61.0,6.28,107.3,1
WELL-05,2026-07-29T11:00,184.87,280.06,1514.89,55.08,1669.02,95.59,56.2,6.2,104.16,1
WELL-05,2026-07-29T12:00,171.42,265.35,1547.99,56.37,1572.5,97.41,61.4,7.1,107.67,1
WELL-05,2026-07-29T13:00,180.73,258.22,1428.8,54.49,1632.88,100.99,57.4,6.25,115.11,1
WELL-05,2026-07-29T14:00,177.5,272.38,1534.51,52.82,1598.36,96.66,62.2,6.93,108.12,1
WELL-05,2026-07-29T15:00,171.24,255.5,1492.09,50.45,1530.63,99.38,55.0,7.16,114.76,1
WELL-05,2026-07-29T16:00,171.71,265.2,1544.49,57.61,1523.1,99.4,56.8,7.64,115.42,1
WELL-05,2026-07-29T17:00,161.59,253.9,1571.29,57.34,1591.13,99.15,57.9,8.2,113.35,1
WELL-05,2026-07-29T18:00,151.01,239.74,1587.55,52.73,1485.13,99.38,58.9,7.77,112.4,1
WELL-05,2026-07-29T19:00,158.25,253.99,1604.97,54.6,1577.82,100.28,54.7,8.54,110.9,1
WELL-05,2026-07-29T20:00,138.16,213.4,1544.5,57.52,1501.77,99.97,58.4,8.44,114.15,1
WELL-05,2026-07-29T21:00,158.49,249.74,1575.7,55.29,1449.43,98.86,56.7,8.54,120.98,1
WELL-05,2026-07-29T22:00,150.74,245.37,1627.75,53.63,1524.53,103.53,56.0,8.05,126.97,1
WELL-05,2026-07-29T23:00,127.57,191.57,1501.68,57.46,1514.27,102.72,58.2,7.34,119.23,1
WELL-05,2026-07-30T00:00,128.64,202.77,1576.21,53.09,1516.22,100.99,59.3,7.52,129.52,1
WELL-05,2026-07-30T01:00,129.92,204.55,1574.44,62.2,1430.9,101.71,52.3,8.15,122.93,1
WELL-05,2026-07-30T02:00,117.28,178.54,1522.34,57.61,1511.23,101.1,56.4,8.48,120.99,1
WELL-05,2026-07-30T03:00,133.06,212.77,1599.0,55.86,1405.16,102.56,52.9,8.19,122.35,1
WELL-05,2026-07-30T04:00,132.08,209.11,1583.17,53.18,1455.82,102.83,52.6,8.16,121.08,1
WELL-05,2026-07-30T05:00,118.5,187.56,1582.72,61.41,1510.06,100.65,54.3,9.04,120.43,1
WELL-05,2026-07-30T06:00,117.43,192.65,1640.54,60.98,1406.97,101.93,56.4,9.16,119.74,1
WELL-05,2026-07-30T07:00,119.21,184.11,1544.41,60.33,1403.62,102.82,52.5,8.78,117.02,1
WELL-05,2026-07-30T08:00,124.34,191.09,1536.89,56.95,1465.13,101.06,59.0,9.03,120.38,1
WELL-05,2026-07-30T09:00,128.78,210.64,1635.65,56.28,1501.73,103.22,55.5,9.17,122.84,1
WELL-05,2026-07-30T10:00,133.17,217.75,1635.11,55.25,1408.28,104.61,58.0,9.05,117.48,1
WELL-05,2026-07-30T11:00,137.74,220.25,1598.99,59.88,1444.26,104.87,58.0,7.98,129.9,1
WELL-05,2026-07-30T12:00,118.49,182.13,1537.15,57.04,1514.61,101.88,57.4,7.8,121.41,1
WELL-05,2026-07-30T13:00,128.38,197.08,1535.08,59.43,1461.22,99.88,52.7,8.89,124.21,1
WELL-05,2026-07-30T14:00,135.97,204.1,1501.08,55.8,1489.37,103.57,57.2,8.81,128.3,1
WELL-05,2026-07-30T15:00,134.66,216.92,1610.82,60.49,1441.26,103.81,58.0,8.28,116.36,1
WELL-05,2026-07-30T16:00,120.62,179.65,1489.37,61.27,1455.8,100.45,54.4,8.81,124.36,1
WELL-05,2026-07-30T17:00,117.01,189.68,1621.03,52.96,1455.91,105.26,54.8,8.55,124.57,1
WELL-05,2026-07-30T18:00,127.8,192.97,1509.92,57.03,1461.07,104.8,57.0,8.34,120.07,1
WELL-05,2026-07-30T19:00,131.81,204.68,1552.8,52.99,1451.02,103.38,60.1,9.05,130.09,1
WELL-05,2026-07-30T20:00,134.65,206.28,1531.97,53.52,1472.29,100.96,59.1,9.37,121.56,1
WELL-05,2026-07-30T21:00,118.15,188.07,1591.71,54.79,1449.92,100.09,55.5,8.1,117.48,1
WELL-05,2026-07-30T22:00,120.42,192.0,1594.39,58.18,1408.04,104.22,54.9,7.87,126.28,1
WELL-05,2026-07-30T23:00,129.62,210.14,1621.13,53.07,1461.78,101.34,52.1,8.26,116.4,1
WELL-05,2026-07-31T00:00,120.18,191.25,1591.33,52.15,1499.18,100.03,57.2,7.6,117.76,1
WELL-05,2026-07-31T01:00,466.17,552.95,1186.15,40.54,2261.32,78.81,80.0,1.74,47.19,0
WELL-05,2026-07-31T02:00,433.38,511.4,1180.03,39.14,2398.64,80.26,76.4,2.08,47.72,0
WELL-05,2026-07-31T03:00,421.47,549.2,1303.05,41.02,2408.31,81.05,77.3,1.85,48.61,0
WELL-05,2026-07-31T04:00,444.09,566.14,1274.84,35.66,2315.02,82.85,84.0,2.05,51.38,0
WELL-05,2026-07-31T05:00,457.81,556.48,1215.52,35.66,2438.29,79.09,84.8,1.75,51.21,0
WELL-05,2026-07-31T06:00,473.03,562.39,1188.91,39.51,2376.39,82.21,73.4,1.74,46.71,0
WELL-05,2026-07-31T07:00,440.22,533.49,1211.88,35.81,2322.18,80.39,80.6,2.1,51.6,0
WELL-05,2026-07-31T08:00,432.77,536.51,1239.72,40.65,2407.51,78.29,75.1,2.01,49.52,0
WELL-05,2026-07-31T09:00,433.19,531.6,1227.17,35.02,2405.51,79.06,82.0,1.78,47.74,0
WELL-05,2026-07-31T10:00,494.37,603.79,1221.32,36.09,2439.64,80.87,81.1,1.88,46.34,0
WELL-05,2026-07-31T11:00,473.54,598.03,1262.89,37.59,2318.6,79.54,84.3,2.12,51.48,0
WELL-05,2026-07-31T12:00,438.53,553.19,1261.46,35.85,2424.62,80.28,81.9,1.87,47.67,0
WELL-05,2026-07-31T13:00,478.45,565.47,1181.87,34.75,2256.48,82.67,82.0,2.0,47.41,0
WELL-05,2026-07-31T14:00,430.18,555.88,1292.22,36.63,2408.17,82.1,74.3,1.67,47.12,0
WELL-05,2026-07-31T15:00,443.96,558.97,1259.03,38.28,2270.73,82.77,75.9,1.67,51.56,0
WELL-05,2026-07-31T16:00,486.54,621.85,1278.1,38.59,2276.57,80.63,77.0,2.04,47.56,0
WELL-05,2026-07-31T17:00,496.96,635.47,1278.71,38.5,2435.24,80.49,78.0,1.67,46.95,0
WELL-05,2026-07-31T18:00,483.41,578.43,1196.56,39.9,2356.83,80.36,85.2,1.85,48.11,0
WELL-05,2026-07-31T19:00,453.89,556.5,1226.06,38.96,2366.95,78.77,84.8,1.9,50.86,0
WELL-05,2026-07-31T20:00,495.14,635.05,1282.57,39.99,2334.04,78.67,74.0,1.78,47.24,0
WELL-05,2026-07-31T21:00,446.83,534.72,1196.69,40.73,2378.81,80.17,75.6,1.93,48.64,0
WELL-05,2026-07-31T22:00,447.14,556.98,1245.65,37.63,2428.23,80.9,73.9,1.77,51.03,0
WELL-05,2026-07-31T23:00,421.86,529.82,1255.92,40.87,2308.5,78.41,78.4,1.85,50.21,0
WELL-05,2026-08-01T00:00,491.46,611.52,1244.29,36.97,2291.57,78.56,76.6,2.04,51.09,0
WELL-05,2026-08-01T01:00,483.98,575.21,1188.5,35.43,2289.02,78.89,79.5,2.08,50.5,0
WELL-05,2026-08-01T02:00,477.53,580.0,1214.58,36.28,2394.54,79.06,80.6,1.92,47.4,0
WELL-05,2026-08-01T03:00,459.16,584.71,1273.42,34.76,2289.54,80.88,83.5,1.98,46.84,0
WELL-05,2026-08-01T04:00,432.46,541.16,1251.35,39.56,2426.16,80.49,74.1,1.77,50.34,0
WELL-05,2026-08-01T05:00,455.58,534.67,1173.59,37.6,2387.63,79.51,78.9,1.68,46.57,0
WELL-05,2026-08-01T06:00,418.02,526.91,1260.49,39.73,2265.55,79.35,75.4,1.95,48.9,0
WELL-05,2026-08-01T07:00,467.71,588.69,1258.68,34.97,2354.64,82.78,78.6,1.89,48.15,0
WELL-05,2026-08-01T08:00,453.04,584.52,1290.22,35.99,2306.17,81.69,85.0,2.11,48.36,0
WELL-05,2026-08-01T09:00,441.77,558.98,1265.32,41.45,2435.95,79.57,81.7,1.7,45.83,0
WELL-05,2026-08-01T10:00,460.35,604.27,1312.64,36.63,2415.29,82.82,85.9,1.87,48.82,0
WELL-05,2026-08-01T11:00,443.68,543.07,1224.01,35.8,2257.18,81.47,85.7,1.91,49.78,0
WELL-05,2026-08-01T12:00,479.36,562.84,1174.14,37.0,2271.23,78.59,79.4,2.03,50.82,0
WELL-05,2026-08-01T13:00,450.31,545.35,1211.06,37.74,2256.45,81.01,77.4,1.95,51.56,0
WELL-05,2026-08-01T14:00,446.75,548.56,1227.89,41.38,2353.27,80.48,75.2,2.11,51.58,0
WELL-05,2026-08-01T15:00,471.16,559.6,1187.71,39.96,2377.75,82.86,85.5,1.71,51.29,0
WELL-05,2026-08-01T16:00,443.27,572.65,1291.86,38.32,2419.97,79.19,79.1,1.69,50.14,0
WELL-05,2026-08-01T17:00,433.06,534.77,1234.85,35.93,2409.99,81.22,78.3,1.73,48.95,0
WELL-05,2026-08-01T18:00,452.11,547.23,1210.38,38.31,2305.3,82.2,79.6,2.0,48.33,0
WELL-05,2026-08-01T19:00,419.34,545.59,1301.09,41.29,2268.16,78.76,73.7,1.92,46.14,0
WELL-05,2026-08-01T20:00,455.19,538.96,1184.01,35.53,2334.0,78.22,77.5,1.73,51.1,0
WELL-05,2026-08-01T21:00,463.99,551.61,1188.83,37.6,2298.27,79.03,75.0,1.85,46.33,0
WELL-05,2026-08-01T22:00,424.1,509.86,1202.22,40.54,2321.05,79.6,74.6,1.76,48.52,0
WELL-05,2026-08-01T23:00,415.49,545.84,1313.72,38.81,2405.52,82.63,78.3,2.12,46.15,0
WELL-05,2026-08-02T00:00,433.56,550.02,1268.62,34.69,2325.15,81.48,78.1,2.09,47.3,0
WELL-05,2026-08-02T01:00,439.67,515.41,1172.27,37.54,2292.02,81.97,84.3,1.83,47.16,0
WELL-05,2026-08-02T02:00,485.35,610.22,1257.28,38.27,2272.3,81.25,85.4,1.92,49.41,0
WELL-05,2026-08-02T03:00,464.17,587.65,1266.02,40.14,2370.08,82.66,84.2,1.74,49.57,0
WELL-05,2026-08-02T04:00,458.52,567.84,1238.41,35.88,2342.38,78.99,75.8,1.91,50.26,0
WELL-05,2026-08-02T05:00,485.09,613.8,1265.33,38.18,2398.25,79.12,76.4,1.93,45.9,0
WELL-05,2026-08-02T06:00,478.35,610.49,1276.23,38.55,2331.63,79.66,81.3,2.1,48.27,0
WELL-05,2026-08-02T07:00,445.96,559.2,1253.91,37.56,2288.54,78.97,75.8,1.77,46.91,0
WELL-05,2026-08-02T08:00,488.25,633.62,1297.75,35.47,2391.45,81.22,76.1,1.96,49.37,0
WELL-05,2026-08-02T09:00,485.88,570.41,1173.95,40.85,2383.16,79.29,79.4,2.03,49.97,0
WELL-05,2026-08-02T10:00,462.83,559.83,1209.57,35.45,2267.98,80.11,83.9,1.88,50.05,0
WELL-05,2026-08-02T11:00,495.88,612.82,1235.82,37.53,2285.64,81.83,73.5,1.95,46.31,0
WELL-05,2026-08-02T12:00,443.56,566.25,1276.61,38.28,2403.56,82.04,81.5,1.97,49.82,0
WELL-05,2026-08-02T13:00,495.31,596.4,1204.08,38.58,2332.11,78.41,86.0,1.97,46.87,0
WELL-05,2026-08-02T14:00,450.31,593.62,1318.26,40.68,2319.63,79.29,78.7,1.91,47.66,0
WELL-05,2026-08-02T15:00,418.14,527.98,1262.67,36.03,2354.05,81.35,82.9,2.1,51.25,0
WELL-05,2026-08-02T16:00,428.75,559.31,1304.52,41.18,2376.38,81.41,85.4,1.78,51.29,0
WELL-05,2026-08-02T17:00,417.79,511.46,1224.21,38.42,2428.94,82.33,78.0,1.85,45.77,0
WELL-05,2026-08-02T18:00,457.56,554.16,1211.13,36.8,2278.6,82.62,79.5,1.7,50.8,0
WELL-05,2026-08-02T19:00,446.88,579.04,1295.73,39.13,2437.22,78.82,78.9,1.83,47.83,0
WELL-05,2026-08-02T20:00,457.47,569.52,1244.94,39.03,2350.77,82.03,77.2,1.91,48.91,0
WELL-05,2026-08-02T21:00,451.98,539.1,1192.75,40.26,2379.38,80.16,77.8,1.81,51.01,0
WELL-05,2026-08-02T22:00,446.56,568.45,1272.97,38.59,2344.32,81.24,79.7,1.87,46.27,0
WELL-05,2026-08-02T23:00,439.46,517.12,1176.73,38.71,2407.53,79.22,74.0,1.76,48.64,0
WELL-05,2026-08-03T00:00,484.98,570.79,1176.93,39.76,2409.6,81.19,84.5,2.1,49.98,0
WELL-05,2026-08-03T01:00,457.55,567.34,1239.94,35.81,2293.59,78.17,77.0,1.75,50.5,0
WELL-05,2026-08-03T02:00,435.12,558.02,1282.45,40.97,2268.31,78.52,83.8,1.83,51.44,0
WELL-05,2026-08-03T03:00,417.45,524.55,1256.55,37.77,2350.96,78.85,76.5,1.78,46.75,0
WELL-05,2026-08-03T04:00,452.58,585.69,1294.11,39.08,2442.29,81.9,82.1,1.92,48.75,0
WELL-05,2026-08-03T05:00,468.81,596.78,1272.97,39.39,2278.28,79.32,75.4,2.02,49.5,0
WELL-05,2026-08-03T06:00,486.57,588.75,1210.01,36.35,2346.01,82.77,85.2,2.04,47.28,0
WELL-05,2026-08-03T07:00,422.35,499.23,1182.03,39.13,2290.93,79.03,83.1,1.87,51.17,0
WELL-05,2026-08-03T08:00,454.27,584.04,1285.67,39.49,2387.8,79.36,85.9,1.93,48.57,0
WELL-05,2026-08-03T09:00,496.52,617.82,1244.3,40.94,2257.13,81.69,83.6,1.79,46.1,0
WELL-05,2026-08-03T10:00,460.41,574.94,1248.75,37.03,2345.19,82.86,79.4,1.78,46.3,0
WELL-05,2026-08-03T11:00,444.11,550.1,1238.66,36.33,2356.64,80.49,85.8,1.91,50.78,0
WELL-05,2026-08-03T12:00,468.7,612.6,1307.03,34.92,2384.57,81.79,84.5,1.71,47.23,0
WELL-05,2026-08-03T13:00,460.99,538.93,1169.09,37.76,2356.65,80.51,77.6,1.94,49.31,0
WELL-05,2026-08-03T14:00,432.19,533.69,1234.87,39.77,2403.41,79.82,73.9,1.69,48.2,0
WELL-05,2026-08-03T15:00,425.0,520.25,1224.13,35.25,2412.26,81.38,74.2,1.98,48.37,0
WELL-05,2026-08-03T16:00,466.9,614.99,1317.17,37.47,2381.14,80.7,75.1,1.95,47.5,0
WELL-05,2026-08-03T17:00,494.73,603.15,1219.16,40.44,2329.9,82.01,78.2,1.96,51.05,0
WELL-05,2026-08-03T18:00,451.86,528.59,1169.82,37.96,2270.41,82.82,74.6,1.75,50.53,0
WELL-05,2026-08-03T19:00,417.31,497.13,1191.28,38.07,2391.02,80.47,75.5,1.92,48.24,0
WELL-05,2026-08-03T20:00,435.62,550.49,1263.69,36.87,2329.78,80.72,76.4,1.74,46.83,0
WELL-05,2026-08-03T21:00,436.21,566.18,1297.93,38.22,2419.22,81.68,80.7,1.86,47.07,0
WELL-05,2026-08-03T22:00,460.48,563.48,1223.69,39.61,2406.25,78.65,77.4,2.02,47.66,0
WELL-05,2026-08-03T23:00,421.39,500.81,1188.47,41.13,2298.37,82.55,78.3,1.85,49.7,0
WELL-05,2026-08-04T00:00,459.4,576.88,1255.72,38.93,2354.85,82.41,80.6,1.98,48.9,0
WELL-05,2026-08-04T01:00,470.51,574.11,1220.21,41.23,2394.34,81.16,74.2,1.67,47.09,0
WELL-05,2026-08-04T02:00,490.39,619.63,1263.54,35.51,2290.91,79.24,85.7,1.88,48.15,0
WELL-05,2026-08-04T03:00,428.46,501.1,1169.52,35.47,2398.57,82.16,76.1,1.73,48.85,0
WELL-05,2026-08-04T04:00,424.71,521.07,1226.87,38.51,2271.88,80.1,74.7,1.92,45.88,0
WELL-05,2026-08-04T05:00,449.8,536.44,1192.63,34.68,2320.21,80.04,82.8,1.95,48.96,0
WELL-05,2026-08-04T06:00,461.03,587.5,1274.33,37.02,2428.72,82.18,84.7,2.08,49.33,0
WELL-05,2026-08-04T07:00,434.5,561.14,1291.45,37.55,2390.84,82.06,76.5,1.72,48.55,0
WELL-05,2026-08-04T08:00,451.78,588.93,1303.59,38.42,2423.46,79.24,78.3,1.67,47.59,0
WELL-05,2026-08-04T09:00,454.43,577.25,1270.28,38.8,2269.95,80.36,83.5,1.83,45.83,0
WELL-05,2026-08-04T10:00,445.26,539.61,1211.92,35.78,2426.3,81.01,83.6,1.91,48.48,0
WELL-05,2026-08-04T11:00,434.34,554.48,1276.61,36.81,2417.88,81.55,79.8,1.69,49.13,0
WELL-05,2026-08-04T12:00,465.78,606.57,1302.27,40.58,2399.11,81.69,77.5,1.87,47.91,0
WELL-05,2026-08-04T13:00,494.72,613.33,1239.76,35.55,2422.49,80.95,84.7,1.71,48.29,0
WELL-05,2026-08-04T14:00,429.71,519.79,1209.63,41.29,2377.35,82.58,85.7,1.83,46.56,0
WELL-05,2026-08-04T15:00,468.94,601.61,1282.93,40.36,2387.19,79.5,74.2,1.86,47.04,0
WELL-05,2026-08-04T16:00,445.46,531.95,1194.16,39.47,2411.54,81.23,74.4,1.94,51.43,0
WELL-05,2026-08-04T17:00,496.35,610.0,1228.96,36.68,2421.06,81.21,75.5,2.07,48.94,0
WELL-05,2026-08-04T18:00,447.71,577.02,1288.83,36.93,2324.06,78.56,73.8,1.79,51.43,0
WELL-05,2026-08-04T19:00,428.49,506.65,1182.41,35.78,2367.55,82.68,73.4,1.8,46.01,0
WELL-05,2026-08-04T20:00,428.32,561.57,1311.1,37.19,2360.85,79.25,77.7,1.68,48.37,0
WELL-05,2026-08-04T21:00,473.68,616.7,1301.93,40.21,2307.8,81.0,76.8,1.76,46.84,0
WELL-05,2026-08-04T22:00,493.15,583.92,1184.07,36.0,2411.54,80.97,76.1,1.75,49.98,0
WELL-05,2026-08-04T23:00,439.56,524.6,1193.46,38.52,2269.91,82.32,83.0,1.91,50.72,0
WELL-05,2026-08-05T00:00,491.08,590.41,1202.27,35.92,2335.61,80.45,73.7,1.7,46.94,0
WELL-05,2026-08-05T01:00,420.91,535.69,1272.69,39.36,2381.02,78.29,85.7,1.78,47.8,0
WELL-05,2026-08-05T02:00,460.98,604.7,1311.76,36.11,2255.91,78.46,77.7,1.76,48.81,0
WELL-05,2026-08-05T03:00,471.74,590.28,1251.29,36.46,2295.71,79.0,73.5,2.04,48.98,0
WELL-05,2026-08-05T04:00,467.01,547.27,1171.86,35.43,2275.06,78.92,74.5,1.86,46.01,0
WELL-05,2026-08-05T05:00,459.06,579.17,1261.64,37.88,2272.98,80.91,83.1,1.71,48.73,0
WELL-05,2026-08-05T06:00,435.66,511.62,1174.36,40.06,2312.12,80.8,84.3,1.95,49.23,0
WELL-05,2026-08-05T07:00,453.1,543.72,1199.99,36.42,2369.03,78.68,78.8,1.89,48.67,0
WELL-05,2026-08-05T08:00,477.78,611.6,1280.08,39.6,2269.0,81.08,73.5,1.7,46.27,0
WELL-05,2026-08-05T09:00,426.96,549.97,1288.1,36.03,2420.15,79.44,82.1,1.81,50.33,0
WELL-05,2026-08-05T10:00,469.67,589.07,1254.22,35.95,2340.57,78.26,79.0,1.87,46.28,0
WELL-05,2026-08-05T11:00,424.74,520.37,1225.15,38.36,2387.87,80.96,80.2,1.92,49.11,0
WELL-05,2026-08-05T12:00,447.66,551.51,1231.97,35.09,2304.75,80.07,75.1,1.78,46.88,0
WELL-05,2026-08-05T13:00,463.58,606.01,1307.25,39.51,2327.87,80.43,85.1,1.92,45.83,0
WELL-05,2026-08-05T14:00,438.09,559.34,1276.78,39.2,2405.32,79.27,81.8,1.77,50.7,0
WELL-05,2026-08-05T15:00,459.02,543.2,1183.41,37.77,2429.33,82.84,79.1,1.69,46.03,0
WELL-05,2026-08-05T16:00,422.81,546.37,1292.24,38.25,2353.68,79.36,80.4,1.91,46.08,0
WELL-05,2026-08-05T17:00,423.05,509.83,1205.12,34.81,2424.47,79.14,85.4,1.86,45.82,0
WELL-05,2026-08-05T18:00,465.23,591.18,1270.73,38.61,2386.91,78.58,76.3,1.79,50.42,0
WELL-05,2026-08-05T19:00,475.03,622.73,1310.91,35.45,2358.96,79.72,83.5,1.87,49.13,0
WELL-05,2026-08-05T20:00,460.35,545.5,1184.97,39.82,2288.89,80.84,85.8,1.97,49.64,0
WELL-05,2026-08-05T21:00,488.19,607.85,1245.11,36.75,2403.14,78.51,83.6,1.83,51.53,0
WELL-05,2026-08-05T22:00,441.66,532.38,1205.39,40.64,2403.55,81.13,73.9,2.0,50.86,0
WELL-05,2026-08-05T23:00,429.51,553.26,1288.12,34.81,2424.38,79.94,85.2,1.71,49.38,0
WELL-05,2026-08-06T00:00,483.93,584.62,1208.05,38.59,2298.64,82.37,73.4,2.0,49.68,0
WELL-05,2026-08-06T01:00,466.6,570.45,1222.57,37.52,2340.83,82.03,74.9,1.91,46.8,0
WELL-05,2026-08-06T02:00,495.97,597.46,1204.63,39.64,2357.61,79.97,83.0,1.98,50.64,0
WELL-05,2026-08-06T03:00,421.76,554.61,1314.98,41.19,2395.37,81.03,80.0,1.98,50.41,0
WELL-05,2026-08-06T04:00,435.62,515.87,1184.22,35.56,2275.6,78.84,76.8,2.07,47.93,0
WELL-05,2026-08-06T05:00,473.84,585.26,1235.13,41.05,2435.0,81.6,84.6,1.89,47.68,0
WELL-05,2026-08-06T06:00,420.43,501.93,1193.87,40.26,2399.25,82.5,76.6,2.01,49.58,0
WELL-05,2026-08-06T07:00,480.15,590.31,1229.42,40.99,2381.5,79.73,81.1,1.98,50.57,0
WELL-05,2026-08-06T08:00,450.37,537.34,1193.11,39.53,2378.95,78.65,76.4,2.11,47.37,0
WELL-05,2026-08-06T09:00,439.85,548.77,1247.64,39.67,2282.51,81.87,81.4,2.0,47.62,0
WELL-05,2026-08-06T10:00,484.19,588.67,1215.79,38.84,2365.34,82.41,75.3,1.75,47.18,0
WELL-05,2026-08-06T11:00,468.27,556.19,1187.76,39.17,2417.98,79.05,83.7,1.75,50.99,0
WELL-05,2026-08-06T12:00,483.65,581.05,1201.37,36.95,2373.08,80.62,74.6,1.8,49.18,0
WELL-05,2026-08-06T13:00,457.55,560.05,1224.02,35.17,2356.53,79.04,80.8,1.7,50.81,0
WELL-05,2026-08-06T14:00,482.05,616.32,1278.55,38.66,2313.26,79.16,78.1,1.92,49.63,0
WELL-05,2026-08-06T15:00,472.4,592.2,1253.58,37.52,2333.13,80.13,85.2,2.1,48.53,0
WELL-05,2026-08-06T16:00,432.13,569.17,1317.13,39.81,2271.55,78.31,76.6,1.88,49.61,0
WELL-05,2026-08-06T17:00,461.44,579.22,1255.24,36.95,2344.71,81.5,85.2,1.86,49.91,0
WELL-05,2026-08-06T18:00,443.05,522.76,1179.91,40.04,2336.02,80.37,74.4,1.71,49.24,0
WELL-05,2026-08-06T19:00,446.4,540.19,1210.1,36.29,2364.22,82.49,78.8,2.1,51.57,0
WELL-05,2026-08-06T20:00,420.53,521.97,1241.22,38.24,2392.4,82.77,73.8,2.03,49.31,0
WELL-05,2026-08-06T21:00,479.59,592.18,1234.75,34.79,2375.36,80.15,85.8,1.69,47.86,0
WELL-05,2026-08-06T22:00,423.22,497.85,1176.35,40.4,2286.87,81.85,83.6,2.08,47.94,0
WELL-05,2026-08-06T23:00,487.81,578.88,1186.68,39.58,2376.52,80.03,80.5,2.09,46.38,0
WELL-05,2026-08-07T00:00,467.44,562.34,1203.0,35.57,2257.05,79.8,78.3,1.8,50.02,0
WELL-05,2026-08-07T01:00,476.48,618.65,1298.38,38.51,2339.11,81.13,85.3,1.78,46.38,0
WELL-05,2026-08-07T02:00,451.89,553.05,1223.86,38.62,2259.6,80.33,83.6,1.92,45.88,0
WELL-05,2026-08-07T03:00,469.26,597.33,1272.91,40.88,2368.45,79.33,77.0,1.97,49.5,0
WELL-05,2026-08-07T04:00,429.03,560.39,1306.18,41.04,2441.6,81.14,83.3,1.68,49.04,0
WELL-05,2026-08-07T05:00,475.03,589.45,1240.86,40.32,2324.85,82.79,81.6,1.84,50.73,0
WELL-05,2026-08-07T06:00,485.76,631.1,1299.2,41.26,2365.4,82.1,78.7,1.79,49.51,0
WELL-05,2026-08-07T07:00,470.47,606.66,1289.48,35.07,2368.38,78.5,75.4,1.72,50.79,0
WELL-05,2026-08-07T08:00,422.23,519.31,1229.92,40.17,2441.72,81.07,78.9,2.08,48.53,0
WELL-05,2026-08-07T09:00,434.62,533.72,1228.02,38.7,2332.55,81.81,78.9,1.88,50.53,0
WELL-05,2026-08-07T10:00,487.48,592.69,1215.82,37.14,2374.45,81.35,84.7,1.93,48.74,0
WELL-05,2026-08-07T11:00,479.68,575.6,1199.97,35.94,2344.45,80.9,76.5,1.95,49.02,0
WELL-05,2026-08-07T12:00,444.72,557.53,1253.66,39.79,2357.58,80.04,85.2,1.98,48.18,0
WELL-05,2026-08-07T13:00,495.69,597.02,1204.43,35.64,2359.58,81.55,78.1,2.03,49.0,0
WELL-05,2026-08-07T14:00,427.64,521.5,1219.47,41.41,2291.31,79.54,86.0,1.81,49.01,0
WELL-05,2026-08-07T15:00,422.0,553.92,1312.61,39.59,2307.55,79.9,76.8,2.04,46.37,0
WELL-05,2026-08-07T16:00,475.31,609.26,1281.81,38.47,2318.92,80.83,84.1,1.7,49.67,0
WELL-05,2026-08-07T17:00,456.41,587.52,1287.26,35.08,2352.92,82.78,76.1,2.03,50.76,0
WELL-05,2026-08-07T18:00,494.49,597.2,1207.71,39.6,2263.42,82.03,79.1,2.06,49.66,0
WELL-05,2026-08-07T19:00,474.44,586.94,1237.11,39.63,2412.88,79.56,80.6,1.9,46.06,0
WELL-05,2026-08-07T20:00,451.74,589.14,1304.14,38.46,2269.6,81.32,85.7,1.88,48.25,0
WELL-05,2026-08-07T21:00,436.64,555.39,1271.98,35.44,2393.17,78.6,76.8,1.95,49.2,0
WELL-05,2026-08-07T22:00,421.89,545.4,1292.75,37.04,2320.83,78.48,76.5,1.82,50.23,0
WELL-05,2026-08-07T23:00,481.45,602.94,1252.36,36.07,2388.41,81.24,75.1,1.82,46.02,0
WELL-05,2026-08-08T00:00,443.34,557.37,1257.21,37.89,2405.97,81.74,75.9,1.99,47.46,0
WELL-05,2026-08-08T01:00,456.01,538.53,1180.97,37.27,2387.43,82.6,76.7,1.95,49.95,0
WELL-05,2026-08-08T02:00,485.85,625.06,1286.51,36.28,2363.47,78.18,83.8,2.08,49.17,0
WELL-05,2026-08-08T03:00,426.78,526.01,1232.52,37.84,2312.06,81.5,82.3,1.72,47.17,0
WELL-05,2026-08-08T04:00,450.68,570.52,1265.9,40.89,2433.27,78.29,76.2,2.11,49.23,0
WELL-05,2026-08-08T05:00,485.09,571.13,1177.37,37.97,2290.94,78.18,77.9,1.88,46.55,0
WELL-05,2026-08-08T06:00,443.16,548.8,1238.39,38.62,2431.26,79.09,81.3,1.96,50.24,0
WELL-05,2026-08-08T07:00,445.88,576.27,1292.42,40.28,2360.18,82.78,74.4,2.0,46.01,0
WELL-05,2026-08-08T08:00,487.13,598.57,1228.76,35.61,2357.08,80.81,76.1,2.09,49.51,0
WELL-05,2026-08-08T09:00,421.94,498.48,1181.39,35.29,2328.28,81.32,84.1,1.78,47.99,0
WELL-05,2026-08-08T10:00,463.34,579.74,1251.21,37.05,2401.46,79.67,78.4,1.93,48.02,0
WELL-05,2026-08-08T11:00,423.0,531.45,1256.37,39.44,2379.75,81.98,78.0,1.75,49.72,0
WELL-05,2026-08-08T12:00,463.56,607.26,1310.01,38.82,2403.46,81.6,75.1,1.87,45.81,0
WELL-05,2026-08-08T13:00,426.81,520.95,1220.57,39.18,2356.06,81.1,74.5,2.11,48.62,0
WELL-05,2026-08-08T14:00,482.97,583.05,1207.22,39.61,2405.85,78.19,84.5,2.01,48.19,0
WELL-05,2026-08-08T15:00,441.85,576.52,1304.77,37.77,2270.14,79.34,77.3,1.74,49.97,0
WELL-05,2026-08-08T16:00,429.29,535.99,1248.54,40.2,2277.77,80.43,84.2,1.94,49.07,0
WELL-05,2026-08-08T17:00,443.3,564.18,1272.69,41.05,2364.16,81.97,76.8,2.07,49.44,0
WELL-05,2026-08-08T18:00,467.46,583.61,1248.46,39.31,2373.8,80.41,82.2,1.74,46.29,0
WELL-05,2026-08-08T19:00,451.48,560.88,1242.32,40.75,2266.08,79.47,82.2,1.97,48.91,0
WELL-05,2026-08-08T20:00,453.69,567.98,1251.9,35.65,2268.57,81.33,75.1,1.88,50.17,0
WELL-05,2026-08-08T21:00,429.14,549.67,1280.87,41.03,2354.22,79.36,84.9,1.75,47.29,0
WELL-05,2026-08-08T22:00,441.28,569.34,1290.21,39.09,2386.11,78.32,74.2,1.93,50.47,0
WELL-05,2026-08-08T23:00,466.31,573.97,1230.89,40.12,2256.11,78.92,83.6,1.9,46.29,0
WELL-05,2026-08-09T00:00,494.06,599.41,1213.25,36.78,2259.71,79.14,74.2,1.69,46.31,0
WELL-05,2026-08-09T01:00,495.85,599.48,1209.0,37.17,2342.2,81.89,82.0,1.72,45.79,0
WELL-05,2026-08-09T02:00,422.82,529.62,1252.6,34.93,2282.17,81.19,85.1,1.86,47.89,0
WELL-05,2026-08-09T03:00,479.05,579.43,1209.52,34.68,2308.69,82.67,74.3,1.81,50.88,0
WELL-05,2026-08-09T04:00,431.3,527.47,1222.98,38.98,2365.79,78.49,85.4,1.99,47.0,0
WELL-05,2026-08-09T05:00,426.83,529.98,1241.68,40.26,2318.93,80.18,82.2,1.97,48.38,0
WELL-05,2026-08-09T06:00,494.18,634.32,1283.59,40.96,2417.51,78.75,76.7,2.1,51.36,0
WELL-05,2026-08-09T07:00,445.63,522.31,1172.06,41.22,2343.12,78.77,84.2,1.67,47.6,0
WELL-05,2026-08-09T08:00,481.6,577.07,1198.24,37.36,2371.07,82.25,76.5,1.91,48.43,0
WELL-05,2026-08-09T09:00,462.95,566.33,1223.31,40.77,2430.42,78.83,84.1,1.74,46.73,0
WELL-05,2026-08-09T10:00,438.41,531.5,1212.32,39.46,2356.37,80.36,77.9,2.08,47.46,0
WELL-05,2026-08-09T11:00,445.04,573.7,1289.1,41.3,2257.79,82.59,78.1,2.01,46.11,0
WELL-05,2026-08-09T12:00,436.52,570.39,1306.67,38.69,2322.88,82.86,83.1,2.02,47.69,0
WELL-05,2026-08-09T13:00,465.34,557.23,1197.48,40.16,2257.03,79.09,85.4,1.7,48.26,0
WELL-05,2026-08-09T14:00,426.49,529.94,1242.55,38.11,2400.18,78.65,78.7,1.83,49.2,0
WELL-05,2026-08-09T15:00,441.57,565.88,1281.51,35.29,2392.86,80.48,81.6,2.07,47.41,0
WELL-05,2026-08-09T16:00,422.32,505.95,1198.01,36.56,2375.38,82.18,74.5,2.04,51.39,0
WELL-05,2026-08-09T17:00,477.89,620.61,1298.64,37.28,2351.43,78.85,79.3,2.09,48.48,0
WELL-05,2026-08-09T18:00,457.69,547.75,1196.76,40.6,2324.11,82.59,76.8,1.72,48.35,0
WELL-05,2026-08-09T19:00,461.67,556.63,1205.69,36.17,2367.82,81.25,75.2,2.05,46.7,0
WELL-05,2026-08-09T20:00,445.31,529.71,1189.52,39.66,2338.62,79.05,75.6,1.79,50.09,0
WELL-05,2026-08-09T21:00,420.06,494.26,1176.66,36.88,2388.7,82.1,82.6,1.69,49.26,0
WELL-05,2026-08-09T22:00,432.62,556.62,1286.6,37.7,2371.78,80.49,84.2,1.82,47.8,0
WELL-05,2026-08-09T23:00,470.66,571.75,1214.8,35.52,2290.95,78.95,79.1,1.81,48.57,0
WELL-05,2026-08-10T00:00,418.53,529.48,1265.09,40.47,2378.82,78.6,75.4,2.01,46.22,0
WELL-05,2026-08-10T01:00,441.93,552.88,1251.04,35.23,2256.97,82.35,79.0,1.74,47.76,0
WELL-05,2026-08-10T02:00,428.78,527.37,1229.94,36.79,2363.86,81.99,84.8,1.75,48.68,0
WELL-05,2026-08-10T03:00,438.19,521.07,1189.13,40.96,2258.43,78.22,77.6,2.11,45.95,0
WELL-05,2026-08-10T04:00,446.3,526.57,1179.86,39.44,2299.72,79.36,77.2,1.75,48.83,0
WELL-05,2026-08-10T05:00,490.41,637.98,1300.9,38.13,2263.72,78.24,75.3,1.84,49.29,0
WELL-05,2026-08-10T06:00,470.58,581.37,1235.44,41.44,2369.04,81.25,76.6,1.68,49.64,0
WELL-05,2026-08-10T07:00,480.5,603.26,1255.49,40.73,2355.64,81.11,86.0,1.75,47.43,0
WELL-05,2026-08-10T08:00,451.15,575.39,1275.38,40.37,2351.97,78.43,80.4,1.78,46.49,0
WELL-05,2026-08-10T09:00,436.42,517.26,1185.24,38.84,2357.85,80.86,75.7,1.92,47.64,0
WELL-05,2026-08-10T10:00,438.12,538.16,1228.33,37.08,2369.68,82.61,81.8,1.8,50.77,0
WELL-05,2026-08-10T11:00,473.14,571.33,1207.54,35.41,2307.26,80.27,76.1,1.93,45.97,0
WELL-05,2026-08-10T12:00,418.71,517.99,1237.11,39.06,2356.75,80.6,73.4,2.09,51.28,0
WELL-05,2026-08-10T13:00,495.06,620.68,1253.76,36.64,2422.55,78.72,84.6,1.96,49.67,0
WELL-05,2026-08-10T14:00,479.39,564.97,1178.54,36.46,2334.76,81.66,80.9,1.99,46.07,0
WELL-05,2026-08-10T15:00,420.9,515.78,1225.43,35.72,2417.94,80.76,82.9,1.87,48.45,0
WELL-05,2026-08-10T16:00,423.4,524.06,1237.74,34.71,2381.35,82.89,73.3,1.99,48.05,0
WELL-05,2026-08-10T17:00,482.32,626.06,1298.01,38.54,2393.71,79.63,74.3,1.85,48.69,0
WELL-05,2026-08-10T18:00,484.14,587.43,1213.35,35.74,2418.38,80.26,83.1,2.06,49.49,0
WELL-05,2026-08-10T19:00,418.99,533.31,1272.85,41.3,2376.88,80.45,77.0,1.69,51.1,0
WELL-05,2026-08-10T20:00,446.77,526.12,1177.6,40.08,2436.12,81.65,79.1,2.03,45.96,0
WELL-05,2026-08-10T21:00,420.44,519.2,1234.91,35.36,2356.06,80.56,75.9,2.07,46.0,0
WELL-05,2026-08-10T22:00,446.25,578.39,1296.11,36.29,2427.2,82.53,85.2,2.06,48.64,0
WELL-05,2026-08-10T23:00,458.24,598.45,1305.98,37.17,2410.53,80.85,82.2,2.11,50.78,0
WELL-05,2026-08-11T00:00,452.96,534.69,1180.45,35.04,2279.28,78.22,78.4,2.06,49.57,0
WELL-05,2026-08-11T01:00,491.96,648.0,1317.18,36.05,2285.09,82.34,79.9,1.72,46.16,0
WELL-05,2026-08-11T02:00,489.82,612.18,1249.8,40.41,2257.53,80.04,75.1,1.81,51.02,0
WELL-05,2026-08-11T03:00,469.65,566.82,1206.9,40.55,2420.76,82.91,79.6,1.88,47.59,0
WELL-05,2026-08-11T04:00,482.19,569.12,1180.28,38.12,2419.27,81.21,73.7,1.79,47.22,0
WELL-05,2026-08-11T05:00,427.03,555.45,1300.75,40.15,2406.12,82.54,80.4,2.01,46.52,0
WELL-05,2026-08-11T06:00,484.03,637.72,1317.52,39.34,2373.58,82.0,76.3,1.99,50.93,0
WELL-05,2026-08-11T07:00,441.81,547.05,1238.2,36.07,2312.0,82.09,79.3,1.77,47.5,0
WELL-05,2026-08-11T08:00,475.96,600.76,1262.21,35.24,2358.87,82.34,75.2,1.82,50.1,0
WELL-05,2026-08-11T09:00,432.95,530.38,1225.05,35.16,2309.31,80.14,76.8,2.01,50.73,0
WELL-05,2026-08-11T10:00,483.9,571.82,1181.7,41.35,2354.42,80.0,83.9,2.02,46.86,0
WELL-05,2026-08-11T11:00,415.58,494.07,1188.85,36.36,2377.05,78.89,84.1,1.7,51.09,0
WELL-05,2026-08-11T12:00,491.52,640.69,1303.49,39.14,2262.9,78.64,80.4,1.81,49.17,0
WELL-05,2026-08-11T13:00,486.07,600.32,1235.06,35.13,2362.45,78.73,82.6,1.75,49.15,0
WELL-05,2026-08-11T14:00,442.52,556.88,1258.42,40.75,2380.23,78.67,76.4,1.89,46.21,0
WELL-05,2026-08-11T15:00,484.79,577.5,1191.25,37.52,2417.56,80.55,75.4,2.09,48.42,0
WELL-05,2026-08-11T16:00,431.05,548.45,1272.36,35.58,2285.36,79.09,74.3,1.78,45.93,0
WELL-05,2026-08-11T17:00,488.12,624.56,1279.52,39.15,2365.57,78.5,77.6,2.01,47.57,0
WELL-05,2026-08-11T18:00,464.07,554.67,1195.23,34.77,2443.04,79.35,85.5,1.87,48.47,0
WELL-05,2026-08-11T19:00,478.06,611.04,1278.16,36.76,2311.08,79.2,84.0,2.05,51.41,0
WELL-05,2026-08-11T20:00,424.83,501.84,1181.28,39.48,2294.27,80.44,77.1,1.89,48.96,0
WELL-05,2026-08-11T21:00,470.32,595.81,1266.8,37.85,2290.48,78.68,83.1,2.04,49.0,0
WELL-05,2026-08-11T22:00,448.37,565.1,1260.35,39.1,2305.14,78.98,82.3,1.93,51.19,0
WELL-05,2026-08-11T23:00,454.45,554.5,1220.16,37.46,2345.35,79.08,82.8,1.83,46.21,0
WELL-05,2026-08-12T00:00,456.59,559.67,1225.76,41.1,2404.41,81.01,74.4,1.67,50.28,0
WELL-05,2026-08-12T01:00,459.3,584.85,1273.36,35.27,2343.29,78.69,85.4,1.72,46.29,0
WELL-05,2026-08-12T02:00,451.22,538.14,1192.62,41.15,2354.79,78.62,73.8,1.85,49.85,0
WELL-05,2026-08-12T03:00,446.28,565.6,1267.36,40.5,2295.83,78.8,74.7,2.1,50.84,0
WELL-05,2026-08-12T04:00,476.41,576.21,1209.5,37.47,2410.65,79.95,85.1,1.99,46.64,0
WELL-05,2026-08-12T05:00,462.14,560.35,1212.49,36.54,2431.24,78.91,76.0,1.96,46.06,0
WELL-05,2026-08-12T06:00,481.67,576.62,1197.12,35.81,2378.96,80.64,77.5,1.76,45.77,0
WELL-05,2026-08-12T07:00,469.48,618.67,1317.77,38.88,2299.1,81.84,75.2,1.68,46.56,0
WELL-05,2026-08-12T08:00,481.25,587.6,1220.98,40.18,2283.99,81.24,77.7,1.77,51.39,0
WELL-05,2026-08-12T09:00,491.37,620.74,1263.27,40.62,2442.12,82.52,85.4,1.98,47.37,0
WELL-05,2026-08-12T10:00,480.97,599.63,1246.72,40.01,2347.99,78.91,79.4,2.02,47.2,0
WELL-05,2026-08-12T11:00,438.39,512.96,1170.09,41.46,2321.03,80.42,84.3,1.83,50.81,0
WELL-05,2026-08-12T12:00,493.89,599.56,1213.96,35.64,2427.76,78.22,82.8,1.83,48.29,0
WELL-05,2026-08-12T13:00,495.13,611.5,1235.04,36.44,2415.96,81.72,79.8,1.8,46.52,0
WELL-05,2026-08-12T14:00,486.18,576.67,1186.12,39.24,2271.06,78.29,73.9,1.95,50.37,0
WELL-05,2026-08-12T15:00,478.03,615.41,1287.39,38.26,2264.7,78.11,85.4,2.02,47.99,0
WELL-05,2026-08-12T16:00,490.38,614.52,1253.16,40.59,2370.71,78.25,83.2,1.95,49.91,0
WELL-05,2026-08-12T17:00,496.62,595.11,1198.31,35.15,2305.15,81.74,78.3,1.85,48.32,0
WELL-05,2026-08-12T18:00,492.78,619.3,1256.75,40.11,2266.21,78.95,75.5,1.95,49.2,0
WELL-05,2026-08-12T19:00,430.48,562.89,1307.6,40.93,2359.53,80.23,81.4,1.84,49.14,0
WELL-05,2026-08-12T20:00,489.57,622.06,1270.62,36.06,2415.27,79.78,73.5,2.07,46.1,0
WELL-05,2026-08-12T21:00,428.61,543.09,1267.1,34.69,2362.66,81.04,73.3,1.73,50.63,0
WELL-05,2026-08-12T22:00,475.26,617.12,1298.49,40.56,2340.61,82.82,75.5,2.03,47.84,0
WELL-05,2026-08-12T23:00,488.18,603.53,1236.28,35.48,2300.13,81.79,78.9,1.97,47.61,0
WELL-05,2026-08-13T00:00,449.79,557.27,1238.94,38.26,2298.38,82.48,84.4,2.05,50.47,0
WELL-05,2026-08-13T01:00,440.02,572.68,1301.48,36.7,2339.13,80.85,75.7,1.95,46.15,0
WELL-05,2026-08-13T02:00,420.19,543.25,1292.87,37.19,2412.82,82.2,74.2,1.72,50.13,0
WELL-05,2026-08-13T03:00,439.12,575.54,1310.67,35.21,2346.4,79.88,82.0,1.87,48.66,0
WELL-05,2026-08-13T04:00,421.47,525.84,1247.64,35.61,2405.84,78.23,74.3,1.81,49.92,0
WELL-05,2026-08-13T05:00,431.87,533.58,1235.5,36.27,2266.06,80.89,76.8,1.91,50.23,0
WELL-05,2026-08-13T06:00,487.51,583.03,1195.93,35.65,2274.14,81.13,78.7,2.09,46.77,0
WELL-05,2026-08-13T07:00,459.77,568.41,1236.3,39.17,2296.98,81.94,74.6,1.93,49.5,0
WELL-05,2026-08-13T08:00,487.85,636.89,1305.52,37.26,2357.15,78.52,77.2,1.95,48.39,0
WELL-05,2026-08-13T09:00,477.9,603.89,1263.65,38.75,2364.1,81.7,74.8,1.81,45.82,0
WELL-05,2026-08-13T10:00,466.98,608.19,1302.38,41.35,2320.79,82.63,81.9,1.72,46.0,0
WELL-05,2026-08-13T11:00,472.71,575.56,1217.57,38.85,2272.41,82.13,73.8,1.72,48.87,0
WELL-05,2026-08-13T12:00,483.08,620.9,1285.29,37.01,2427.94,78.35,84.3,1.84,49.15,0
WELL-05,2026-08-13T13:00,491.14,640.89,1304.9,35.07,2324.41,82.05,75.7,2.0,48.79,0
WELL-05,2026-08-13T14:00,453.9,563.17,1240.74,37.21,2411.96,80.46,81.4,2.1,46.85,0
WELL-05,2026-08-13T15:00,452.98,564.79,1246.83,37.61,2290.45,78.34,74.3,1.79,50.64,0
WELL-05,2026-08-13T16:00,450.39,584.29,1297.29,35.58,2295.47,81.34,78.1,1.7,47.69,0
WELL-05,2026-08-13T17:00,439.18,519.2,1182.22,34.9,2299.28,82.29,76.2,2.01,48.68,0
WELL-05,2026-08-13T18:00,439.9,528.8,1202.1,37.59,2386.44,80.25,83.3,2.08,49.89,0
WELL-05,2026-08-13T19:00,453.49,567.2,1250.73,36.68,2412.07,78.59,79.6,2.03,51.52,0
WELL-05,2026-08-13T20:00,424.3,498.7,1175.35,35.54,2404.95,82.09,79.6,1.85,48.59,0
WELL-05,2026-08-13T21:00,428.62,558.92,1304.0,40.08,2269.57,81.03,78.2,2.03,49.59,0
WELL-05,2026-08-13T22:00,421.4,514.68,1221.37,36.7,2395.66,78.28,73.8,2.0,49.03,0
WELL-05,2026-08-13T23:00,429.55,517.99,1205.91,41.13,2326.06,79.26,85.3,1.97,51.37,0
WELL-05,2026-08-14T00:00,488.2,611.86,1253.29,40.98,2257.79,82.17,78.8,1.71,46.66,0
WELL-05,2026-08-14T01:00,475.93,570.01,1197.67,35.95,2296.1,80.54,84.2,2.11,47.42,0
WELL-05,2026-08-14T02:00,475.54,626.45,1317.34,36.18,2350.82,82.8,79.2,1.83,50.36,0
WELL-05,2026-08-14T03:00,454.99,591.16,1299.29,35.39,2327.07,79.28,81.7,2.02,50.9,0
WELL-05,2026-08-14T04:00,426.35,522.66,1225.87,40.5,2308.78,79.35,78.1,2.03,50.59,0
WELL-05,2026-08-14T05:00,483.76,613.36,1267.91,39.81,2353.9,82.14,77.8,2.02,47.14,0
WELL-05,2026-08-14T06:00,488.91,624.66,1277.67,41.16,2321.93,82.18,83.0,2.01,47.5,0
WELL-05,2026-08-14T07:00,469.62,603.54,1285.16,38.99,2374.06,80.34,79.9,1.86,46.44,0
WELL-05,2026-08-14T08:00,471.71,553.29,1172.93,37.1,2397.68,82.8,74.3,1.95,50.01,0
WELL-05,2026-08-14T09:00,435.03,529.4,1216.94,35.62,2281.06,81.82,75.6,2.03,50.66,0
WELL-05,2026-08-14T10:00,429.86,527.81,1227.86,41.43,2396.14,81.51,78.6,2.05,50.57,0
WELL-05,2026-08-14T11:00,418.51,538.62,1286.98,35.65,2313.44,82.59,79.9,1.82,49.78,0
WELL-05,2026-08-14T12:00,429.24,563.02,1311.67,37.64,2378.26,78.45,80.8,1.84,48.2,0
WELL-05,2026-08-14T13:00,476.9,627.49,1315.77,40.26,2285.21,82.81,74.1,1.8,51.53,0
WELL-05,2026-08-14T14:00,482.53,601.42,1246.4,41.22,2305.33,80.52,84.1,2.0,47.97,0
WELL-05,2026-08-14T15:00,483.27,584.28,1209.01,39.82,2260.87,81.68,78.6,2.04,50.32,0
WELL-05,2026-08-14T16:00,477.47,629.31,1318.03,39.34,2347.34,81.21,74.6,1.98,47.37,0
WELL-05,2026-08-14T17:00,463.12,546.07,1179.1,41.31,2335.44,78.11,76.3,1.71,48.57,0
WELL-05,2026-08-14T18:00,452.79,546.48,1206.91,41.38,2367.46,78.17,73.3,2.06,49.89,0
WELL-05,2026-08-14T19:00,470.51,570.37,1212.24,39.19,2381.11,80.97,78.9,2.06,46.07,0
WELL-05,2026-08-14T20:00,455.05,546.08,1200.04,39.57,2413.17,78.83,79.9,1.93,48.87,0
WELL-05,2026-08-14T21:00,488.44,600.47,1229.37,39.46,2260.35,79.76,79.4,1.72,46.47,0
WELL-05,2026-08-14T22:00,495.67,628.8,1268.6,35.35,2278.98,80.72,81.4,1.87,47.77,0
WELL-05,2026-08-14T23:00,447.58,579.69,1295.16,36.21,2405.38,80.67,80.7,1.77,46.96,0
WELL-05,2026-08-15T00:00,444.48,557.11,1253.38,35.54,2269.24,81.46,80.7,1.89,46.67,0
WELL-05,2026-08-15T01:00,465.26,562.68,1209.38,40.33,2440.17,81.16,75.9,2.08,47.95,0
WELL-05,2026-08-15T02:00,496.63,605.19,1218.6,40.42,2376.04,80.55,81.2,2.04,49.83,0
WELL-05,2026-08-15T03:00,422.85,496.98,1175.31,35.52,2398.62,80.86,74.4,1.71,47.74,0
WELL-05,2026-08-15T04:00,434.59,525.91,1210.13,40.73,2337.58,79.58,86.0,1.84,49.24,0
WELL-05,2026-08-15T05:00,444.12,537.31,1209.83,37.27,2317.79,81.51,79.0,1.82,50.28,0
WELL-05,2026-08-15T06:00,492.02,610.44,1240.68,35.26,2276.86,79.58,77.0,1.86,49.0,0
WELL-05,2026-08-15T07:00,463.31,542.18,1170.23,39.89,2279.67,81.14,82.6,1.81,48.19,0
WELL-05,2026-08-15T08:00,452.44,581.75,1285.81,37.47,2327.79,79.51,77.0,1.81,49.26,0
WELL-05,2026-08-15T09:00,450.63,588.54,1306.03,40.3,2416.59,78.69,78.8,1.85,47.47,0
WELL-05,2026-08-15T10:00,471.71,595.85,1263.17,37.64,2272.23,78.34,81.1,1.82,46.84,0
WELL-05,2026-08-15T11:00,440.61,517.82,1175.22,37.06,2351.25,81.02,79.3,1.84,50.05,0
WELL-05,2026-08-15T12:00,486.87,608.34,1249.49,40.42,2317.21,78.6,80.0,2.08,47.52,0
WELL-05,2026-08-15T13:00,495.39,600.25,1211.69,40.87,2435.0,78.79,84.7,1.82,49.67,0
WELL-05,2026-08-15T14:00,416.52,516.87,1240.92,34.83,2273.47,78.78,73.7,1.8,49.43,0
WELL-05,2026-08-15T15:00,492.65,590.56,1198.74,34.84,2414.45,78.23,73.8,1.96,49.0,0
WELL-05,2026-08-15T16:00,468.74,607.88,1296.83,40.98,2351.7,81.25,76.7,1.81,48.24,0
WELL-05,2026-08-15T17:00,449.63,558.39,1241.89,40.01,2427.8,80.47,76.0,1.74,51.34,0
WELL-05,2026-08-15T18:00,448.23,549.88,1226.77,35.18,2402.84,79.09,78.8,1.91,47.8,0
WELL-05,2026-08-15T19:00,465.9,563.56,1209.62,37.24,2424.29,78.47,74.1,1.69,46.63,0
WELL-05,2026-08-15T20:00,482.49,596.25,1235.8,38.43,2400.17,82.33,80.0,1.96,48.83,0
WELL-05,2026-08-15T21:00,450.08,551.4,1225.11,36.95,2260.71,79.43,74.7,2.07,51.33,0
WELL-05,2026-08-15T22:00,450.17,552.73,1227.83,36.51,2273.91,78.89,77.8,1.84,50.39,0
WELL-05,2026-08-15T23:00,417.5,531.34,1272.68,35.08,2313.34,79.92,75.1,1.68,46.86,0
WELL-05,2026-08-16T00:00,447.91,580.71,1296.51,41.08,2297.88,78.2,85.3,1.94,48.91,0
WELL-05,2026-08-16T01:00,477.62,586.5,1227.97,36.37,2364.7,81.06,84.5,1.86,50.9,0
WELL-05,2026-08-16T02:00,489.63,609.78,1245.38,40.52,2387.2,81.84,83.7,2.01,48.28,0
WELL-05,2026-08-16T03:00,469.81,593.82,1263.97,34.97,2438.9,79.4,84.0,1.69,45.95,0
WELL-05,2026-08-16T04:00,466.82,609.66,1305.97,36.14,2398.85,79.47,75.6,2.07,48.73,0
WELL-05,2026-08-16T05:00,483.4,628.5,1300.15,39.05,2337.85,82.33,81.8,1.9,47.2,0
WELL-05,2026-08-16T06:00,457.92,578.22,1262.69,34.86,2286.85,82.56,77.4,1.77,49.6,0
WELL-05,2026-08-16T07:00,492.77,588.97,1195.22,39.42,2378.66,78.36,78.5,1.96,47.07,0
WELL-05,2026-08-16T08:00,465.15,553.61,1190.17,40.97,2373.79,79.41,85.3,1.89,46.02,0
WELL-05,2026-08-16T09:00,465.18,572.11,1229.87,39.85,2385.15,82.44,78.7,1.7,47.63,0
WELL-05,2026-08-16T10:00,483.07,601.45,1245.06,38.35,2262.1,79.01,84.1,1.94,51.51,0
WELL-05,2026-08-16T11:00,465.66,592.53,1272.44,37.22,2302.61,81.64,85.5,1.8,47.49,0
WELL-05,2026-08-16T12:00,422.07,502.94,1191.6,38.32,2264.93,80.82,74.6,1.99,50.99,0
WELL-05,2026-08-16T13:00,486.27,582.22,1197.33,38.21,2428.3,80.04,85.0,1.95,46.41,0
WELL-05,2026-08-16T14:00,496.48,602.88,1214.32,35.53,2286.84,78.24,79.7,1.78,46.49,0
WELL-05,2026-08-16T15:00,438.79,569.14,1297.06,38.69,2343.46,80.38,84.3,1.86,45.95,0
WELL-05,2026-08-16T16:00,470.9,609.91,1295.2,40.07,2318.62,80.39,82.5,1.84,49.56,0
WELL-05,2026-08-16T17:00,452.74,549.78,1214.34,41.04,2355.1,80.95,78.6,1.78,46.98,0
WELL-05,2026-08-16T18:00,478.96,609.16,1271.84,34.64,2420.11,82.1,85.9,1.91,46.11,0
WELL-05,2026-08-16T19:00,463.9,570.02,1228.74,40.11,2427.45,78.4,82.6,1.75,46.44,0
WELL-05,2026-08-16T20:00,462.57,607.6,1313.53,37.54,2260.17,79.04,85.0,1.79,50.91,0
WELL-05,2026-08-16T21:00,420.53,502.8,1195.62,37.46,2389.59,78.21,83.3,1.91,50.85,0
WELL-05,2026-08-16T22:00,430.1,536.06,1246.37,39.87,2380.15,79.84,81.9,2.08,51.39,0
WELL-05,2026-08-16T23:00,419.38,514.89,1227.75,37.09,2269.61,81.13,80.0,1.93,46.65,0
WELL-05,2026-08-17T00:00,440.86,570.27,1293.55,40.18,2268.69,82.02,84.6,1.74,49.66,0
WELL-05,2026-08-17T01:00,435.69,521.88,1197.82,37.79,2330.48,80.74,84.8,1.8,47.01,0
WELL-05,2026-08-17T02:00,451.84,541.57,1198.59,39.44,2361.01,81.48,81.1,1.95,47.11,0
WELL-05,2026-08-17T03:00,435.58,534.45,1226.99,35.45,2291.4,82.18,85.0,1.79,51.39,0
WELL-05,2026-08-17T04:00,430.36,553.45,1286.01,39.1,2356.55,80.13,84.0,2.01,47.45,0
WELL-05,2026-08-17T05:00,475.35,586.73,1234.31,37.47,2291.45,81.65,82.0,2.12,49.43,0
WELL-05,2026-08-17T06:00,432.06,559.04,1293.91,38.96,2393.23,80.77,84.5,2.12,47.38,0
WELL-05,2026-08-17T07:00,460.81,579.6,1257.77,40.66,2315.06,80.54,77.7,1.89,49.79,0
WELL-05,2026-08-17T08:00,467.13,602.2,1289.16,38.62,2436.81,80.92,74.2,1.69,48.33,0
WELL-05,2026-08-17T09:00,459.81,574.29,1248.96,38.4,2372.48,79.92,83.1,2.11,46.01,0
WELL-05,2026-08-17T10:00,425.41,519.73,1221.71,37.08,2342.68,79.63,77.9,1.89,51.19,0
WELL-05,2026-08-17T11:00,440.93,568.13,1288.49,40.29,2411.95,80.99,80.1,1.7,47.14,0
WELL-05,2026-08-17T12:00,463.43,568.5,1226.71,37.81,2259.01,82.32,84.9,1.74,51.46,0
WELL-05,2026-08-17T13:00,419.78,542.61,1292.62,38.01,2305.57,82.35,82.2,1.69,50.51,0
WELL-05,2026-08-17T14:00,440.8,578.28,1311.9,40.72,2358.04,80.49,73.7,2.12,51.14,0
WELL-05,2026-08-17T15:00,469.05,567.69,1210.31,39.35,2356.01,80.83,73.8,2.08,50.48,0
WELL-05,2026-08-17T16:00,449.27,543.15,1208.96,40.78,2297.32,81.79,84.8,1.69,47.12,0
WELL-05,2026-08-17T17:00,443.41,563.9,1271.73,37.42,2402.77,79.32,78.2,1.76,48.58,0
WELL-05,2026-08-17T18:00,490.23,578.72,1180.51,41.16,2384.43,78.32,82.9,1.99,49.77,0
WELL-05,2026-08-17T19:00,471.35,573.07,1215.82,36.21,2289.91,82.25,83.5,1.74,46.35,0
WELL-05,2026-08-17T20:00,472.94,609.6,1288.96,35.27,2378.99,81.67,79.7,2.04,46.51,0
WELL-05,2026-08-17T21:00,428.4,549.8,1283.37,38.94,2283.14,79.3,85.8,1.81,48.31,0
WELL-05,2026-08-17T22:00,415.84,506.95,1219.1,41.05,2294.07,78.19,79.2,1.84,46.96,0
WELL-05,2026-08-17T23:00,466.81,608.44,1303.4,41.23,2401.71,81.15,73.6,2.11,49.01,0
WELL-05,2026-08-18T00:00,479.55,582.96,1215.63,40.35,2338.91,78.91,79.8,2.01,50.01,0
WELL-05,2026-08-18T01:00,452.71,586.28,1295.05,37.57,2404.54,81.61,74.3,2.02,47.64,0
WELL-05,2026-08-18T02:00,439.95,530.74,1206.35,35.55,2345.57,82.47,84.0,1.67,45.81,0
WELL-05,2026-08-18T03:00,464.87,607.64,1307.11,40.66,2359.46,80.66,82.8,1.81,49.25,0
WELL-05,2026-08-18T04:00,423.42,496.68,1173.03,38.81,2424.27,80.49,83.9,1.68,45.77,0
WELL-05,2026-08-18T05:00,445.35,539.24,1210.83,40.8,2255.75,78.61,77.0,1.71,48.65,0
WELL-05,2026-08-18T06:00,490.0,633.45,1292.76,39.97,2274.1,79.55,76.2,1.93,48.79,0
WELL-05,2026-08-18T07:00,466.54,576.51,1235.71,39.72,2269.99,82.81,80.8,2.08,50.63,0
WELL-05,2026-08-18T08:00,443.62,534.88,1205.71,37.04,2428.09,82.41,80.9,1.73,46.23,0
WELL-05,2026-08-18T09:00,430.28,507.43,1179.3,41.18,2258.83,80.16,75.0,1.76,46.33,0
WELL-05,2026-08-18T10:00,415.43,522.87,1258.64,37.73,2410.33,80.65,75.1,1.95,47.72,0
WELL-05,2026-08-18T11:00,481.21,602.43,1251.91,34.9,2360.68,80.55,78.9,1.94,49.0,0
WELL-05,2026-08-18T12:00,422.7,529.0,1251.47,38.77,2422.37,81.31,79.8,1.72,46.99,0
WELL-05,2026-08-18T13:00,434.63,533.6,1227.7,40.27,2439.97,81.42,82.2,1.77,47.66,0
WELL-05,2026-08-18T14:00,446.1,533.66,1196.28,41.44,2360.35,80.45,77.2,2.01,46.48,0
WELL-05,2026-08-18T15:00,493.41,617.78,1252.06,34.71,2387.21,81.5,74.2,1.76,49.26,0
WELL-05,2026-08-18T16:00,445.48,553.44,1242.33,39.91,2296.57,80.48,83.2,2.03,46.89,0
WELL-05,2026-08-18T17:00,493.79,647.27,1310.82,38.62,2426.18,82.06,81.7,2.05,49.77,0
WELL-05,2026-08-18T18:00,447.34,539.24,1205.44,36.87,2289.3,82.69,76.2,1.95,46.0,0
WELL-05,2026-08-18T19:00,477.46,621.29,1301.25,36.7,2302.34,78.83,82.7,2.06,48.25,0
WELL-05,2026-08-18T20:00,429.76,540.04,1256.61,35.39,2287.45,80.35,76.7,1.73,50.5,0
WELL-05,2026-08-18T21:00,469.3,548.82,1169.44,39.19,2401.13,79.34,82.7,1.91,46.45,0
WELL-05,2026-08-18T22:00,432.07,506.08,1171.3,37.13,2398.76,80.87,77.7,1.94,47.79,0
WELL-05,2026-08-18T23:00,467.15,615.35,1317.22,39.27,2419.59,78.39,85.3,1.71,49.32,0
WELL-05,2026-08-19T00:00,457.07,565.09,1236.32,35.02,2295.27,82.42,77.7,1.97,51.15,0
WELL-05,2026-08-19T01:00,480.02,564.01,1174.96,41.01,2383.72,81.05,78.4,1.76,51.44,0
WELL-05,2026-08-19T02:00,487.49,641.99,1316.93,34.85,2319.92,82.02,77.4,2.03,49.82,0
WELL-05,2026-08-19T03:00,481.01,583.0,1212.04,34.88,2422.4,81.1,79.0,2.1,49.68,0
WELL-05,2026-08-19T04:00,443.96,565.99,1274.86,39.9,2296.43,79.34,83.4,1.82,48.47,0
WELL-05,2026-08-19T05:00,417.3,541.87,1298.5,35.44,2426.56,80.74,75.3,2.11,50.13,0
WELL-05,2026-08-19T06:00,424.97,555.48,1307.09,38.0,2421.28,80.33,82.8,2.05,48.83,0
WELL-05,2026-08-19T07:00,452.11,562.48,1244.13,37.65,2403.33,79.13,75.1,1.88,46.06,0
WELL-05,2026-08-19T08:00,463.73,601.46,1297.0,37.34,2291.81,78.33,77.9,1.9,51.32,0
WELL-05,2026-08-19T09:00,453.47,563.55,1242.75,38.75,2291.25,79.98,81.3,1.82,51.01,0
WELL-05,2026-08-19T10:00,461.2,547.48,1187.07,36.56,2266.21,80.28,78.6,1.85,49.22,0
WELL-05,2026-08-19T11:00,492.69,632.99,1284.76,35.95,2403.7,78.37,75.0,1.95,50.43,0
WELL-05,2026-08-19T12:00,478.9,578.65,1208.28,38.7,2288.36,82.5,85.2,2.06,50.34,0
WELL-05,2026-08-19T13:00,484.79,632.19,1304.05,38.04,2289.74,82.21,76.1,1.95,50.54,0
WELL-05,2026-08-19T14:00,496.23,634.23,1278.09,38.13,2261.02,81.65,79.0,1.76,50.8,0
WELL-05,2026-08-19T15:00,452.08,551.69,1220.34,36.16,2373.89,79.8,84.5,1.86,48.29,0
WELL-05,2026-08-19T16:00,472.71,622.07,1315.98,38.89,2301.91,80.71,81.8,2.0,50.67,0
WELL-05,2026-08-19T17:00,479.88,628.1,1308.87,39.48,2356.43,82.12,81.5,1.73,46.28,0
WELL-05,2026-08-19T18:00,422.66,544.15,1287.42,35.51,2337.79,80.27,84.7,1.82,50.03,0
WELL-05,2026-08-19T19:00,466.41,579.52,1242.51,40.67,2441.06,81.49,84.6,1.79,50.37,0
WELL-05,2026-08-19T20:00,463.72,574.23,1238.31,34.71,2423.77,80.28,82.4,1.83,47.85,0
WELL-05,2026-08-19T21:00,490.76,606.78,1236.42,37.45,2356.41,80.13,78.4,2.12,47.78,0
WELL-05,2026-08-19T22:00,430.41,547.58,1272.24,36.66,2271.0,82.44,77.0,1.96,51.27,0
WELL-05,2026-08-19T23:00,423.31,550.91,1301.43,36.82,2345.46,82.68,78.8,1.76,48.12,0
WELL-05,2026-08-20T00:00,444.8,585.2,1315.65,38.42,2349.49,82.46,73.8,1.69,47.47,0
WELL-05,2026-08-20T01:00,495.02,643.0,1298.94,37.78,2261.37,82.0,81.2,2.09,49.29,0
WELL-05,2026-08-20T02:00,482.78,626.27,1297.22,40.32,2304.69,80.08,80.3,1.98,47.35,0
WELL-05,2026-08-20T03:00,439.13,569.52,1296.91,38.11,2260.35,79.59,80.5,1.84,47.69,0
WELL-05,2026-08-20T04:00,456.38,579.49,1269.75,39.37,2357.38,79.75,85.4,1.82,49.54,0
WELL-05,2026-08-20T05:00,453.4,580.5,1280.33,37.04,2412.22,80.02,85.7,2.02,50.56,0
WELL-05,2026-08-20T06:00,445.13,552.72,1241.69,40.14,2310.39,81.41,76.9,1.75,47.31,0
WELL-05,2026-08-20T07:00,493.69,635.13,1286.49,38.18,2351.06,82.17,74.2,1.99,46.66,0
WELL-05,2026-08-20T08:00,469.63,562.8,1198.38,37.66,2420.41,80.25,79.1,1.95,46.38,0
WELL-05,2026-08-20T09:00,495.13,580.94,1173.3,38.18,2394.75,80.78,76.8,2.01,46.77,0
WELL-05,2026-08-20T10:00,464.63,563.87,1213.58,34.95,2360.17,80.22,85.2,1.83,48.1,0
WELL-05,2026-08-20T11:00,478.44,602.7,1259.73,38.85,2313.35,79.06,75.8,1.83,47.05,0
WELL-05,2026-08-20T12:00,466.03,544.99,1169.44,40.43,2398.5,82.89,79.7,1.93,48.12,0
WELL-05,2026-08-20T13:00,426.42,540.18,1266.78,37.06,2387.81,82.27,82.9,1.78,50.63,0
WELL-05,2026-08-20T14:00,487.16,586.44,1203.81,39.98,2256.76,80.09,77.1,1.98,49.85,0
WELL-05,2026-08-20T15:00,417.37,533.04,1277.14,38.87,2368.77,81.19,79.9,2.09,49.84,0
WELL-05,2026-08-20T16:00,421.99,512.15,1213.67,37.01,2379.03,78.09,78.3,1.89,47.38,0
WELL-05,2026-08-20T17:00,419.22,509.03,1214.23,37.08,2438.74,81.69,75.5,1.82,50.42,0
WELL-05,2026-08-20T18:00,474.91,612.1,1288.89,40.58,2349.52,79.47,83.3,1.92,49.1,0
WELL-05,2026-08-20T19:00,418.34,512.36,1224.74,40.68,2278.05,79.75,85.2,2.07,48.76,0
WELL-05,2026-08-20T20:00,439.04,570.38,1299.15,34.79,2315.78,80.41,80.3,2.0,51.42,0
WELL-05,2026-08-20T21:00,472.13,563.78,1194.12,40.9,2400.75,81.98,78.3,2.11,48.82,0
WELL-05,2026-08-20T22:00,447.12,548.12,1225.89,37.6,2311.62,78.14,78.1,1.82,49.52,0
WELL-05,2026-08-20T23:00,470.3,599.68,1275.09,37.81,2413.02,78.95,83.5,1.84,46.44,0
WELL-05,2026-08-21T00:00,485.22,639.34,1317.63,35.12,2339.38,82.78,78.5,1.78,49.69,0
WELL-05,2026-08-21T01:00,467.95,554.61,1185.19,39.46,2289.67,80.1,81.2,1.83,48.48,0
WELL-05,2026-08-21T02:00,423.81,529.52,1249.43,39.29,2259.57,80.67,81.6,2.02,46.31,0
WELL-05,2026-08-21T03:00,484.77,636.5,1312.99,35.26,2370.81,81.4,78.7,2.03,49.17,0
WELL-05,2026-08-21T04:00,453.61,585.83,1291.48,41.08,2410.68,82.69,73.8,1.79,49.17,0
WELL-05,2026-08-21T05:00,479.78,594.99,1240.13,41.23,2287.22,81.88,74.7,1.7,48.17,0
WELL-05,2026-08-21T06:00,435.92,565.29,1296.77,36.8,2339.74,80.17,85.3,1.85,50.89,0
WELL-05,2026-08-21T07:00,480.55,578.79,1204.42,38.94,2315.83,81.88,80.0,1.96,51.49,0
WELL-05,2026-08-21T08:00,420.69,549.52,1306.23,35.96,2429.15,78.5,74.8,1.73,47.22,0
WELL-05,2026-08-21T09:00,473.49,562.36,1187.68,39.54,2319.31,79.9,78.6,2.07,51.38,0
WELL-05,2026-08-21T10:00,445.37,566.87,1272.81,35.78,2330.12,78.7,81.7,1.69,50.91,0
WELL-05,2026-08-21T11:00,438.74,574.99,1310.55,40.8,2314.97,81.14,84.8,1.69,46.25,0
WELL-05,2026-08-21T12:00,440.02,537.48,1221.47,36.21,2369.32,80.34,77.9,1.87,48.09,0
WELL-05,2026-08-21T13:00,472.81,568.04,1201.4,40.72,2432.71,81.81,73.6,1.78,51.4,0
WELL-05,2026-08-21T14:00,476.11,595.6,1250.97,40.28,2332.1,80.69,81.3,1.83,48.49,0
WELL-05,2026-08-21T15:00,434.97,539.67,1240.72,41.25,2301.42,79.91,85.6,1.8,46.23,0
WELL-05,2026-08-21T16:00,424.9,549.38,1292.97,36.08,2357.32,81.59,85.2,1.91,48.55,0
WELL-05,2026-08-21T17:00,457.89,581.21,1269.33,41.14,2370.78,82.47,76.4,1.85,46.39,0
WELL-05,2026-08-21T18:00,479.06,574.61,1199.47,35.53,2336.16,82.78,77.1,1.92,49.73,0
WELL-05,2026-08-21T19:00,440.79,551.18,1250.42,37.91,2415.22,78.16,78.2,2.12,49.0,0
WELL-05,2026-08-21T20:00,443.22,578.73,1305.73,41.35,2287.71,78.45,82.5,1.68,46.38,0
WELL-05,2026-08-21T21:00,495.04,605.36,1222.85,35.72,2282.02,82.49,84.6,1.71,50.2,0
WELL-05,2026-08-21T22:00,423.59,500.8,1182.27,40.07,2381.95,82.6,80.1,2.1,46.53,0
WELL-05,2026-08-21T23:00,471.44,580.6,1231.52,35.32,2405.22,80.12,78.1,1.78,49.2,0
WELL-05,2026-08-22T00:00,476.92,609.04,1277.02,40.59,2266.79,79.97,79.6,2.03,48.15,0
WELL-05,2026-08-22T01:00,445.61,527.04,1182.74,40.5,2271.39,82.88,77.4,1.68,49.38,0
WELL-05,2026-08-22T02:00,417.74,543.09,1300.07,37.95,2268.71,79.45,78.4,1.94,46.27,0
WELL-05,2026-08-22T03:00,421.97,500.06,1185.07,37.52,2303.28,81.81,73.8,1.78,48.83,0
WELL-05,2026-08-22T04:00,483.17,573.49,1186.94,39.01,2324.0,80.6,85.2,1.76,45.78,0
WELL-05,2026-08-22T05:00,453.36,592.72,1307.4,37.47,2332.68,81.04,74.4,1.75,46.19,0
WELL-05,2026-08-22T06:00,415.42,511.19,1230.54,37.86,2356.35,81.38,77.9,1.71,49.43,0
WELL-05,2026-08-22T07:00,464.45,592.07,1274.8,37.01,2372.64,78.38,85.1,1.89,49.58,0
WELL-05,2026-08-22T08:00,465.65,583.89,1253.92,34.95,2359.32,79.34,74.5,1.68,45.8,0
WELL-05,2026-08-22T09:00,469.91,616.14,1311.18,38.07,2261.62,78.67,78.6,1.94,48.08,0
WELL-05,2026-08-22T10:00,421.13,535.55,1271.7,41.4,2391.88,81.07,76.0,2.09,46.96,0
WELL-05,2026-08-22T11:00,454.47,573.82,1262.63,35.71,2427.47,80.22,74.7,1.98,48.27,0
WELL-05,2026-08-22T12:00,477.1,626.27,1312.65,41.35,2437.15,79.47,76.0,1.98,46.71,0
WELL-05,2026-08-22T13:00,496.85,624.55,1257.02,34.97,2270.31,79.59,77.6,1.78,45.96,0
WELL-05,2026-08-22T14:00,488.15,625.75,1281.87,35.79,2349.52,81.13,76.3,2.02,50.08,0
WELL-05,2026-08-22T15:00,491.92,640.02,1301.05,37.34,2285.51,82.89,75.7,1.77,49.78,0
WELL-05,2026-08-22T16:00,496.06,594.49,1198.44,38.28,2392.36,82.12,85.7,2.03,49.34,0
WELL-05,2026-08-22T17:00,488.33,591.67,1211.61,38.87,2315.88,80.67,79.7,1.88,49.08,0
WELL-05,2026-08-22T18:00,451.34,543.14,1203.41,40.67,2388.37,80.65,80.5,2.08,46.32,0
WELL-05,2026-08-22T19:00,442.72,550.49,1243.43,37.97,2424.37,81.19,81.2,1.69,47.44,0
WELL-05,2026-08-22T20:00,485.65,605.08,1245.92,39.66,2419.04,78.66,79.7,1.67,46.98,0
WELL-05,2026-08-22T21:00,467.19,578.96,1239.22,40.78,2368.68,80.81,85.5,1.89,46.42,0
WELL-05,2026-08-22T22:00,456.08,583.06,1278.41,36.14,2370.17,81.94,85.4,1.72,49.17,0
WELL-05,2026-08-22T23:00,481.25,564.54,1173.08,34.98,2358.03,82.45,76.3,1.74,47.89,0
WELL-05,2026-08-23T00:00,456.25,579.71,1270.6,38.02,2358.58,78.53,85.3,1.88,49.83,0
WELL-05,2026-08-23T01:00,418.92,530.4,1266.11,41.14,2381.15,80.16,84.0,2.09,50.94,0
WELL-05,2026-08-23T02:00,434.97,563.66,1295.88,40.64,2259.27,81.74,81.9,1.73,47.01,0
WELL-05,2026-08-23T03:00,437.41,526.16,1202.89,36.19,2261.84,78.92,78.8,1.7,51.42,0
WELL-05,2026-08-23T04:00,425.82,539.21,1266.29,36.15,2317.43,78.29,79.3,2.02,51.26,0
WELL-05,2026-08-23T05:00,478.53,567.13,1185.15,38.79,2310.25,81.26,85.2,1.69,49.92,0
WELL-05,2026-08-23T06:00,423.23,512.85,1211.76,38.85,2283.12,79.29,78.3,1.86,46.68,0
WELL-05,2026-08-23T07:00,417.58,506.74,1213.52,41.2,2274.73,82.54,85.9,1.67,48.79,0
WELL-05,2026-08-23T08:00,448.33,582.83,1299.98,39.26,2400.06,82.03,82.1,1.86,50.51,0
WELL-05,2026-08-23T09:00,424.05,501.69,1183.08,35.95,2341.55,81.28,84.4,1.97,49.15,0
WELL-05,2026-08-23T10:00,436.65,528.05,1209.34,38.0,2281.44,81.64,77.0,1.93,51.25,0
WELL-05,2026-08-23T11:00,470.31,550.55,1170.62,38.37,2390.97,79.16,74.2,1.94,46.9,0
WELL-05,2026-08-23T12:00,422.03,545.33,1292.16,41.01,2330.96,80.04,75.8,1.74,49.55,0
WELL-05,2026-08-23T13:00,440.28,554.16,1258.68,39.09,2284.39,78.49,78.4,1.67,49.71,0
WELL-05,2026-08-23T14:00,481.48,634.02,1316.8,36.5,2366.74,79.8,73.4,2.09,47.15,0
WELL-05,2026-08-23T15:00,436.67,541.25,1239.49,41.08,2274.73,81.55,80.1,2.05,48.03,0
WELL-05,2026-08-23T16:00,488.67,599.51,1226.83,39.53,2365.88,80.03,78.3,1.71,50.05,0
WELL-05,2026-08-23T17:00,442.66,554.23,1252.05,41.37,2411.35,81.62,75.7,1.75,50.45,0
WELL-05,2026-08-23T18:00,492.27,635.93,1291.83,40.72,2379.22,80.26,79.1,2.01,50.43,0
WELL-05,2026-08-23T19:00,421.84,507.85,1203.9,36.63,2319.99,79.39,74.1,2.04,50.47,0
WELL-05,2026-08-23T20:00,493.85,650.96,1318.13,37.71,2316.68,80.42,78.9,1.79,50.0,0
WELL-05,2026-08-23T21:00,427.41,536.16,1254.45,36.48,2281.79,82.29,76.0,1.9,46.65,0
WELL-05,2026-08-23T22:00,450.96,532.62,1181.07,39.91,2291.37,81.53,75.7,2.04,49.91,0
WELL-05,2026-08-23T23:00,426.65,503.96,1181.21,38.73,2397.48,78.61,78.6,1.8,49.51,0
WELL-05,2026-08-24T00:00,424.21,553.55,1304.9,40.33,2442.95,78.63,73.8,1.92,49.88,0
WELL-05,2026-08-24T01:00,472.3,576.32,1220.23,40.02,2276.87,82.37,80.0,1.83,47.43,0
WELL-05,2026-08-24T02:00,466.03,596.83,1280.66,41.47,2421.02,79.01,82.6,1.87,47.26,0
WELL-05,2026-08-24T03:00,437.49,520.77,1190.35,34.95,2309.54,82.13,77.6,1.69,46.53,0
WELL-05,2026-08-24T04:00,462.27,589.28,1274.74,40.0,2372.83,78.57,80.7,2.11,48.19,0
WELL-05,2026-08-24T05:00,415.87,499.69,1201.56,38.52,2336.32,78.92,78.4,1.77,51.34,0
WELL-05,2026-08-24T06:00,486.33,594.71,1222.84,40.2,2420.54,80.64,81.8,2.09,46.52,0
WELL-05,2026-08-24T07:00,488.98,606.68,1240.69,41.16,2302.06,78.36,75.1,2.1,49.11,0
WELL-05,2026-08-24T08:00,471.17,620.24,1316.38,39.9,2355.17,80.77,83.4,2.01,50.19,0
WELL-05,2026-08-24T09:00,427.59,548.01,1281.61,40.35,2280.3,81.02,74.9,1.83,48.95,0
WELL-05,2026-08-24T10:00,479.87,629.5,1311.8,35.97,2296.62,82.25,75.3,1.95,50.88,0
WELL-05,2026-08-24T11:00,419.91,529.79,1261.69,39.68,2348.08,80.62,83.6,1.72,46.99,0
WELL-05,2026-08-24T12:00,437.53,524.75,1199.33,36.72,2397.91,79.84,78.2,1.78,49.64,0
WELL-05,2026-08-24T13:00,465.6,560.88,1204.64,37.76,2393.46,80.73,84.4,1.98,49.38,0
WELL-05,2026-08-24T14:00,451.7,557.22,1233.6,40.15,2416.34,78.58,75.3,1.7,46.48,0
WELL-05,2026-08-24T15:00,488.59,585.01,1197.36,39.26,2307.66,80.28,77.0,1.87,46.28,0
WELL-05,2026-08-24T16:00,424.21,557.48,1314.15,35.78,2442.78,78.27,75.0,2.03,46.84,0
WELL-05,2026-08-24T17:00,467.36,561.99,1202.48,35.87,2270.29,79.91,80.4,1.87,47.18,0
WELL-05,2026-08-24T18:00,422.55,515.54,1220.07,38.24,2319.38,80.3,74.8,1.69,51.16,0
WELL-05,2026-08-24T19:00,442.09,554.06,1253.27,36.92,2384.03,79.79,81.9,2.01,50.2,0
WELL-05,2026-08-24T20:00,449.28,585.36,1302.89,38.01,2364.98,78.83,79.9,1.86,49.62,0
WELL-05,2026-08-24T21:00,429.77,559.88,1302.75,36.79,2258.84,82.38,84.8,1.86,46.51,0
WELL-05,2026-08-24T22:00,488.66,634.95,1299.38,38.27,2347.88,81.24,76.2,2.05,46.97,0
WELL-05,2026-08-24T23:00,480.86,606.49,1261.26,36.61,2318.76,79.25,79.0,2.03,50.17,0
WELL-05,2026-08-25T00:00,431.4,513.6,1190.57,35.36,2310.19,80.48,81.2,2.03,46.77,0
WELL-05,2026-08-25T01:00,470.91,569.62,1209.61,37.22,2277.69,80.44,83.7,1.69,47.91,0
WELL-05,2026-08-25T02:00,442.0,548.13,1240.11,35.77,2402.43,81.44,73.4,1.97,48.87,0
WELL-05,2026-08-25T03:00,448.91,533.89,1189.32,38.29,2312.8,82.52,77.8,1.88,50.05,0
WELL-05,2026-08-25T04:00,463.17,557.45,1203.55,40.63,2322.05,78.45,78.5,1.93,49.04,0
WELL-05,2026-08-25T05:00,416.44,508.65,1221.41,38.47,2260.86,79.36,84.6,1.97,47.62,0
WELL-05,2026-08-25T06:00,450.69,584.26,1296.37,38.83,2437.27,81.44,84.1,1.85,48.11,0
WELL-05,2026-08-25T07:00,488.92,611.37,1250.45,36.36,2376.9,81.8,81.2,2.1,51.29,0
WELL-05,2026-08-25T08:00,452.03,562.89,1245.25,37.73,2325.08,79.8,80.6,1.7,49.91,0
WELL-05,2026-08-25T09:00,454.04,590.44,1300.4,38.29,2415.72,82.09,74.4,1.93,48.64,0
WELL-05,2026-08-25T10:00,484.89,601.94,1241.38,40.82,2342.07,82.74,84.7,1.82,51.3,0
WELL-05,2026-08-25T11:00,479.8,585.71,1220.75,36.45,2327.98,78.35,82.2,1.99,47.88,0
WELL-05,2026-08-25T12:00,453.0,558.93,1233.86,37.97,2303.25,78.19,81.9,2.05,50.46,0
WELL-05,2026-08-25T13:00,476.13,584.44,1227.49,34.76,2399.76,80.77,85.0,1.79,48.81,0
WELL-05,2026-08-25T14:00,475.01,615.06,1294.83,39.39,2266.97,79.23,85.5,1.89,47.44,0
WELL-05,2026-08-25T15:00,426.85,528.88,1239.02,39.91,2294.18,78.88,73.9,2.05,46.94,0
WELL-05,2026-08-25T16:00,484.23,611.47,1262.76,39.93,2401.49,78.32,74.5,1.97,47.35,0
WELL-05,2026-08-25T17:00,485.89,570.81,1174.78,38.88,2310.22,80.88,79.3,1.99,48.98,0
WELL-05,2026-08-25T18:00,438.71,529.13,1206.1,40.4,2382.65,81.84,77.4,2.05,46.36,0
WELL-05,2026-08-25T19:00,495.75,594.87,1199.96,39.12,2423.87,81.75,83.1,2.11,49.3,0
WELL-05,2026-08-25T20:00,424.11,501.43,1182.32,37.78,2300.63,82.52,81.6,1.95,46.48,0
WELL-05,2026-08-25T21:00,474.31,560.74,1182.22,35.77,2290.58,82.88,83.1,2.1,47.62,0
WELL-05,2026-08-25T22:00,415.44,547.42,1317.68,37.39,2357.41,80.13,73.4,1.7,49.35,0
WELL-05,2026-08-25T23:00,459.12,538.37,1172.63,37.04,2302.96,79.17,85.1,1.8,46.02,0
WELL-05,2026-08-26T00:00,489.76,606.88,1239.12,40.76,2397.75,78.28,79.9,2.02,46.1,0
WELL-05,2026-08-26T01:00,486.19,620.9,1277.08,41.06,2414.03,79.21,81.4,1.7,46.26,0
WELL-05,2026-08-26T02:00,452.88,598.14,1320.73,38.85,2371.65,79.49,76.2,2.04,50.62,0
WELL-05,2026-08-26T03:00,461.97,578.82,1252.93,38.89,2414.18,82.02,77.9,1.91,50.09,0
WELL-05,2026-08-26T04:00,413.0,535.8,1297.33,38.95,2403.69,82.92,78.6,1.96,50.49,0
WELL-05,2026-08-26T05:00,458.92,541.07,1179.0,37.41,2365.38,80.47,75.2,1.93,50.16,0
WELL-05,2026-08-26T06:00,407.67,513.94,1260.66,40.07,2337.66,83.05,79.9,2.09,50.91,0
WELL-05,2026-08-26T07:00,458.64,549.03,1197.1,41.63,2343.07,83.04,83.9,1.93,51.07,0
WELL-05,2026-08-26T08:00,412.38,495.37,1201.23,36.11,2258.7,80.04,78.2,2.01,51.37,0
WELL-05,2026-08-26T09:00,467.19,559.22,1196.98,37.02,2272.49,81.56,73.3,2.33,50.75,0
WELL-05,2026-08-26T10:00,436.6,567.88,1300.68,39.93,2232.45,82.03,75.5,2.2,53.02,0
WELL-05,2026-08-26T11:00,419.57,562.48,1340.6,36.73,2237.46,80.3,73.0,2.1,50.89,0
WELL-05,2026-08-26T12:00,430.65,575.97,1337.42,36.46,2299.72,80.24,81.8,2.05,50.11,0
WELL-05,2026-08-26T13:00,448.88,549.51,1224.17,36.91,2223.98,80.55,72.3,2.29,52.34,0
WELL-05,2026-08-26T14:00,396.34,494.05,1246.51,43.42,2186.56,83.67,82.8,2.02,54.4,0
WELL-05,2026-08-26T15:00,413.89,520.79,1258.27,42.87,2256.76,84.61,72.2,2.17,56.48,0
WELL-05,2026-08-26T16:00,401.37,507.64,1264.76,41.9,2297.99,82.25,78.7,2.33,52.04,0
WELL-05,2026-08-26T17:00,391.08,486.78,1244.72,37.02,2249.09,81.54,78.6,2.34,58.01,0
WELL-05,2026-08-26T18:00,392.37,526.41,1341.61,39.13,2198.83,83.2,73.3,2.5,54.55,0
WELL-05,2026-08-26T19:00,422.89,524.3,1239.79,40.77,2262.28,84.26,73.9,2.2,58.09,0
WELL-05,2026-08-26T20:00,432.83,565.47,1306.45,44.15,2201.45,85.89,80.4,2.65,58.93,0
WELL-05,2026-08-26T21:00,436.23,531.81,1219.11,42.34,2234.19,84.86,72.8,2.55,59.94,0
WELL-05,2026-08-26T22:00,413.36,539.12,1304.25,40.79,2167.46,83.22,73.9,2.26,55.87,0
WELL-05,2026-08-26T23:00,382.86,492.66,1286.8,39.25,2253.86,84.27,71.5,2.41,60.74,0
WELL-05,2026-08-27T00:00,388.84,530.96,1365.52,40.73,2243.14,84.21,75.2,2.8,61.05,0
WELL-05,2026-08-27T01:00,411.84,506.92,1230.87,43.37,2168.73,82.76,69.6,2.57,59.12,0
WELL-05,2026-08-27T02:00,404.68,560.6,1385.29,40.01,2212.19,83.82,80.6,2.89,63.23,0
WELL-05,2026-08-27T03:00,383.09,477.32,1245.97,39.65,2091.12,86.86,79.8,2.9,61.84,0
WELL-05,2026-08-27T04:00,389.38,488.03,1253.37,44.54,2084.44,85.23,68.7,3.08,62.92,0
WELL-05,2026-08-27T05:00,357.37,472.18,1321.25,45.29,2205.56,86.99,69.4,3.15,58.69,0
WELL-05,2026-08-27T06:00,398.96,539.08,1351.23,39.42,2132.15,87.58,70.7,2.94,63.82,0
WELL-05,2026-08-27T07:00,348.47,479.37,1375.65,39.61,2086.47,83.49,71.8,3.08,59.91,0
WELL-05,2026-08-27T08:00,399.08,537.24,1346.2,40.26,2139.14,84.82,70.5,3.27,65.74,0
WELL-05,2026-08-27T09:00,338.47,422.45,1248.09,46.63,2155.08,88.17,75.5,3.21,67.15,0
WELL-05,2026-08-27T10:00,339.93,477.18,1403.77,44.07,2165.15,87.0,70.0,3.41,64.19,0
WELL-05,2026-08-27T11:00,394.26,526.14,1334.51,40.02,2133.13,87.71,77.5,2.87,67.94,0
WELL-05,2026-08-27T12:00,383.29,480.86,1254.57,47.11,2081.1,84.95,75.5,3.5,65.12,0
WELL-05,2026-08-27T13:00,381.89,506.18,1325.46,45.49,2057.48,85.07,71.4,3.45,68.94,0
WELL-05,2026-08-27T14:00,335.53,464.67,1384.88,41.25,2106.07,88.46,74.0,3.69,63.34,0
WELL-05,2026-08-27T15:00,345.75,489.36,1415.36,41.21,2088.88,89.2,76.1,2.97,66.43,0
WELL-05,2026-08-27T16:00,372.08,516.12,1387.14,44.68,2016.21,89.04,70.3,3.49,69.08,0
WELL-05,2026-08-27T17:00,345.13,476.16,1379.66,46.08,2129.03,88.32,71.5,3.1,65.3,0
WELL-05,2026-08-27T18:00,360.7,503.89,1396.96,41.94,2093.04,88.79,76.6,3.14,72.7,0
WELL-05,2026-08-27T19:00,343.42,488.04,1421.14,47.36,1961.59,90.47,72.8,3.24,73.4,0
WELL-05,2026-08-27T20:00,318.27,412.91,1297.35,45.8,2055.15,85.84,69.8,3.63,68.28,0
WELL-05,2026-08-27T21:00,311.86,447.69,1435.54,47.45,1952.68,89.2,72.8,3.4,74.71,0
WELL-05,2026-08-27T22:00,344.4,478.51,1389.41,43.87,1942.55,88.22,68.6,3.33,74.13,0
WELL-05,2026-08-27T23:00,335.62,482.82,1438.59,47.0,1930.24,87.43,74.1,3.5,76.3,0
WELL-05,2026-08-28T00:00,339.62,475.81,1401.0,44.8,1921.02,88.93,74.5,3.95,72.71,0
WELL-05,2026-08-28T01:00,343.76,445.57,1296.17,47.94,1945.35,87.51,73.2,4.11,76.56,0
WELL-05,2026-08-28T02:00,304.38,421.34,1384.29,46.99,2000.23,91.91,71.3,3.48,74.42,0
WELL-05,2026-08-28T03:00,334.71,486.12,1452.37,48.55,2011.24,88.81,64.3,3.8,72.82,0
WELL-05,2026-08-28T04:00,312.04,440.49,1411.63,42.55,1970.15,92.12,65.2,4.13,75.13,0
WELL-05,2026-08-28T05:00,339.67,479.97,1413.04,48.94,1965.4,88.23,72.0,4.02,76.96,0
WELL-05,2026-08-28T06:00,288.57,389.59,1350.05,44.09,1937.5,89.71,70.0,4.21,73.2,0
WELL-05,2026-08-28T07:00,334.36,488.21,1460.15,47.53,1917.36,88.03,69.2,3.95,73.35,0
WELL-05,2026-08-28T08:00,307.56,403.28,1311.25,45.85,1963.86,93.1,66.9,4.4,78.0,0
WELL-05,2026-08-28T09:00,297.29,433.43,1457.95,47.71,1940.05,93.29,70.3,4.6,76.18,0
WELL-05,2026-08-28T10:00,300.01,405.1,1350.3,43.81,1991.94,88.45,72.3,4.65,83.9,0
WELL-05,2026-08-28T11:00,306.14,450.21,1470.57,45.33,1870.03,91.83,69.0,4.49,76.41,0
WELL-05,2026-08-28T12:00,319.83,423.16,1323.08,46.31,1871.72,89.74,66.3,4.7,80.87,0
WELL-05,2026-08-28T13:00,281.77,394.79,1401.11,50.84,1931.23,93.02,64.7,4.26,84.55,0
WELL-05,2026-08-28T14:00,268.28,357.08,1331.0,43.85,1899.62,93.11,65.7,4.74,78.12,0
WELL-05,2026-08-28T15:00,292.52,388.01,1326.45,48.83,1836.42,89.38,72.2,4.97,86.05,0
WELL-05,2026-08-28T16:00,303.46,423.37,1395.13,47.56,1881.41,93.29,65.3,5.26,84.66,0
WELL-05,2026-08-28T17:00,267.9,389.55,1454.08,44.14,1910.57,94.47,71.4,4.36,80.4,0
WELL-05,2026-08-28T18:00,283.85,386.93,1363.17,48.69,1877.03,92.67,66.3,5.09,81.56,0
WELL-05,2026-08-28T19:00,287.07,404.74,1409.9,46.36,1842.03,92.45,62.6,4.62,81.11,0
WELL-05,2026-08-28T20:00,270.41,396.27,1465.47,46.67,1788.8,93.84,68.3,5.11,87.16,0
WELL-05,2026-08-28T21:00,292.37,399.13,1365.14,50.68,1817.89,93.0,66.3,5.49,85.43,0
WELL-05,2026-08-28T22:00,243.81,333.93,1369.63,49.1,1861.99,92.1,61.7,4.89,84.54,1
WELL-05,2026-08-28T23:00,283.5,427.27,1507.1,49.42,1771.9,92.07,66.3,5.7,82.92,0
WELL-05,2026-08-29T00:00,278.19,373.57,1342.89,48.72,1830.67,91.51,64.7,4.84,85.93,0
WELL-05,2026-08-29T01:00,248.15,376.1,1515.63,51.88,1811.99,92.51,68.0,4.7,94.19,0
WELL-05,2026-08-29T02:00,236.95,349.42,1474.66,45.7,1804.98,93.59,64.0,5.75,91.44,0
WELL-05,2026-08-29T03:00,270.31,394.06,1457.8,45.5,1741.85,91.45,64.3,5.52,91.52,0
WELL-05,2026-08-29T04:00,246.95,352.75,1428.44,50.61,1766.47,95.88,68.9,5.68,92.15,1
WELL-05,2026-08-29T05:00,249.35,358.6,1438.15,45.96,1714.0,92.58,63.9,4.86,91.88,0
WELL-05,2026-08-29T06:00,235.97,346.24,1467.31,48.64,1757.42,93.64,63.4,5.59,94.47,0
WELL-05,2026-08-29T07:00,245.48,340.78,1388.25,48.94,1836.27,96.77,62.3,6.27,92.09,1
WELL-05,2026-08-29T08:00,226.33,335.34,1481.66,48.7,1691.8,92.92,67.1,5.67,89.86,0
WELL-05,2026-08-29T09:00,254.23,389.4,1531.68,49.43,1797.55,93.23,59.2,5.46,92.76,0
WELL-05,2026-08-29T10:00,228.65,316.23,1383.04,52.14,1679.71,94.2,68.5,6.05,97.38,1
WELL-05,2026-08-29T11:00,236.06,354.52,1501.85,52.17,1700.88,95.05,59.1,6.18,94.73,0
WELL-05,2026-08-29T12:00,220.38,318.28,1444.24,50.48,1787.38,93.85,58.5,6.06,102.12,1
WELL-05,2026-08-29T13:00,222.22,332.63,1496.81,48.48,1656.46,93.87,61.2,6.01,101.85,0
WELL-05,2026-08-29T14:00,240.56,342.53,1423.87,55.85,1683.33,96.22,58.7,6.07,94.73,1
WELL-05,2026-08-29T15:00,210.07,291.07,1385.59,50.59,1669.63,97.24,66.9,5.58,99.57,1
WELL-05,2026-08-29T16:00,198.9,290.84,1462.28,47.96,1701.14,97.93,63.4,6.05,94.31,1
WELL-05,2026-08-29T17:00,205.81,306.59,1489.7,47.91,1737.48,96.4,60.4,6.77,104.41,1
WELL-05,2026-08-29T18:00,204.06,299.62,1468.32,52.15,1715.85,95.46,59.6,6.76,95.85,0
WELL-05,2026-08-29T19:00,195.56,304.62,1557.71,52.35,1625.62,94.33,59.6,6.63,96.56,1
WELL-05,2026-08-29T20:00,209.19,320.36,1531.41,49.96,1659.1,97.54,59.7,5.74,100.98,1
WELL-05,2026-08-29T21:00,203.88,289.41,1419.54,53.01,1659.58,96.59,65.9,7.18,97.78,1
WELL-05,2026-08-29T22:00,209.73,295.72,1409.99,50.06,1598.57,96.56,57.7,6.03,98.34,1
WELL-05,2026-08-29T23:00,189.72,271.12,1429.06,53.59,1714.09,98.74,63.0,7.34,105.32,1
WELL-05,2026-08-30T00:00,209.1,302.68,1447.51,50.64,1674.48,100.72,60.5,7.11,99.39,0
WELL-05,2026-08-30T01:00,184.61,264.52,1432.87,48.68,1640.15,98.74,63.7,6.17,107.53,1
WELL-05,2026-08-30T02:00,182.71,268.12,1467.48,48.67,1611.52,99.15,60.1,6.67,108.77,1
WELL-05,2026-08-30T03:00,188.92,272.67,1443.35,56.71,1637.07,100.56,60.5,6.75,101.82,1
WELL-05,2026-08-30T04:00,170.16,249.22,1464.63,50.77,1662.19,98.68,58.3,7.71,114.49,1
WELL-05,2026-08-30T05:00,197.94,281.17,1420.49,50.5,1570.34,100.3,63.6,6.41,106.29,1
WELL-05,2026-08-30T06:00,180.01,282.41,1568.84,49.39,1574.93,98.83,64.3,6.27,113.37,1
WELL-05,2026-08-30T07:00,176.22,262.61,1490.23,58.86,1584.68,97.88,58.2,7.16,112.66,1
WELL-05,2026-08-30T08:00,178.68,274.15,1534.32,53.82,1611.05,100.55,58.1,7.58,115.32,1
WELL-05,2026-08-30T09:00,180.72,257.25,1423.5,57.3,1574.17,98.53,59.9,7.49,111.83,1
WELL-05,2026-08-30T10:00,173.37,255.36,1472.87,59.6,1509.12,101.96,55.2,7.14,113.08,1
WELL-05,2026-08-30T11:00,167.79,248.08,1478.51,54.79,1598.67,102.49,54.3,7.14,110.58,1
WELL-05,2026-08-30T12:00,172.26,252.16,1463.84,51.41,1612.14,97.82,54.5,8.01,113.24,1
WELL-05,2026-08-30T13:00,161.74,260.83,1612.64,51.65,1516.38,99.11,58.4,6.76,110.46,1
WELL-05,2026-08-30T14:00,171.18,254.96,1489.4,57.68,1532.12,102.2,56.2,7.5,110.79,1
WELL-05,2026-08-30T15:00,156.85,230.64,1470.43,51.91,1484.39,101.35,59.3,8.42,114.33,1
WELL-05,2026-08-30T16:00,159.36,254.93,1599.75,53.68,1512.39,98.02,53.4,8.65,112.23,1
WELL-05,2026-08-30T17:00,151.42,225.78,1491.1,59.35,1565.65,103.7,53.4,7.02,117.64,1
WELL-05,2026-08-30T18:00,155.79,225.77,1449.17,51.25,1534.14,103.77,55.0,7.62,115.99,1
WELL-05,2026-08-30T19:00,141.59,219.22,1548.22,55.7,1452.39,102.96,56.8,8.11,122.12,1
WELL-05,2026-08-30T20:00,138.18,215.71,1561.13,52.57,1465.04,101.84,59.9,7.61,118.55,1
WELL-05,2026-08-30T21:00,132.85,195.06,1468.31,56.18,1495.99,99.31,59.3,7.47,113.96,1
WELL-05,2026-08-30T22:00,132.25,212.89,1609.82,59.09,1488.79,103.13,54.4,8.85,115.09,1
WELL-05,2026-08-30T23:00,126.37,189.32,1498.15,59.82,1503.82,103.78,55.2,8.4,124.88,1
WELL-05,2026-08-31T00:00,131.24,209.23,1594.29,61.11,1413.82,102.08,51.6,8.44,121.46,1
WELL-05,2026-08-31T01:00,125.02,204.41,1634.99,55.46,1460.58,105.56,51.9,9.33,118.23,1
WELL-05,2026-08-31T02:00,139.15,220.69,1585.99,56.11,1474.39,99.6,55.1,8.47,123.68,1
WELL-05,2026-08-31T03:00,116.47,191.09,1640.64,62.1,1512.96,101.49,58.6,7.46,120.02,1
WELL-05,2026-08-31T04:00,129.05,200.67,1555.0,59.54,1420.4,102.1,55.1,9.05,123.96,1
WELL-05,2026-08-31T05:00,134.79,200.72,1489.17,59.12,1494.23,103.14,59.6,8.03,118.79,1
WELL-05,2026-08-31T06:00,132.95,203.91,1533.78,53.23,1440.23,102.46,58.7,8.14,127.27,1
WELL-05,2026-08-31T07:00,127.14,200.84,1579.72,55.34,1481.04,105.45,57.9,9.0,128.95,1
WELL-05,2026-08-31T08:00,131.11,195.19,1488.74,56.25,1415.25,100.08,55.6,8.32,126.02,1
WELL-05,2026-08-31T09:00,130.71,212.48,1625.54,57.4,1439.4,100.61,53.2,8.37,117.88,1
WELL-05,2026-08-31T10:00,129.35,202.61,1566.32,59.76,1482.99,100.72,55.1,9.06,118.78,1
WELL-05,2026-08-31T11:00,121.23,182.62,1506.37,53.03,1473.81,100.86,59.9,7.88,117.77,1
WELL-05,2026-08-31T12:00,134.8,198.76,1474.42,58.32,1475.89,100.55,56.5,9.18,129.15,1
WELL-05,2026-08-31T13:00,118.03,185.76,1573.82,56.69,1469.09,99.47,59.1,8.72,121.38,1
WELL-05,2026-08-31T14:00,135.64,211.43,1558.79,55.16,1398.81,100.17,51.3,7.58,119.12,1
WELL-05,2026-08-31T15:00,134.24,216.86,1615.49,59.46,1469.06,102.52,53.8,8.58,120.19,1
WELL-05,2026-08-31T16:00,131.18,193.69,1476.51,56.32,1435.78,99.85,54.1,9.08,120.99,1
WELL-05,2026-08-31T17:00,125.14,191.02,1526.37,57.74,1419.09,104.14,55.4,9.21,129.52,1
WELL-05,2026-08-31T18:00,133.46,216.1,1619.17,54.22,1405.01,100.08,52.7,7.54,119.84,1
WELL-05,2026-08-31T19:00,139.08,210.65,1514.61,52.86,1479.67,103.01,58.0,8.3,116.69,1
WELL-05,2026-08-31T20:00,136.35,211.7,1552.61,60.54,1426.52,104.3,55.3,7.49,116.59,1
WELL-05,2026-08-31T21:00,121.34,182.33,1502.63,55.71,1403.04,105.17,53.4,7.44,120.63,1
WELL-05,2026-08-31T22:00,119.01,190.39,1599.87,60.92,1451.76,99.44,55.5,9.03,128.15,1
WELL-05,2026-08-31T23:00,120.76,192.76,1596.25,55.19,1493.86,100.89,52.8,9.25,117.86,1
WELL-05,2026-09-01T00:00,126.19,200.74,1590.71,56.45,1513.05,101.07,52.1,8.86,127.76,1
WELL-05,2026-09-01T01:00,116.48,184.73,1585.93,58.87,1428.0,101.89,60.1,8.51,123.3,1
WELL-05,2026-09-01T02:00,130.51,197.42,1512.66,57.8,1510.45,101.5,54.0,7.77,127.36,1
WELL-05,2026-09-01T03:00,127.15,194.21,1527.44,57.09,1491.3,100.01,53.1,8.96,129.2,1
WELL-05,2026-09-01T04:00,131.16,195.22,1488.5,53.6,1406.99,105.25,52.3,8.68,129.75,1
WELL-05,2026-09-01T05:00,126.97,193.18,1521.44,55.33,1442.06,99.52,52.5,8.45,116.56,1
WELL-05,2026-09-01T06:00,129.09,210.3,1629.03,56.16,1412.78,101.47,57.3,9.11,121.24,1
WELL-05,2026-09-01T07:00,121.5,181.82,1496.4,60.89,1461.8,100.96,57.4,9.14,125.38,1
WELL-05,2026-09-01T08:00,118.4,192.09,1622.31,59.03,1494.56,99.78,51.8,7.47,122.82,1
WELL-05,2026-09-01T09:00,124.6,200.91,1612.45,53.5,1469.05,104.45,59.1,8.4,119.07,1
WELL-05,2026-09-01T10:00,124.66,188.09,1508.78,60.84,1428.0,104.75,55.7,7.4,119.56,1
WELL-05,2026-09-01T11:00,132.33,202.38,1529.38,60.14,1432.01,104.02,54.1,8.69,127.04,1
WELL-05,2026-09-01T12:00,134.11,196.49,1465.11,55.85,1505.71,104.01,52.6,7.57,126.27,1
WELL-05,2026-09-01T13:00,118.62,184.75,1557.49,54.5,1484.35,104.24,56.4,8.59,120.18,1
WELL-05,2026-09-01T14:00,127.11,187.07,1471.68,53.01,1498.99,99.5,53.0,8.44,118.95,1
WELL-05,2026-09-01T15:00,133.57,206.32,1544.63,56.69,1401.26,100.86,57.2,8.22,129.37,1
WELL-05,2026-09-01T16:00,136.38,218.35,1600.98,59.08,1493.79,103.02,54.8,8.37,130.59,1
WELL-05,2026-09-01T17:00,135.67,222.95,1643.28,52.43,1406.81,104.7,57.4,9.35,128.82,1
WELL-05,2026-09-01T18:00,127.44,197.53,1549.93,58.11,1423.19,101.09,57.0,7.87,121.57,1
WELL-05,2026-09-01T19:00,138.09,220.58,1597.38,61.78,1418.55,105.02,57.1,7.92,123.94,1
WELL-05,2026-09-01T20:00,137.28,217.21,1582.22,56.06,1502.19,104.52,52.7,8.61,126.51,1
WELL-05,2026-09-01T21:00,121.93,183.53,1505.23,59.91,1427.78,101.73,52.3,9.32,130.05,1
WELL-05,2026-09-01T22:00,124.65,197.28,1582.65,58.87,1463.98,100.92,56.6,8.51,121.89,1
WELL-05,2026-09-01T23:00,129.62,196.98,1519.65,56.44,1472.12,104.21,57.1,8.16,127.74,1
WELL-05,2026-09-02T00:00,119.56,179.27,1499.37,54.36,1435.68,100.89,53.8,8.91,125.28,1
WELL-05,2026-09-02T01:00,460.69,596.17,1294.08,35.5,2380.37,80.02,73.7,1.68,50.23,0
WELL-05,2026-09-02T02:00,428.96,558.57,1302.13,36.85,2340.57,82.58,79.1,2.08,45.92,0
WELL-05,2026-09-02T03:00,436.44,517.4,1185.49,36.22,2287.98,82.51,83.2,1.76,46.5,0
WELL-05,2026-09-02T04:00,488.63,583.51,1194.17,36.52,2325.59,81.62,78.7,1.93,50.46,0
WELL-05,2026-09-02T05:00,469.24,560.51,1194.49,40.02,2339.37,79.01,76.8,1.85,48.73,0
WELL-05,2026-09-02T06:00,454.4,593.6,1306.34,37.53,2371.79,82.51,73.5,1.87,51.1,0
WELL-05,2026-09-02T07:00,453.93,543.35,1196.98,36.51,2397.3,78.79,84.5,2.04,48.85,0
WELL-05,2026-09-02T08:00,433.1,517.95,1195.9,35.51,2333.89,78.9,83.4,1.97,48.96,0
WELL-05,2026-09-02T09:00,472.93,573.79,1213.27,35.22,2320.79,82.52,84.5,2.0,49.95,0
WELL-05,2026-09-02T10:00,446.94,588.12,1315.88,37.02,2325.33,80.71,85.9,1.88,46.8,0
WELL-05,2026-09-02T11:00,471.34,552.9,1173.03,39.1,2321.54,81.91,77.3,1.79,49.21,0
WELL-05,2026-09-02T12:00,421.81,534.6,1267.4,39.42,2406.06,80.41,79.9,1.88,46.6,0
WELL-05,2026-09-02T13:00,445.21,524.19,1177.39,34.82,2348.85,80.01,83.7,1.67,50.12,0
WELL-05,2026-09-02T14:00,459.88,579.93,1261.04,35.23,2389.46,82.2,85.7,1.76,47.41,0
WELL-05,2026-09-02T15:00,447.27,549.12,1227.7,40.38,2293.73,78.37,85.5,2.02,50.04,0
WELL-05,2026-09-02T16:00,464.45,556.87,1199.0,37.48,2397.83,78.69,82.2,2.06,47.06,0
WELL-05,2026-09-02T17:00,445.81,548.46,1230.26,34.78,2407.39,78.14,84.3,1.91,47.23,0
WELL-05,2026-09-02T18:00,472.05,577.84,1224.12,39.48,2423.03,80.86,74.7,1.76,46.01,0
WELL-05,2026-09-02T19:00,458.34,585.95,1278.44,35.72,2342.84,80.15,76.2,1.83,47.37,0
WELL-05,2026-09-02T20:00,458.72,594.61,1296.25,38.17,2291.38,78.36,83.3,1.94,50.22,0
WELL-05,2026-09-02T21:00,464.5,563.23,1212.55,41.12,2362.51,80.12,77.6,1.79,50.59,0
WELL-05,2026-09-02T22:00,472.52,620.7,1313.6,41.32,2438.93,79.67,75.9,1.89,50.17,0
WELL-05,2026-09-02T23:00,495.32,597.44,1206.17,38.32,2285.35,80.51,79.7,1.89,50.18,0
WELL-05,2026-09-03T00:00,478.78,604.95,1263.51,41.41,2425.94,82.53,78.8,1.73,46.71,0
WELL-05,2026-09-03T01:00,425.73,536.48,1260.12,36.07,2295.72,82.33,76.2,1.91,47.6,0
WELL-05,2026-09-03T02:00,423.47,541.17,1277.96,35.35,2411.17,79.45,76.9,1.98,50.48,0
WELL-05,2026-09-03T03:00,461.88,602.72,1304.92,34.87,2378.68,79.25,75.8,1.8,47.02,0
WELL-05,2026-09-03T04:00,476.98,568.55,1191.97,36.51,2294.51,78.19,80.6,2.1,49.78,0
WELL-05,2026-09-03T05:00,497.24,606.55,1219.82,38.65,2392.97,82.47,78.0,1.95,46.76,0
WELL-05,2026-09-03T06:00,416.62,511.75,1228.34,40.38,2399.26,82.07,79.3,1.88,45.82,0
WELL-05,2026-09-03T07:00,458.79,563.3,1227.78,34.63,2385.46,79.54,80.4,1.67,48.72,0
WELL-05,2026-09-03T08:00,450.85,593.9,1317.28,40.05,2403.39,82.53,79.6,2.0,50.86,0
WELL-05,2026-09-03T09:00,434.3,565.07,1301.12,38.87,2420.21,82.0,85.6,2.04,47.73,0
WELL-05,2026-09-03T10:00,477.07,618.82,1297.12,37.07,2435.42,80.0,82.7,1.74,48.39,0
WELL-05,2026-09-03T11:00,436.04,553.76,1269.98,36.22,2435.42,81.68,74.1,1.77,50.65,0
WELL-05,2026-09-03T12:00,429.12,532.81,1241.64,36.46,2313.31,81.82,79.2,2.08,50.23,0
WELL-05,2026-09-03T13:00,429.01,524.6,1222.83,35.74,2407.24,79.99,84.5,1.9,47.45,0
WELL-05,2026-09-03T14:00,439.58,541.66,1232.21,38.16,2401.36,82.23,81.5,1.89,49.83,0
WELL-05,2026-09-03T15:00,456.29,591.82,1297.04,36.68,2294.01,80.33,81.2,2.06,49.75,0
WELL-05,2026-09-03T16:00,415.55,509.38,1225.79,41.29,2326.39,80.5,79.8,2.06,46.23,0
WELL-05,2026-09-03T17:00,455.56,541.86,1189.44,36.77,2403.08,79.49,84.5,1.7,50.64,0
WELL-05,2026-09-03T18:00,444.21,521.47,1173.93,38.67,2363.47,82.02,76.6,1.93,49.12,0
WELL-05,2026-09-03T19:00,450.05,589.05,1308.87,35.02,2370.16,82.47,79.9,1.67,47.93,0
WELL-05,2026-09-03T20:00,429.83,548.8,1276.79,34.68,2321.37,80.89,85.0,2.08,47.44,0
WELL-05,2026-09-03T21:00,419.38,551.94,1316.08,36.59,2405.57,82.08,82.1,1.68,47.14,0
WELL-05,2026-09-03T22:00,472.61,590.67,1249.8,38.38,2397.5,81.42,78.8,1.91,45.85,0
WELL-05,2026-09-03T23:00,482.39,587.61,1218.12,35.12,2285.31,82.31,82.5,1.67,50.49,0
WELL-05,2026-09-04T00:00,491.51,575.14,1170.15,36.15,2399.6,82.73,85.5,1.81,48.46,0
WELL-05,2026-09-04T01:00,415.47,489.63,1178.49,40.71,2278.15,79.4,82.7,1.99,48.85,0
WELL-05,2026-09-04T02:00,484.26,567.59,1172.06,38.95,2325.22,79.2,75.1,1.98,48.58,0
WELL-05,2026-09-04T03:00,481.69,588.4,1221.54,41.08,2402.96,81.23,79.1,1.74,47.47,0
WELL-05,2026-09-04T04:00,429.64,538.75,1253.96,41.43,2358.38,81.03,73.6,1.96,48.44,0
WELL-05,2026-09-04T05:00,458.39,595.92,1300.02,37.87,2439.67,78.52,85.4,1.82,48.27,0
WELL-05,2026-09-04T06:00,417.68,503.22,1204.79,40.6,2373.1,82.74,85.7,1.82,50.39,0
WELL-05,2026-09-04T07:00,431.47,568.27,1317.07,38.87,2358.02,82.26,74.8,1.72,51.43,0
WELL-05,2026-09-04T08:00,431.96,517.94,1199.06,34.76,2289.46,78.53,83.9,1.92,49.65,0
WELL-05,2026-09-04T09:00,460.55,574.63,1247.7,36.96,2261.98,78.54,76.8,1.72,46.93,0
WELL-05,2026-09-04T10:00,444.65,536.62,1206.83,37.22,2418.64,80.0,73.3,1.71,49.83,0
WELL-05,2026-09-04T11:00,450.07,584.64,1299.0,40.09,2413.77,79.81,75.2,1.91,46.45,0
WELL-05,2026-09-04T12:00,470.37,583.3,1240.09,40.62,2437.18,82.14,75.5,1.82,46.21,0
WELL-05,2026-09-04T13:00,437.67,511.82,1169.41,37.2,2294.23,80.53,74.0,2.06,46.42,0
WELL-05,2026-09-04T14:00,435.83,557.73,1279.69,37.85,2346.75,82.72,84.6,1.98,47.53,0
WELL-05,2026-09-04T15:00,480.27,564.12,1174.58,41.03,2385.45,82.27,78.9,2.0,48.75,0
WELL-05,2026-09-04T16:00,477.01,604.15,1266.55,39.52,2435.96,78.82,73.4,2.1,46.49,0
WELL-05,2026-09-04T17:00,435.17,531.75,1221.93,37.48,2427.26,78.33,78.9,1.9,48.85,0
WELL-05,2026-09-04T18:00,418.51,504.29,1204.96,38.37,2408.2,78.11,78.6,1.79,50.86,0
WELL-05,2026-09-04T19:00,429.5,539.56,1256.25,36.12,2400.13,80.55,78.6,1.9,47.5,0
WELL-05,2026-09-04T20:00,445.56,575.56,1291.75,36.86,2335.37,80.13,81.4,1.89,50.38,0
WELL-05,2026-09-04T21:00,469.09,557.5,1188.49,41.06,2437.58,81.02,75.1,1.9,49.79,0
WELL-05,2026-09-04T22:00,472.7,596.47,1261.83,35.21,2320.85,82.8,84.1,1.9,50.25,0
WELL-05,2026-09-04T23:00,481.88,588.3,1220.85,39.28,2371.06,80.57,84.3,1.9,49.36,0
WELL-05,2026-09-05T00:00,466.43,555.62,1191.22,36.67,2289.8,78.63,75.2,2.01,49.13,0
WELL-05,2026-09-05T01:00,493.11,620.31,1257.94,39.58,2309.85,80.9,74.0,2.06,50.71,0
WELL-05,2026-09-05T02:00,425.4,518.43,1218.69,35.49,2322.05,79.78,79.4,1.82,47.19,0
WELL-05,2026-09-05T03:00,457.09,561.5,1228.42,38.98,2260.26,82.56,75.0,1.83,47.44,0
WELL-05,2026-09-05T04:00,464.39,590.89,1272.39,36.05,2437.61,79.49,85.2,1.99,45.85,0
WELL-05,2026-09-05T05:00,442.48,557.4,1259.74,41.1,2257.98,81.07,75.6,1.89,48.15,0
WELL-05,2026-09-05T06:00,482.74,597.18,1237.06,39.42,2323.75,80.85,84.2,1.88,46.14,0
WELL-05,2026-09-05T07:00,463.1,583.31,1259.57,34.65,2333.26,78.1,81.3,1.91,51.22,0
WELL-05,2026-09-05T08:00,449.04,535.9,1193.44,37.46,2327.36,80.76,79.4,2.11,50.32,0
WELL-05,2026-09-05T09:00,471.02,552.64,1173.28,40.11,2365.01,79.26,77.4,1.78,51.35,0
WELL-05,2026-09-05T10:00,421.12,493.36,1171.56,35.88,2337.69,79.61,81.9,2.01,51.22,0
WELL-05,2026-09-05T11:00,457.76,561.24,1226.08,40.54,2398.88,79.74,82.6,1.89,46.74,0
WELL-05,2026-09-05T12:00,468.74,583.87,1245.59,40.16,2334.63,80.26,84.6,1.94,48.47,0
WELL-05,2026-09-05T13:00,474.16,576.59,1216.02,38.88,2360.37,81.15,83.9,2.02,48.6,0
WELL-05,2026-09-05T14:00,473.74,620.38,1309.54,36.04,2307.55,81.13,76.7,1.88,49.1,0
WELL-05,2026-09-05T15:00,439.66,547.55,1245.39,40.53,2269.37,81.4,78.9,1.93,50.13,0
WELL-05,2026-09-05T16:00,469.69,577.26,1229.03,37.69,2281.38,82.22,78.1,1.82,46.89,0
WELL-05,2026-09-05T17:00,494.05,582.05,1178.11,39.85,2313.02,79.37,75.5,2.11,51.32,0
WELL-05,2026-09-05T18:00,434.96,570.36,1311.28,37.92,2358.77,79.48,80.8,1.99,49.54,0
WELL-05,2026-09-05T19:00,477.36,567.27,1188.35,36.31,2338.69,81.7,84.8,1.78,48.38,0
WELL-05,2026-09-05T20:00,455.35,574.8,1262.33,35.75,2291.14,81.13,75.3,1.76,49.06,0
WELL-05,2026-09-05T21:00,432.69,553.44,1279.08,39.67,2340.76,79.92,82.4,2.11,49.12,0
WELL-05,2026-09-05T22:00,476.73,577.76,1211.93,39.64,2362.67,79.25,77.0,2.01,46.57,0
WELL-05,2026-09-05T23:00,450.87,590.81,1310.39,35.49,2285.91,79.69,73.9,1.84,50.68,0
WELL-05,2026-09-06T00:00,416.21,491.24,1180.25,39.59,2433.82,81.0,83.8,1.86,47.83,0
WELL-05,2026-09-06T01:00,418.84,524.47,1252.2,38.18,2419.41,82.72,83.0,1.96,51.43,0
WELL-05,2026-09-06T02:00,418.97,532.98,1272.13,37.63,2426.27,80.59,83.4,1.71,46.59,0
WELL-05,2026-09-06T03:00,439.34,523.94,1192.55,40.31,2435.95,78.72,81.1,2.12,50.76,0
WELL-05,2026-09-06T04:00,472.57,600.36,1270.44,41.45,2290.87,79.98,79.3,1.77,47.42,0
WELL-05,2026-09-06T05:00,438.44,538.08,1227.28,40.65,2351.65,79.06,79.4,1.99,47.24,0
WELL-05,2026-09-06T06:00,453.54,553.12,1219.56,38.55,2439.32,82.17,81.4,1.85,45.96,0
WELL-05,2026-09-06T07:00,418.34,524.72,1254.29,41.27,2317.98,79.42,84.6,1.82,46.49,0
WELL-05,2026-09-06T08:00,452.36,570.73,1261.65,39.56,2307.71,81.17,80.7,1.76,46.34,0
WELL-05,2026-09-06T09:00,484.73,638.0,1316.21,37.01,2416.41,79.57,84.2,2.1,49.01,0
WELL-05,2026-09-06T10:00,463.52,568.39,1226.24,38.95,2426.11,78.15,76.9,1.7,49.92,0
WELL-05,2026-09-06T11:00,475.06,621.28,1307.78,41.28,2419.42,78.68,79.6,1.76,46.2,0
WELL-05,2026-09-06T12:00,482.06,570.83,1184.13,40.35,2418.97,82.44,84.4,1.93,48.96,0
WELL-05,2026-09-06T13:00,493.85,616.77,1248.91,34.73,2309.93,78.72,76.7,1.68,47.02,0
WELL-05,2026-09-06T14:00,464.66,560.18,1205.56,36.3,2268.12,80.94,75.3,1.76,50.67,0
WELL-05,2026-09-06T15:00,451.66,553.9,1226.38,38.92,2333.73,80.32,85.6,1.9,48.32,0
WELL-05,2026-09-06T16:00,415.97,539.2,1296.23,39.69,2404.5,78.87,81.2,1.71,47.68,0
WELL-05,2026-09-06T17:00,445.53,542.22,1217.03,38.08,2377.11,78.68,78.6,1.75,46.03,0
WELL-05,2026-09-06T18:00,447.58,535.89,1197.3,40.6,2353.14,79.86,84.9,1.95,46.26,0
WELL-05,2026-09-06T19:00,466.81,572.6,1226.62,41.38,2439.85,79.05,83.7,1.78,50.39,0
WELL-05,2026-09-06T20:00,431.61,511.32,1184.67,35.14,2435.05,81.4,74.4,2.06,49.25,0
WELL-05,2026-09-06T21:00,442.71,580.22,1310.59,40.13,2374.25,79.98,83.1,1.85,50.98,0
WELL-05,2026-09-06T22:00,428.13,552.27,1289.94,38.26,2440.84,78.41,80.5,1.72,51.04,0
WELL-05,2026-09-06T23:00,445.11,554.23,1245.15,37.11,2266.31,82.12,82.2,1.83,48.58,0
WELL-05,2026-09-07T00:00,431.31,510.53,1183.68,38.71,2379.12,80.34,85.8,1.71,49.47,0
WELL-05,2026-09-07T01:00,441.34,556.19,1260.22,36.1,2414.09,79.67,85.5,1.73,51.24,0
WELL-05,2026-09-07T02:00,422.06,528.78,1252.87,40.65,2434.24,82.34,80.6,1.98,50.74,0
WELL-05,2026-09-07T03:00,423.35,519.68,1227.53,34.95,2312.75,79.26,79.3,1.78,50.5,0
WELL-05,2026-09-07T04:00,497.15,630.95,1269.13,38.84,2287.13,81.58,84.6,1.72,51.11,0
WELL-05,2026-09-07T05:00,473.66,574.48,1212.85,39.27,2403.99,81.55,75.9,1.91,49.0,0
WELL-05,2026-09-07T06:00,443.87,583.71,1315.04,35.35,2433.3,82.25,75.1,2.09,48.59,0
WELL-05,2026-09-07T07:00,457.79,552.97,1207.91,39.68,2312.8,79.52,81.2,1.81,49.74,0
WELL-05,2026-09-07T08:00,421.28,552.92,1312.48,36.53,2281.98,79.23,82.3,2.05,46.62,0
WELL-05,2026-09-07T09:00,452.03,552.09,1221.36,39.08,2276.35,78.48,80.3,1.9,47.15,0
WELL-05,2026-09-07T10:00,493.75,643.39,1303.07,40.25,2319.05,78.55,82.5,2.09,50.3,0
WELL-05,2026-09-07T11:00,466.1,576.22,1236.27,38.23,2307.5,80.78,82.7,1.85,48.23,0
WELL-05,2026-09-07T12:00,476.72,573.89,1203.82,39.25,2402.4,81.68,83.8,1.86,48.69,0
WELL-05,2026-09-07T13:00,473.22,602.07,1272.27,35.75,2372.06,81.4,74.1,1.73,49.92,0
WELL-05,2026-09-07T14:00,423.15,509.26,1203.51,38.45,2338.16,81.81,85.3,1.67,47.86,0
WELL-05,2026-09-07T15:00,438.03,535.18,1221.8,35.92,2427.87,79.43,80.9,1.71,48.49,0
WELL-05,2026-09-07T16:00,429.01,515.01,1200.46,39.7,2338.55,80.75,83.7,2.06,48.01,0
WELL-05,2026-09-07T17:00,495.83,585.07,1179.99,35.59,2283.61,82.39,80.3,2.05,51.07,0
WELL-05,2026-09-07T18:00,425.91,503.52,1182.23,35.61,2440.14,79.76,84.3,1.87,46.6,0
WELL-05,2026-09-07T19:00,467.51,564.82,1208.13,36.59,2371.24,82.09,78.7,1.94,50.35,0
WELL-05,2026-09-07T20:00,452.64,571.1,1261.7,40.87,2373.0,79.56,82.3,1.89,50.45,0
WELL-05,2026-09-07T21:00,445.82,565.88,1269.29,37.33,2275.82,82.89,75.8,1.85,49.73,0
WELL-05,2026-09-07T22:00,437.43,534.87,1222.78,35.38,2355.82,80.05,83.3,1.8,48.95,0
WELL-05,2026-09-07T23:00,425.16,506.5,1191.31,41.26,2290.53,79.68,75.2,1.79,48.55,0
WELL-05,2026-09-08T00:00,449.06,546.73,1217.49,34.64,2437.58,81.55,86.0,2.09,50.68,0
WELL-05,2026-09-08T01:00,462.67,586.41,1267.46,35.75,2356.23,82.58,80.2,2.07,49.91,0
WELL-05,2026-09-08T02:00,492.85,593.46,1204.14,35.5,2370.01,81.68,80.2,1.95,47.58,0
WELL-05,2026-09-08T03:00,447.44,570.74,1275.56,35.76,2419.94,80.07,78.5,1.99,47.82,0
WELL-05,2026-09-08T04:00,417.75,547.6,1310.82,41.32,2287.9,80.49,84.8,2.05,48.73,0
WELL-05,2026-09-08T05:00,452.8,549.27,1213.06,41.27,2388.48,81.37,81.3,1.69,47.16,0
WELL-05,2026-09-08T06:00,469.67,614.29,1307.91,40.78,2267.66,81.69,76.8,1.82,46.31,0
WELL-05,2026-09-08T07:00,454.77,558.75,1228.64,39.16,2300.56,79.33,73.4,2.05,46.0,0
WELL-05,2026-09-08T08:00,427.63,513.82,1201.57,35.07,2419.69,82.66,80.3,1.92,49.05,0
WELL-05,2026-09-08T09:00,477.65,562.06,1176.72,40.03,2396.39,81.39,85.0,1.84,47.74,0
WELL-05,2026-09-08T10:00,495.57,632.84,1276.99,39.2,2388.46,80.61,76.9,1.77,48.29,0
WELL-05,2026-09-08T11:00,468.43,616.29,1315.63,38.35,2398.98,79.64,76.8,1.86,49.38,0
WELL-05,2026-09-08T12:00,462.85,604.99,1307.11,34.93,2374.64,78.41,85.4,1.82,46.89,0
WELL-05,2026-09-08T13:00,464.54,595.05,1280.95,41.32,2354.51,82.06,78.2,1.81,49.31,0
WELL-05,2026-09-08T14:00,425.96,524.36,1231.0,36.7,2422.03,80.65,78.8,1.81,50.23,0
WELL-05,2026-09-08T15:00,431.26,519.66,1205.0,39.7,2273.98,79.88,78.7,2.1,47.58,0
WELL-05,2026-09-08T16:00,463.36,567.13,1223.94,40.78,2321.27,80.16,79.4,1.67,50.63,0
WELL-05,2026-09-08T17:00,438.21,558.71,1274.99,40.72,2437.65,82.75,81.9,1.68,45.92,0
WELL-05,2026-09-08T18:00,421.55,497.09,1179.2,37.31,2313.14,80.22,75.5,1.8,50.66,0
WELL-05,2026-09-08T19:00,481.54,629.21,1306.68,37.46,2433.05,79.28,75.3,2.1,49.93,0
WELL-05,2026-09-08T20:00,467.98,566.31,1210.11,39.67,2297.99,78.86,77.9,1.96,50.57,0
WELL-05,2026-09-08T21:00,435.59,515.12,1182.58,37.61,2358.13,80.47,85.1,1.96,50.29,0
WELL-05,2026-09-08T22:00,426.03,499.71,1172.96,37.86,2364.59,81.73,78.9,1.72,48.87,0
WELL-05,2026-09-08T23:00,436.25,558.55,1280.35,35.53,2334.08,78.31,73.3,1.83,45.85,0
WELL-05,2026-09-09T00:00,453.28,581.82,1283.57,38.76,2284.61,82.55,82.2,1.91,51.46,0
WELL-05,2026-09-09T01:00,482.3,572.68,1187.39,38.31,2342.68,78.3,86.0,1.98,50.77,0
WELL-05,2026-09-09T02:00,431.87,512.34,1186.32,41.13,2425.04,79.09,83.4,2.11,49.96,0
WELL-05,2026-09-09T03:00,491.79,639.95,1301.28,35.71,2422.33,78.34,76.0,1.95,47.7,0
WELL-05,2026-09-09T04:00,468.61,601.2,1282.95,40.47,2416.46,80.88,77.0,1.92,50.92,0
WELL-05,2026-09-09T05:00,418.5,545.71,1303.96,41.14,2318.33,79.13,82.7,1.85,46.29,0
WELL-05,2026-09-09T06:00,416.01,499.51,1200.71,37.25,2260.76,82.76,80.1,2.08,50.35,0
WELL-05,2026-09-09T07:00,480.44,579.58,1206.36,35.72,2377.86,81.72,84.7,2.07,46.26,0
WELL-05,2026-09-09T08:00,437.99,572.79,1307.77,40.71,2363.64,82.68,74.3,1.94,47.47,0
WELL-05,2026-09-09T09:00,427.25,513.81,1202.59,40.88,2263.89,79.9,76.1,1.78,49.97,0
WELL-05,2026-09-09T10:00,479.5,624.31,1302.0,35.15,2326.69,78.46,82.4,1.87,48.94,0
WELL-05,2026-09-09T11:00,490.51,605.31,1234.04,39.43,2284.08,81.82,74.3,1.93,46.13,0
WELL-05,2026-09-09T12:00,482.9,624.58,1293.4,40.26,2263.53,78.61,73.4,1.86,50.39,0
WELL-05,2026-09-09T13:00,478.13,608.31,1272.26,39.66,2303.47,81.0,84.6,1.8,50.21,0
WELL-05,2026-09-09T14:00,461.15,600.89,1303.03,36.13,2410.6,78.48,83.7,1.98,51.25,0
WELL-05,2026-09-09T15:00,423.94,506.93,1195.77,39.15,2314.86,79.33,80.1,1.7,48.5,0
WELL-05,2026-09-09T16:00,450.21,572.36,1271.31,36.52,2391.35,79.11,79.7,1.81,45.87,0
WELL-05,2026-09-09T17:00,434.57,519.63,1195.74,38.62,2311.12,80.88,78.9,1.78,50.15,0
WELL-05,2026-09-09T18:00,458.71,578.01,1260.07,39.76,2282.19,81.47,77.5,1.75,49.83,0
WELL-05,2026-09-09T19:00,482.91,600.6,1243.69,40.84,2430.15,82.11,84.9,2.04,51.03,0
WELL-05,2026-09-09T20:00,465.11,610.28,1312.11,38.62,2419.72,78.87,79.4,2.11,47.09,0
WELL-05,2026-09-09T21:00,424.36,519.78,1224.84,35.0,2322.58,80.88,82.9,2.06,50.56,0
WELL-05,2026-09-09T22:00,464.15,544.27,1172.62,35.73,2268.54,79.83,80.3,2.03,51.17,0
WELL-05,2026-09-09T23:00,488.15,615.93,1261.77,39.84,2428.3,82.31,85.3,1.95,45.99,0
WELL-05,2026-09-10T00:00,488.51,612.73,1254.29,39.28,2420.46,79.23,76.1,1.93,46.47,0
WELL-05,2026-09-10T01:00,492.75,633.89,1286.44,37.8,2347.04,81.73,83.0,1.68,50.63,0
WELL-05,2026-09-10T02:00,490.39,599.57,1222.65,38.17,2400.43,78.43,75.9,1.75,49.56,0
WELL-05,2026-09-10T03:00,434.46,519.6,1195.96,40.67,2385.52,82.61,80.2,1.68,47.58,0
WELL-05,2026-09-10T04:00,473.05,564.88,1194.13,38.67,2428.28,81.49,82.9,1.7,46.92,0
WELL-05,2026-09-10T05:00,438.59,513.15,1169.99,37.32,2386.39,80.18,74.4,1.73,48.6,0
WELL-05,2026-09-10T06:00,440.86,560.32,1270.97,41.34,2310.87,81.9,74.0,1.96,46.04,0
WELL-05,2026-09-10T07:00,468.55,603.21,1287.4,37.8,2366.19,78.56,84.8,1.79,47.84,0
WELL-05,2026-09-10T08:00,421.83,495.95,1175.72,39.15,2283.58,79.5,82.3,2.11,46.5,0
WELL-05,2026-09-10T09:00,438.21,518.4,1182.98,36.7,2304.85,79.05,77.1,2.04,47.41,0
WELL-05,2026-09-10T10:00,477.45,560.67,1174.3,36.14,2421.15,80.33,75.4,2.03,50.24,0
WELL-05,2026-09-10T11:00,482.17,570.86,1183.95,41.11,2404.46,78.5,76.9,2.02,48.34,0
WELL-05,2026-09-10T12:00,484.72,629.45,1298.58,36.35,2375.76,78.43,77.2,1.91,45.96,0
WELL-05,2026-09-10T13:00,474.27,584.91,1233.29,39.41,2264.54,82.38,79.3,1.84,50.3,0
WELL-05,2026-09-10T14:00,485.2,574.0,1183.01,41.14,2320.04,79.11,76.7,2.11,47.55,0
WELL-05,2026-09-10T15:00,422.38,533.59,1263.31,39.28,2332.59,78.09,85.4,1.74,50.73,0
WELL-05,2026-09-10T16:00,443.18,529.2,1194.1,37.19,2261.44,81.73,81.1,1.91,49.41,0
WELL-05,2026-09-10T17:00,471.41,604.95,1283.29,35.15,2426.35,78.62,73.5,1.84,46.73,0
WELL-05,2026-09-10T18:00,418.06,524.13,1253.73,36.09,2291.17,79.86,76.8,1.97,48.62,0
WELL-05,2026-09-10T19:00,467.62,559.45,1196.37,35.96,2364.5,82.28,77.5,1.77,49.18,0
WELL-05,2026-09-10T20:00,427.06,558.42,1307.58,38.18,2296.3,80.75,76.7,2.06,48.05,0
WELL-05,2026-09-10T21:00,425.28,514.89,1210.71,34.79,2418.0,79.86,84.5,1.72,51.4,0
WELL-05,2026-09-10T22:00,418.66,496.15,1185.08,39.1,2315.51,81.72,80.4,1.71,47.63,0
WELL-05,2026-09-10T23:00,424.29,504.34,1188.69,40.24,2437.15,78.65,81.7,1.67,50.81,0
WELL-05,2026-09-11T00:00,422.81,523.3,1237.67,37.79,2383.31,81.06,83.7,1.73,47.37,0
WELL-05,2026-09-11T01:00,427.69,513.08,1199.63,35.46,2397.85,80.98,78.6,2.09,46.26,0
WELL-05,2026-09-11T02:00,477.2,585.38,1226.71,37.51,2257.27,79.74,74.5,1.71,45.76,0
WELL-05,2026-09-11T03:00,435.57,536.18,1230.97,36.66,2352.54,79.01,82.3,1.76,50.92,0
WELL-05,2026-09-11T04:00,488.63,579.94,1186.87,41.04,2328.61,78.44,83.8,1.73,50.67,0
WELL-05,2026-09-11T05:00,420.5,505.72,1202.66,35.29,2278.5,81.93,84.3,2.06,51.48,0
WELL-05,2026-09-11T06:00,494.37,607.79,1229.44,39.14,2430.17,81.83,77.7,1.8,46.74,0
WELL-05,2026-09-11T07:00,447.91,543.37,1213.12,38.85,2277.87,82.44,74.1,1.73,46.51,0
WELL-05,2026-09-11T08:00,446.77,570.0,1275.84,36.8,2331.12,81.39,79.1,2.11,50.02,0
WELL-05,2026-09-11T09:00,479.0,574.18,1198.69,37.37,2338.08,80.16,75.3,2.05,50.52,0
WELL-05,2026-09-11T10:00,463.3,592.54,1278.96,41.21,2356.39,80.68,76.4,2.05,50.27,0
WELL-05,2026-09-11T11:00,474.96,611.43,1287.34,34.85,2262.32,82.03,80.5,2.11,48.09,0
WELL-05,2026-09-11T12:00,461.06,570.18,1236.67,37.79,2313.49,80.29,75.0,1.85,48.9,0
WELL-05,2026-09-11T13:00,491.82,576.36,1171.89,39.48,2403.85,78.16,74.7,1.69,47.26,0
WELL-05,2026-09-11T14:00,422.67,498.88,1180.31,40.55,2305.67,79.71,77.8,2.03,49.29,0
WELL-05,2026-09-11T15:00,417.27,526.39,1261.5,35.98,2267.6,80.1,76.9,1.69,50.1,0
WELL-05,2026-09-11T16:00,473.19,601.42,1270.98,36.54,2362.43,80.61,80.6,1.73,47.68,0
WELL-05,2026-09-11T17:00,436.06,556.46,1276.09,39.66,2324.22,81.85,84.9,1.83,50.14,0
WELL-05,2026-09-11T18:00,473.71,589.01,1243.39,38.43,2256.88,81.83,79.4,1.91,47.3,0
WELL-05,2026-09-11T19:00,447.76,528.16,1179.57,38.18,2441.34,79.64,82.7,1.96,50.31,0
WELL-05,2026-09-11T20:00,473.96,613.84,1295.12,34.89,2399.51,78.49,80.0,2.04,47.1,0
WELL-05,2026-09-11T21:00,494.39,585.06,1183.4,40.18,2384.85,80.99,81.8,1.96,50.44,0
WELL-05,2026-09-11T22:00,442.27,522.17,1180.66,41.14,2263.85,78.67,80.3,1.75,47.38,0
WELL-05,2026-09-11T23:00,438.68,556.69,1269.01,41.3,2379.26,82.07,83.6,1.84,51.02,0
WELL-05,2026-09-12T00:00,460.2,543.93,1181.95,39.12,2350.08,81.42,74.3,2.02,50.23,0
WELL-05,2026-09-12T01:00,455.87,552.4,1211.74,37.61,2327.61,78.47,83.4,1.75,47.99,0
WELL-05,2026-09-12T02:00,437.9,515.7,1177.69,41.37,2320.53,81.49,73.7,1.95,48.42,0
WELL-05,2026-09-12T03:00,493.3,594.72,1205.59,41.01,2329.0,82.66,76.1,1.87,46.29,0
WELL-05,2026-09-12T04:00,482.34,608.24,1261.02,34.75,2266.47,79.04,73.6,1.83,49.05,0
WELL-05,2026-09-12T05:00,446.0,545.34,1222.73,40.16,2303.06,82.37,81.9,1.75,48.94,0
WELL-05,2026-09-12T06:00,428.67,546.67,1275.26,36.7,2431.72,81.59,84.9,1.7,50.67,0
WELL-05,2026-09-12T07:00,484.52,592.06,1221.94,35.53,2295.73,82.06,82.9,2.09,49.12,0
WELL-05,2026-09-12T08:00,434.8,562.66,1294.06,40.98,2269.77,82.19,76.0,1.87,48.27,0
WELL-05,2026-09-12T09:00,485.78,611.79,1259.38,39.25,2292.23,78.35,75.0,1.84,46.37,0
WELL-05,2026-09-12T10:00,452.83,569.46,1257.56,38.54,2315.45,80.19,82.7,2.04,46.55,0
WELL-05,2026-09-12T11:00,416.31,499.17,1199.03,40.1,2328.43,81.58,75.9,1.94,46.25,0
WELL-05,2026-09-12T12:00,453.17,589.52,1300.88,36.67,2363.18,79.56,78.6,1.79,49.65,0
WELL-05,2026-09-12T13:00,440.48,577.3,1310.61,37.01,2334.37,81.81,85.3,2.03,47.41,0
WELL-05,2026-09-12T14:00,472.06,594.32,1258.99,35.8,2420.57,78.74,84.3,2.04,48.22,0
WELL-05,2026-09-12T15:00,418.63,495.36,1183.3,37.86,2325.53,80.43,74.7,1.79,47.1,0
WELL-05,2026-09-12T16:00,452.87,570.89,1260.61,36.69,2423.15,78.56,84.8,2.01,47.25,0
WELL-05,2026-09-12T17:00,436.93,573.96,1313.63,38.28,2335.09,80.57,83.0,1.74,49.75,0
WELL-05,2026-09-12T18:00,451.45,559.52,1239.38,39.32,2342.73,80.46,83.3,1.97,47.66,0
WELL-05,2026-09-12T19:00,495.45,604.93,1220.98,36.93,2343.66,82.11,75.1,1.91,50.86,0
WELL-05,2026-09-12T20:00,476.85,625.72,1312.18,39.88,2263.55,80.95,85.7,1.84,51.44,0
WELL-05,2026-09-12T21:00,468.62,599.04,1278.3,36.7,2414.95,81.89,84.0,1.68,49.46,0
WELL-05,2026-09-12T22:00,474.81,602.16,1268.2,39.73,2419.57,78.53,77.6,1.85,47.54,0
WELL-05,2026-09-12T23:00,450.99,546.89,1212.64,41.38,2280.14,81.4,73.9,1.84,46.75,0
WELL-05,2026-09-13T00:00,437.9,554.32,1265.88,35.76,2434.78,78.79,84.2,2.09,46.49,0
WELL-05,2026-09-13T01:00,435.92,524.99,1204.33,40.14,2385.41,82.12,76.0,1.75,50.92,0
WELL-05,2026-09-13T02:00,463.74,595.24,1283.58,39.24,2391.53,80.06,78.7,1.75,47.84,0
WELL-05,2026-09-13T03:00,430.87,544.79,1264.41,35.54,2418.41,79.1,79.5,1.87,50.61,0
WELL-05,2026-09-13T04:00,463.86,567.88,1224.25,35.4,2391.62,81.84,83.9,1.94,49.35,0
WELL-05,2026-09-13T05:00,461.23,590.66,1280.61,35.67,2318.74,82.1,82.7,1.84,49.96,0
WELL-05,2026-09-13T06:00,451.7,553.46,1225.29,35.0,2412.4,78.46,82.8,1.72,47.6,0
WELL-05,2026-09-13T07:00,419.4,514.0,1225.57,40.31,2433.17,81.89,82.5,1.86,49.1,0
WELL-05,2026-09-13T08:00,470.45,612.66,1302.28,37.52,2387.19,78.9,73.6,1.71,46.66,0
WELL-05,2026-09-13T09:00,493.69,607.06,1229.65,38.49,2331.44,82.8,82.5,1.74,46.29,0
WELL-05,2026-09-13T10:00,425.62,522.52,1227.69,37.53,2429.17,82.86,77.3,1.73,49.43,0
WELL-05,2026-09-13T11:00,445.48,566.05,1270.65,35.03,2392.02,78.91,84.2,2.06,49.52,0
WELL-05,2026-09-13T12:00,429.78,509.89,1186.4,34.97,2381.04,82.84,77.5,1.71,48.89,0
WELL-05,2026-09-13T13:00,448.98,560.33,1248.03,35.07,2438.21,82.9,74.0,2.03,46.2,0
WELL-05,2026-09-13T14:00,434.57,526.26,1210.98,39.84,2375.76,78.37,81.0,1.8,46.63,0
WELL-05,2026-09-13T15:00,460.22,538.13,1169.27,41.32,2317.09,81.71,82.1,1.91,46.84,0
WELL-05,2026-09-13T16:00,420.6,515.94,1226.69,40.14,2413.2,82.65,74.3,1.74,46.31,0
WELL-05,2026-09-13T17:00,421.67,512.85,1216.21,40.93,2407.86,81.43,80.6,2.09,45.79,0
WELL-05,2026-09-13T18:00,457.79,603.01,1317.22,38.3,2401.66,81.35,79.3,1.83,48.8,0
WELL-05,2026-09-13T19:00,454.07,538.77,1186.53,39.86,2379.62,80.56,80.2,2.03,50.31,0
WELL-05,2026-09-13T20:00,430.98,506.81,1175.95,37.53,2331.43,81.86,85.2,1.89,45.77,0
WELL-05,2026-09-13T21:00,491.15,599.75,1221.11,40.91,2434.2,81.34,78.1,1.93,50.61,0
WELL-05,2026-09-13T22:00,462.58,593.97,1284.04,34.7,2423.38,81.89,75.5,1.8,48.5,0
WELL-05,2026-09-13T23:00,453.03,568.69,1255.31,34.73,2274.9,79.38,85.3,1.94,50.26,0
WELL-05,2026-09-14T00:00,446.11,531.41,1191.21,39.68,2310.26,79.25,77.8,1.98,46.17,0
WELL-05,2026-09-14T01:00,416.18,510.36,1226.28,35.88,2334.97,79.3,83.9,2.01,50.07,0
WELL-05,2026-09-14T02:00,420.36,521.48,1240.54,39.65,2381.68,81.7,81.3,1.86,47.03,0
WELL-05,2026-09-14T03:00,456.43,552.56,1210.6,38.61,2281.17,80.88,83.8,2.07,49.98,0
WELL-05,2026-09-14T04:00,470.52,573.7,1219.29,35.71,2346.52,79.79,76.4,1.85,47.41,0
WELL-05,2026-09-14T05:00,479.2,573.02,1195.78,41.38,2381.39,80.84,76.8,1.78,45.99,0
WELL-05,2026-09-14T06:00,486.0,609.47,1254.05,38.41,2323.55,79.37,85.2,2.01,50.06,0
WELL-05,2026-09-14T07:00,419.74,535.9,1276.74,35.77,2391.35,78.27,75.4,1.77,51.21,0
WELL-05,2026-09-14T08:00,470.01,595.49,1266.97,39.38,2346.9,78.81,85.0,1.79,47.97,0
WELL-05,2026-09-14T09:00,458.3,571.98,1248.06,35.87,2283.52,81.19,80.8,1.67,51.07,0
WELL-05,2026-09-14T10:00,449.39,582.52,1296.25,37.32,2369.15,78.41,73.5,2.11,46.04,0
WELL-05,2026-09-14T11:00,473.88,623.61,1315.98,36.53,2327.29,81.31,80.1,2.0,47.68,0
WELL-05,2026-09-14T12:00,488.53,596.45,1220.9,35.69,2294.81,82.65,74.8,1.96,47.08,0
WELL-05,2026-09-14T13:00,439.43,573.83,1305.84,40.56,2433.68,79.69,76.7,1.82,47.7,0
WELL-05,2026-09-14T14:00,441.62,544.78,1233.58,38.93,2373.87,81.17,73.6,1.79,47.06,0
WELL-05,2026-09-14T15:00,477.09,627.61,1315.49,41.17,2303.14,79.03,77.9,2.02,50.72,0
WELL-05,2026-09-14T16:00,453.07,578.29,1276.38,39.86,2387.05,78.36,75.6,1.87,46.54,0
WELL-05,2026-09-14T17:00,471.96,580.31,1229.56,37.68,2262.41,80.54,84.4,1.85,47.86,0
WELL-05,2026-09-14T18:00,424.79,502.19,1182.2,34.95,2323.42,80.32,81.1,1.74,47.45,0
WELL-05,2026-09-14T19:00,455.75,573.36,1258.07,38.04,2419.6,79.39,85.4,2.09,51.56,0
WELL-05,2026-09-14T20:00,439.21,542.49,1235.15,39.2,2266.37,79.96,79.0,2.03,51.48,0
WELL-05,2026-09-14T21:00,458.3,556.94,1215.24,38.62,2313.34,81.8,85.6,2.0,49.53,0
WELL-05,2026-09-14T22:00,434.52,566.13,1302.9,41.01,2323.04,80.09,78.7,1.8,46.72,0
WELL-05,2026-09-14T23:00,457.47,546.09,1193.72,39.21,2388.68,79.21,85.7,1.75,51.41,0
WELL-05,2026-09-15T00:00,444.67,556.25,1250.93,40.86,2260.13,80.9,85.9,1.71,48.44,0
WELL-05,2026-09-15T01:00,471.51,557.9,1183.23,36.74,2283.63,82.71,76.2,1.97,46.16,0
WELL-05,2026-09-15T02:00,420.71,544.67,1294.65,39.3,2322.74,82.59,79.0,2.02,48.4,0
WELL-05,2026-09-15T03:00,457.5,550.76,1203.84,38.6,2361.6,80.73,80.5,1.72,47.58,0
WELL-05,2026-09-15T04:00,443.1,567.36,1280.43,39.33,2299.78,78.48,77.1,1.81,47.61,0
WELL-05,2026-09-15T05:00,476.08,616.07,1294.04,40.69,2318.75,82.59,83.2,1.98,49.55,0
WELL-05,2026-09-15T06:00,486.81,593.37,1218.9,36.52,2372.36,81.74,75.8,1.75,50.22,0
WELL-05,2026-09-15T07:00,471.89,585.7,1241.18,35.78,2437.12,78.94,83.0,1.68,50.55,0
WELL-05,2026-09-15T08:00,430.23,554.55,1288.94,35.11,2422.22,78.51,82.6,1.67,51.02,0
WELL-05,2026-09-15T09:00,446.6,569.93,1276.16,36.76,2350.21,79.56,84.0,1.77,51.28,0
WELL-05,2026-09-15T10:00,468.05,602.55,1287.36,38.61,2379.53,78.39,81.2,1.81,49.47,0
WELL-05,2026-09-15T11:00,476.3,622.93,1307.84,37.05,2276.37,82.79,85.4,1.81,49.19,0
WELL-05,2026-09-15T12:00,426.58,521.21,1221.83,36.24,2418.54,80.71,75.7,1.86,47.25,0
WELL-05,2026-09-15T13:00,474.94,586.82,1235.57,39.28,2274.78,81.4,77.5,1.94,46.3,0
WELL-05,2026-09-15T14:00,476.73,593.03,1243.95,41.41,2319.03,78.71,76.2,1.7,50.52,0
WELL-05,2026-09-15T15:00,491.47,647.62,1317.72,39.76,2414.79,82.01,74.4,1.92,48.38,0
WELL-05,2026-09-15T16:00,474.01,599.66,1265.08,38.23,2438.21,80.67,84.3,1.87,47.27,0
WELL-05,2026-09-15T17:00,470.73,610.74,1297.42,35.98,2326.72,82.33,80.4,1.87,51.07,0
WELL-05,2026-09-15T18:00,478.48,570.24,1191.78,37.67,2370.12,80.54,75.9,1.73,46.36,0
WELL-05,2026-09-15T19:00,417.67,526.88,1261.47,36.13,2352.38,80.7,78.2,1.95,45.94,0
WELL-05,2026-09-15T20:00,460.31,557.27,1210.64,37.91,2442.38,82.51,83.5,2.03,50.5,0
WELL-05,2026-09-15T21:00,473.71,568.49,1200.08,35.32,2354.01,80.14,79.5,1.71,51.11,0
WELL-05,2026-09-15T22:00,477.14,586.78,1229.77,41.25,2382.22,80.7,79.0,1.81,50.33,0
WELL-05,2026-09-15T23:00,450.54,533.59,1184.33,37.27,2363.95,82.3,81.8,1.97,48.57,0
WELL-05,2026-09-16T00:00,472.06,619.93,1313.23,35.31,2443.37,82.39,76.3,1.69,45.95,0
WELL-05,2026-09-16T01:00,427.88,510.58,1193.29,35.96,2439.35,79.19,76.8,2.06,47.86,0
WELL-05,2026-09-16T02:00,431.64,526.43,1219.61,39.05,2393.46,81.18,84.0,1.97,50.84,0
WELL-05,2026-09-16T03:00,479.74,616.81,1285.72,37.39,2354.2,79.87,83.9,1.97,48.48,0
WELL-05,2026-09-16T04:00,467.13,582.24,1246.41,38.83,2372.02,82.43,82.0,2.06,49.7,0
WELL-05,2026-09-16T05:00,471.39,556.51,1180.58,34.63,2436.13,81.05,79.8,1.72,51.43,0
WELL-05,2026-09-16T06:00,441.49,532.62,1206.43,38.9,2324.87,79.19,85.9,1.71,51.03,0
WELL-05,2026-09-16T07:00,473.58,581.89,1228.7,36.99,2308.25,78.74,77.6,1.94,49.0,0
WELL-05,2026-09-16T08:00,438.92,519.53,1183.66,36.85,2339.88,78.26,81.6,1.76,49.94,0
WELL-05,2026-09-16T09:00,482.46,590.24,1223.39,37.51,2338.03,78.56,81.4,1.83,48.64,0
WELL-05,2026-09-16T10:00,442.36,549.81,1242.91,35.3,2442.83,78.71,77.8,1.96,47.38,0
WELL-05,2026-09-16T11:00,478.85,618.87,1292.4,36.04,2321.49,82.54,79.5,1.98,49.66,0
WELL-05,2026-09-16T12:00,458.41,573.08,1250.13,38.39,2279.26,82.51,82.5,1.89,47.51,0
WELL-05,2026-09-16T13:00,458.23,588.83,1285.01,37.93,2256.58,81.72,84.0,2.1,48.94,0
WELL-05,2026-09-16T14:00,419.1,534.22,1274.7,36.82,2400.41,78.94,85.2,1.69,50.74,0
WELL-05,2026-09-16T15:00,486.46,631.51,1298.18,36.2,2410.9,80.71,78.4,1.78,48.19,0
WELL-05,2026-09-16T16:00,423.86,512.4,1208.88,37.1,2347.42,78.45,84.5,2.02,51.47,0
WELL-05,2026-09-16T17:00,430.3,563.42,1309.38,36.87,2365.76,81.54,85.0,2.05,49.82,0
WELL-05,2026-09-16T18:00,469.84,552.38,1175.67,36.4,2282.22,82.78,73.4,1.94,46.51,0
WELL-05,2026-09-16T19:00,489.23,584.04,1193.78,37.11,2426.46,79.47,82.8,1.9,48.08,0
WELL-05,2026-09-16T20:00,485.68,615.19,1266.65,37.71,2292.13,82.06,78.5,1.9,49.61,0
WELL-05,2026-09-16T21:00,423.53,544.51,1285.64,39.55,2316.21,82.27,84.0,2.09,50.8,0
WELL-05,2026-09-16T22:00,435.22,536.0,1231.58,37.07,2282.5,79.43,79.4,1.94,47.0,0
WELL-05,2026-09-16T23:00,420.12,550.73,1310.88,37.03,2371.17,81.05,76.2,1.74,48.84,0
WELL-05,2026-09-17T00:00,422.79,506.75,1198.58,35.79,2344.78,79.27,81.8,1.93,49.45,0
WELL-05,2026-09-17T01:00,490.94,627.52,1278.21,40.34,2335.33,79.12,81.7,1.76,45.83,0
WELL-05,2026-09-17T02:00,461.64,597.45,1294.18,38.43,2278.36,79.33,74.9,1.88,48.95,0
WELL-05,2026-09-17T03:00,490.76,622.07,1267.56,38.29,2406.35,81.66,81.2,1.79,51.04,0
WELL-05,2026-09-17T04:00,496.54,588.24,1184.68,34.62,2357.6,80.36,82.2,1.87,50.83,0
WELL-05,2026-09-17T05:00,432.83,507.56,1172.65,36.65,2419.47,82.78,79.8,1.85,51.16,0
WELL-05,2026-09-17T06:00,477.85,575.6,1204.58,36.37,2423.11,79.87,77.3,1.85,50.86,0
WELL-05,2026-09-17T07:00,484.24,629.34,1299.64,36.12,2328.5,82.89,82.6,1.85,51.43,0
WELL-05,2026-09-17T08:00,482.99,590.26,1222.1,36.93,2331.66,80.67,78.3,1.78,49.21,0
WELL-05,2026-09-17T09:00,460.28,601.93,1307.76,39.9,2409.95,80.54,81.6,1.76,51.57,0
WELL-05,2026-09-17T10:00,450.32,575.23,1277.39,39.85,2367.19,81.59,75.4,2.11,46.54,0
WELL-05,2026-09-17T11:00,445.63,584.72,1312.12,35.94,2350.4,82.76,74.8,1.99,47.55,0
WELL-05,2026-09-17T12:00,491.7,625.58,1272.27,38.97,2322.75,81.92,83.6,2.12,49.83,0
WELL-05,2026-09-17T13:00,474.7,573.65,1208.44,37.3,2324.85,81.63,75.3,1.98,46.85,0
WELL-05,2026-09-17T14:00,492.48,602.66,1223.71,35.9,2347.01,80.28,83.7,2.04,51.33,0
WELL-05,2026-09-17T15:00,430.08,533.84,1241.28,38.43,2408.84,81.9,74.9,2.09,50.49,0
WELL-05,2026-09-17T16:00,475.23,576.75,1213.62,37.88,2299.28,78.19,84.1,2.01,47.45,0
WELL-05,2026-09-17T17:00,450.77,556.14,1233.77,35.4,2401.0,78.58,80.8,2.08,50.2,0
WELL-05,2026-09-17T18:00,480.08,581.32,1210.88,36.52,2288.41,82.24,79.3,1.9,48.81,0
WELL-05,2026-09-17T19:00,435.64,530.0,1216.6,41.31,2287.43,78.57,81.9,1.82,46.6,0
WELL-05,2026-09-17T20:00,471.56,590.34,1251.89,41.38,2420.36,78.19,73.3,1.9,49.36,0
WELL-05,2026-09-17T21:00,488.58,597.29,1222.49,39.54,2268.36,82.23,73.7,2.06,49.01,0
WELL-05,2026-09-17T22:00,461.63,607.86,1316.76,38.21,2413.96,81.35,81.7,1.76,45.88,0
WELL-05,2026-09-17T23:00,419.72,521.23,1241.85,41.19,2349.45,82.5,75.0,1.9,49.08,0
WELL-05,2026-09-18T00:00,428.57,562.53,1312.58,39.4,2371.76,80.35,75.0,2.02,45.8,0
WELL-05,2026-09-18T01:00,444.83,546.73,1229.07,41.22,2337.71,79.84,82.2,1.97,47.07,0
WELL-05,2026-09-18T02:00,446.53,550.33,1232.45,35.34,2272.21,79.58,85.7,2.01,49.36,0
WELL-05,2026-09-18T03:00,429.76,517.52,1204.19,35.95,2286.93,80.0,81.7,1.69,48.34,0
WELL-05,2026-09-18T04:00,492.16,643.39,1307.28,40.08,2350.02,80.59,85.0,1.74,51.37,0
WELL-05,2026-09-18T05:00,426.66,561.93,1317.06,37.36,2258.91,81.93,77.6,1.98,50.88,0
WELL-05,2026-09-18T06:00,415.94,488.58,1174.65,36.99,2417.92,80.3,77.6,2.1,50.69,0
WELL-05,2026-09-18T07:00,415.55,511.06,1229.83,35.11,2400.71,78.96,84.5,1.94,46.38,0
WELL-05,2026-09-18T08:00,424.78,532.76,1254.2,36.33,2405.31,82.12,83.6,2.11,48.57,0
WELL-05,2026-09-18T09:00,436.02,531.24,1218.39,39.47,2397.42,80.7,76.5,2.11,51.44,0
WELL-05,2026-09-18T10:00,427.34,529.71,1239.57,39.11,2274.08,78.94,79.2,1.79,46.12,0
WELL-05,2026-09-18T11:00,489.7,600.34,1225.94,38.43,2332.67,81.55,77.7,1.98,45.78,0
WELL-05,2026-09-18T12:00,438.94,551.97,1257.48,35.29,2435.68,80.71,83.5,2.04,46.56,0
WELL-05,2026-09-18T13:00,483.57,569.72,1178.17,36.05,2352.18,79.22,76.9,1.69,48.68,0
WELL-05,2026-09-18T14:00,493.48,641.85,1300.65,40.06,2389.95,81.69,76.7,2.01,48.79,0
WELL-05,2026-09-18T15:00,473.37,561.78,1186.77,36.78,2304.62,82.37,81.4,1.99,47.97,0
WELL-05,2026-09-18T16:00,495.24,619.82,1251.57,39.81,2379.66,79.09,80.5,1.73,49.61,0
WELL-05,2026-09-18T17:00,456.82,581.09,1272.05,40.85,2388.5,79.25,75.7,1.87,47.36,0
WELL-05,2026-09-18T18:00,463.64,600.45,1295.08,35.45,2365.06,79.98,81.1,1.89,49.97,0
WELL-05,2026-09-18T19:00,430.77,510.16,1184.31,35.22,2296.66,82.1,73.5,1.74,46.48,0
WELL-05,2026-09-18T20:00,472.02,589.17,1248.2,38.04,2402.28,80.28,84.0,1.78,48.86,0
WELL-05,2026-09-18T21:00,444.57,540.32,1215.39,37.21,2258.13,79.52,81.9,1.98,47.38,0
WELL-05,2026-09-18T22:00,433.15,522.08,1205.3,36.7,2317.15,82.37,78.0,1.91,51.59,0
WELL-05,2026-09-18T23:00,496.65,594.46,1196.95,39.74,2359.39,82.9,81.8,1.68,49.03,0
WELL-05,2026-09-19T00:00,484.79,567.07,1169.73,40.01,2355.58,78.57,83.0,2.06,48.75,0
WELL-05,2026-09-19T01:00,457.21,576.48,1260.87,39.93,2277.89,78.37,75.6,2.0,48.01,0
WELL-05,2026-09-19T02:00,449.68,531.03,1180.93,35.46,2347.09,82.86,85.6,1.91,47.17,0
WELL-05,2026-09-19T03:00,454.47,545.16,1199.56,35.16,2349.18,81.3,75.1,1.93,49.84,0
WELL-05,2026-09-19T04:00,441.17,568.5,1288.6,38.79,2278.52,79.02,84.6,1.84,47.09,0
WELL-05,2026-09-19T05:00,465.64,547.14,1175.05,37.16,2404.67,80.7,77.7,1.93,47.72,0
WELL-05,2026-09-19T06:00,471.88,554.68,1175.46,39.28,2259.39,78.36,75.5,1.8,50.56,0
WELL-05,2026-09-19T07:00,439.0,516.57,1176.69,41.11,2320.66,79.79,75.8,2.0,48.22,0
WELL-05,2026-09-19T08:00,459.57,558.33,1214.9,40.08,2354.98,78.16,85.3,1.9,50.75,0
WELL-05,2026-09-19T09:00,444.05,573.81,1292.24,41.14,2307.88,80.18,81.7,2.09,51.35,0
WELL-05,2026-09-19T10:00,459.45,596.89,1299.14,38.59,2409.6,79.64,85.2,1.89,46.03,0
WELL-05,2026-09-19T11:00,472.69,582.93,1233.23,34.82,2347.23,81.06,75.9,2.03,50.74,0
WELL-05,2026-09-19T12:00,475.06,588.94,1239.7,38.07,2309.89,79.13,77.9,1.97,47.81,0
WELL-05,2026-09-19T13:00,439.96,529.32,1203.1,37.12,2440.76,81.77,76.6,1.75,48.5,0
WELL-05,2026-09-19T14:00,485.76,629.0,1294.88,34.9,2317.1,79.3,79.3,1.83,49.03,0
WELL-05,2026-09-19T15:00,456.45,563.66,1234.89,34.73,2435.93,80.29,83.8,2.1,48.63,0
WELL-05,2026-09-19T16:00,441.43,538.87,1220.74,39.17,2362.21,82.37,78.6,2.05,49.13,0
WELL-05,2026-09-19T17:00,492.86,584.66,1186.26,41.21,2319.93,80.36,83.3,1.67,51.06,0
WELL-05,2026-09-19T18:00,423.84,496.16,1170.64,40.6,2395.67,81.91,76.1,1.86,51.6,0
WELL-05,2026-09-19T19:00,487.97,619.91,1270.38,39.05,2324.76,82.03,84.4,1.73,46.17,0
WELL-05,2026-09-19T20:00,478.53,561.18,1172.73,38.34,2274.03,79.32,75.1,1.96,46.36,0
WELL-05,2026-09-19T21:00,482.57,582.15,1206.36,39.82,2413.85,80.03,74.0,1.72,48.36,0
WELL-05,2026-09-19T22:00,441.72,525.07,1188.69,37.9,2431.34,81.91,79.2,2.08,48.35,0
WELL-05,2026-09-19T23:00,429.81,550.83,1281.57,41.14,2422.86,78.09,75.7,2.08,47.35,0
WELL-05,2026-09-20T00:00,482.08,629.73,1306.27,36.24,2356.63,81.47,85.9,1.88,50.14,0
WELL-05,2026-09-20T01:00,481.13,564.91,1174.14,40.21,2382.56,80.32,82.5,1.76,47.79,0
WELL-05,2026-09-20T02:00,436.19,571.36,1309.87,36.6,2380.05,78.92,75.1,1.97,46.84,0
WELL-05,2026-09-20T03:00,488.73,572.42,1171.22,36.48,2298.96,79.36,78.6,1.87,48.21,0
WELL-05,2026-09-20T04:00,459.03,541.6,1179.89,37.22,2410.05,80.66,82.4,2.02,50.17,0
WELL-05,2026-09-20T05:00,494.7,597.48,1207.77,41.04,2359.72,81.07,82.3,1.71,49.37,0
WELL-05,2026-09-20T06:00,432.6,512.05,1183.64,34.71,2317.5,80.56,78.2,1.69,49.14,0
WELL-05,2026-09-20T07:00,494.77,629.47,1272.23,40.82,2330.98,81.67,75.2,1.67,50.22,0
WELL-05,2026-09-20T08:00,476.08,595.95,1251.78,35.68,2306.51,78.77,82.8,1.97,47.59,0
WELL-05,2026-09-20T09:00,484.89,636.78,1313.24,36.09,2427.9,78.8,76.7,2.05,47.35,0
WELL-05,2026-09-20T10:00,440.02,562.94,1279.36,36.29,2442.29,78.26,79.9,1.77,46.07,0
WELL-05,2026-09-20T11:00,462.31,569.52,1231.9,40.17,2412.9,80.35,83.3,1.9,50.43,0
WELL-05,2026-09-20T12:00,429.17,554.8,1292.73,38.93,2396.37,78.73,82.5,1.83,49.5,0
WELL-05,2026-09-20T13:00,491.89,623.7,1267.97,35.94,2326.5,81.56,78.2,1.88,48.4,0
WELL-05,2026-09-20T14:00,423.46,513.77,1213.26,35.28,2334.42,79.3,73.9,1.73,46.82,0
WELL-05,2026-09-20T15:00,440.47,550.26,1249.25,37.89,2368.52,78.49,81.7,1.87,46.35,0
WELL-05,2026-09-20T16:00,444.31,532.8,1199.14,41.27,2388.22,80.38,85.3,1.69,47.93,0
WELL-05,2026-09-20T17:00,471.21,553.1,1173.79,38.8,2265.65,81.01,77.7,1.8,51.4,0
WELL-05,2026-09-20T18:00,473.58,614.48,1297.52,39.91,2328.64,78.7,79.2,2.06,46.37,0
WELL-05,2026-09-20T19:00,487.68,591.48,1212.84,36.19,2428.36,82.9,85.9,1.88,46.31,0
WELL-05,2026-09-20T20:00,476.23,583.46,1225.16,38.03,2346.05,80.84,80.1,1.78,46.86,0
WELL-05,2026-09-20T21:00,493.29,597.55,1211.34,34.9,2318.36,81.65,81.2,2.0,49.71,0
WELL-05,2026-09-20T22:00,469.8,564.65,1201.91,39.4,2273.57,78.67,81.5,2.08,49.25,0
WELL-05,2026-09-20T23:00,431.05,533.21,1237.01,37.41,2333.73,81.81,85.7,2.07,46.95,0
WELL-05,2026-09-21T00:00,415.45,528.12,1271.2,40.82,2442.12,79.73,79.6,1.98,50.98,0
WELL-05,2026-09-21T01:00,487.48,581.95,1193.79,36.12,2317.94,81.86,81.9,1.84,49.37,0
WELL-05,2026-09-21T02:00,464.76,550.58,1184.66,39.59,2282.65,81.2,76.6,1.89,47.69,0
WELL-05,2026-09-21T03:00,493.11,630.77,1279.17,39.3,2434.85,79.13,79.0,1.71,45.8,0
WELL-05,2026-09-21T04:00,429.61,504.16,1173.53,36.18,2310.18,78.55,81.0,2.07,48.46,0
WELL-05,2026-09-21T05:00,422.56,553.25,1309.27,39.54,2274.3,81.46,81.3,1.73,48.03,0
WELL-05,2026-09-21T06:00,423.46,520.27,1228.6,39.15,2370.3,81.45,82.0,1.8,48.48,0
WELL-05,2026-09-21T07:00,433.11,526.21,1214.95,38.8,2299.48,82.59,83.6,1.85,46.37,0
WELL-05,2026-09-21T08:00,433.83,561.4,1294.04,37.38,2434.77,79.35,77.0,2.04,48.77,0
WELL-05,2026-09-21T09:00,437.63,557.98,1275.0,36.38,2337.72,78.38,75.5,1.91,47.33,0
WELL-05,2026-09-21T10:00,484.52,569.45,1175.28,35.61,2416.18,80.68,85.1,1.9,47.69,0
WELL-05,2026-09-21T11:00,421.92,498.81,1182.26,35.05,2337.81,78.12,79.5,1.78,47.05,0
WELL-05,2026-09-21T12:00,466.27,549.17,1177.8,34.91,2386.31,81.86,79.1,2.07,50.02,0
WELL-05,2026-09-21T13:00,460.16,576.44,1252.69,40.47,2287.05,81.34,77.5,1.76,46.54,0
WELL-05,2026-09-21T14:00,442.79,575.61,1299.94,36.48,2368.21,81.28,74.8,1.8,51.51,0
WELL-05,2026-09-21T15:00,469.51,615.37,1310.65,36.21,2369.75,80.75,84.4,2.05,48.32,0
WELL-05,2026-09-21T16:00,439.03,577.86,1316.21,36.02,2278.73,81.22,75.2,1.68,46.92,0
WELL-05,2026-09-21T17:00,492.72,621.29,1260.93,36.9,2298.51,82.22,74.3,2.06,48.17,0
WELL-05,2026-09-21T18:00,483.21,626.06,1295.63,41.38,2366.62,80.64,78.9,1.7,50.41,0
WELL-05,2026-09-21T19:00,435.23,512.05,1176.49,35.05,2280.25,80.55,75.0,2.06,45.97,0
WELL-05,2026-09-21T20:00,432.01,559.72,1295.63,39.26,2264.6,81.95,84.1,1.99,48.7,0
WELL-05,2026-09-21T21:00,487.09,637.8,1309.41,39.33,2346.53,80.39,80.7,2.11,46.18,0
WELL-05,2026-09-21T22:00,484.17,624.88,1290.62,35.16,2320.69,80.09,74.7,1.78,48.03,0
WELL-05,2026-09-21T23:00,450.73,543.45,1205.7,38.29,2411.68,79.14,82.6,1.73,50.4,0
WELL-05,2026-09-22T00:00,493.71,601.44,1218.2,41.16,2333.73,79.17,83.7,2.02,49.56,0
WELL-05,2026-09-22T01:00,445.33,579.74,1301.81,35.2,2334.31,82.81,79.8,1.7,47.6,0
WELL-05,2026-09-22T02:00,445.28,556.8,1250.47,35.23,2291.82,82.08,77.0,1.78,47.53,0
WELL-05,2026-09-22T03:00,454.2,594.18,1308.19,35.47,2369.07,81.1,77.3,1.99,45.91,0
WELL-05,2026-09-22T04:00,495.23,634.64,1281.51,34.77,2277.6,81.23,85.9,1.75,48.4,0
WELL-05,2026-09-22T05:00,433.79,560.05,1291.06,35.46,2335.81,81.4,77.5,1.94,48.27,0
WELL-05,2026-09-22T06:00,444.8,564.04,1268.07,38.31,2368.43,82.78,77.0,1.68,46.02,0
WELL-05,2026-09-22T07:00,443.36,528.62,1192.31,34.71,2391.98,82.4,85.7,1.9,45.82,0
WELL-05,2026-09-22T08:00,495.06,594.25,1200.34,39.4,2326.39,81.33,78.7,2.02,51.37,0
WELL-05,2026-09-22T09:00,458.91,579.89,1263.63,40.01,2317.73,79.4,79.4,1.69,51.26,0
WELL-05,2026-09-22T10:00,492.88,622.92,1263.85,35.53,2417.92,82.42,83.2,1.85,49.7,0
WELL-05,2026-09-22T11:00,483.35,616.5,1275.48,39.81,2397.45,82.17,83.7,2.05,47.32,0
WELL-05,2026-09-22T12:00,475.64,588.99,1238.31,35.24,2429.01,79.59,79.8,1.76,50.37,0
WELL-05,2026-09-22T13:00,428.28,529.11,1235.41,41.42,2401.44,82.04,81.9,1.78,48.99,0
WELL-05,2026-09-22T14:00,426.86,527.5,1235.77,38.76,2389.37,80.21,79.0,1.68,48.53,0
WELL-05,2026-09-22T15:00,419.97,548.57,1306.23,36.27,2373.82,82.35,75.3,1.79,51.14,0
WELL-05,2026-09-22T16:00,419.46,499.66,1191.19,36.93,2270.58,80.91,84.1,1.73,48.64,0
WELL-05,2026-09-22T17:00,483.29,580.1,1200.32,40.72,2415.18,79.9,76.3,2.04,45.89,0
WELL-05,2026-09-22T18:00,455.61,558.44,1225.69,35.06,2429.58,81.79,82.6,2.09,47.6,0
WELL-05,2026-09-22T19:00,496.11,581.93,1172.97,37.15,2313.46,81.14,83.6,1.71,51.57,0
WELL-05,2026-09-22T20:00,455.05,552.21,1213.52,40.04,2318.52,78.84,83.5,1.91,46.51,0
WELL-05,2026-09-22T21:00,427.06,545.28,1276.81,40.85,2287.14,79.07,80.5,2.01,46.27,0
WELL-05,2026-09-22T22:00,474.27,585.4,1234.32,38.19,2421.4,82.07,80.0,2.02,50.13,0
WELL-05,2026-09-22T23:00,463.92,571.71,1232.36,35.3,2359.85,79.89,83.3,1.82,48.3,0
WELL-05,2026-09-23T00:00,436.13,535.31,1227.4,37.06,2361.92,80.64,74.4,1.83,51.57,0
WELL-05,2026-09-23T01:00,435.38,536.65,1232.61,41.41,2340.37,82.28,84.1,1.99,48.45,0
WELL-05,2026-09-23T02:00,440.92,552.44,1252.94,38.24,2391.88,81.3,78.4,1.7,46.3,0
WELL-05,2026-09-23T03:00,488.48,607.46,1243.55,40.78,2362.53,79.36,80.6,1.77,48.33,0
WELL-05,2026-09-23T04:00,494.39,597.55,1208.66,38.21,2389.73,78.77,75.3,2.0,46.34,0
WELL-05,2026-09-23T05:00,456.99,545.31,1193.26,40.86,2259.34,78.36,79.3,2.1,50.05,0
WELL-05,2026-09-23T06:00,484.72,627.04,1293.62,40.98,2301.61,81.03,78.4,2.04,49.65,0
WELL-05,2026-09-23T07:00,466.66,613.12,1313.86,39.82,2367.29,80.8,85.1,1.69,51.03,0
WELL-05,2026-09-23T08:00,480.84,609.63,1267.85,40.38,2431.61,79.91,82.2,1.72,48.81,0
WELL-05,2026-09-23T09:00,427.62,554.76,1297.33,35.29,2371.56,79.64,79.8,2.02,46.94,0
WELL-05,2026-09-23T10:00,487.77,602.14,1234.48,39.85,2311.69,80.2,85.3,1.91,45.84,0
WELL-05,2026-09-23T11:00,490.51,641.26,1307.33,39.06,2309.69,80.98,77.0,2.08,46.06,0
WELL-05,2026-09-23T12:00,438.14,546.68,1247.73,39.14,2388.73,80.44,83.5,1.89,46.99,0
WELL-05,2026-09-23T13:00,420.93,510.59,1213.01,35.73,2375.0,78.65,73.5,2.01,51.34,0
WELL-05,2026-09-23T14:00,457.13,597.14,1306.28,40.71,2391.38,79.53,73.7,1.69,46.52,0
WELL-05,2026-09-23T15:00,477.16,583.45,1222.76,40.65,2369.24,82.56,74.3,1.72,46.12,0
WELL-05,2026-09-23T16:00,432.75,563.12,1301.26,40.29,2273.5,79.49,77.4,1.76,51.34,0
WELL-05,2026-09-23T17:00,433.26,529.6,1222.37,39.21,2405.25,81.35,78.2,1.86,47.48,0
WELL-05,2026-09-23T18:00,452.31,529.61,1170.9,40.99,2302.4,80.29,85.2,1.72,50.02,0
WELL-05,2026-09-23T19:00,470.6,581.37,1235.39,36.78,2403.94,79.97,75.5,1.89,51.07,0
WELL-05,2026-09-23T20:00,453.42,581.86,1283.27,39.22,2388.8,81.69,81.8,2.0,48.74,0
WELL-05,2026-09-23T21:00,473.27,602.84,1273.79,37.38,2265.24,81.96,82.8,1.98,47.26,0
WELL-05,2026-09-23T22:00,468.57,599.41,1279.21,34.87,2303.22,80.84,83.0,2.08,47.49,0
WELL-05,2026-09-23T23:00,471.51,573.7,1216.74,38.74,2266.89,79.94,84.9,1.71,49.6,0
WELL-05,2026-09-24T00:00,466.46,558.88,1198.15,35.59,2257.56,82.5,79.6,1.8,46.53,0
WELL-05,2026-09-24T01:00,416.94,533.3,1279.06,40.03,2281.26,82.47,78.5,2.0,46.03,0
WELL-05,2026-09-24T02:00,464.37,575.67,1239.7,38.28,2266.32,82.14,80.4,1.78,47.22,0
WELL-05,2026-09-24T03:00,485.7,593.3,1221.53,35.41,2422.01,79.18,76.2,1.89,46.23,0
WELL-05,2026-09-24T04:00,473.29,581.34,1228.28,41.0,2259.83,80.94,85.6,2.03,50.2,0
WELL-05,2026-09-24T05:00,476.25,609.11,1278.98,40.87,2394.68,82.7,80.6,2.06,50.69,0
WELL-05,2026-09-24T06:00,423.13,531.64,1256.45,39.19,2377.81,81.24,85.2,1.72,50.11,0
WELL-05,2026-09-24T07:00,428.72,512.51,1195.43,35.57,2418.79,78.23,79.9,2.04,45.84,0
WELL-05,2026-09-24T08:00,416.53,537.47,1290.34,36.43,2269.86,78.18,79.3,1.73,49.25,0
WELL-05,2026-09-24T09:00,419.92,543.39,1294.05,37.14,2422.09,81.53,79.4,2.02,50.43,0
WELL-05,2026-09-24T10:00,415.84,513.42,1234.64,36.19,2296.48,80.36,76.0,1.85,50.06,0
WELL-05,2026-09-24T11:00,419.68,492.73,1174.06,40.44,2303.3,81.95,81.4,1.89,50.73,0
WELL-05,2026-09-24T12:00,457.98,569.57,1243.66,36.14,2353.19,81.9,81.8,1.94,50.3,0
WELL-05,2026-09-24T13:00,416.63,487.59,1170.3,36.1,2335.95,78.82,76.0,1.69,46.51,0
WELL-05,2026-09-24T14:00,481.09,609.36,1266.61,35.3,2282.92,81.82,84.4,1.71,47.68,0
WELL-05,2026-09-24T15:00,419.97,500.31,1191.32,36.6,2355.52,79.24,81.2,1.67,48.89,0
WELL-05,2026-09-24T16:00,484.27,635.47,1312.23,34.94,2423.18,80.05,80.9,1.93,50.86,0
WELL-05,2026-09-24T17:00,449.1,527.29,1174.11,38.14,2261.81,80.59,84.3,1.87,50.53,0
WELL-05,2026-09-24T18:00,450.35,591.27,1312.92,40.98,2282.18,80.02,85.3,2.01,50.91,0
WELL-05,2026-09-24T19:00,475.32,619.56,1303.45,40.75,2391.17,78.6,82.5,1.68,51.21,0
WELL-05,2026-09-24T20:00,477.0,610.87,1280.64,41.43,2354.44,80.05,78.0,1.79,50.61,0
WELL-05,2026-09-24T21:00,461.85,603.26,1306.17,38.8,2301.31,81.31,74.7,1.9,48.95,0
WELL-05,2026-09-24T22:00,415.79,506.4,1217.91,34.62,2401.4,82.74,80.9,1.75,50.41,0
WELL-05,2026-09-24T23:00,450.78,548.59,1216.96,38.16,2434.04,82.65,81.5,2.0,47.0,0
WELL-05,2026-09-25T00:00,450.53,587.24,1303.44,41.41,2407.22,81.75,75.7,1.95,46.94,0
